Workbook

Sheet Raw
A1: Column1 | B1: Commodity | C1: Edge | D1: Flow (GWh | E1: Share
A2: 3 | B2: Methane | C2: NO', 'DE' | D2: 447490 | E2: 1
A3: 8 | B3: Methane | C3: RS', 'BA' | D3: 5110 | E3: 1
A4: 42 | B4: Methane | C4: DZ', 'ES' | D4: 123041.5 | E4: 1
A5: 66 | B5: Methane | C5: IT', 'SI' | D5: 14231.35 | E5: 1
A6: 83 | B6: Methane | C6: NO', 'DK' | D6: 117384 | E6: 1
A7: 104 | B7: Methane | C7: LT', 'PL' | D7: 21195.258 | E7: 1
A8: 118 | B8: Methane | C8: IT_LNG_imp', 'IT' | D8: 155831.5 | E8: 1
A9: 119 | B9: Methane | C9: IE_LNG_imp', 'IE' | D9: 25402 | E9: 1
A10: 120 | B10: Methane | C10: BE_LNG_imp', 'BE' | D10: 111378 | E10: 1
A11: 122 | B11: Methane | C11: PL_LNG_imp', 'PL' | D11: 60574 | E11: 1
A12: 124 | B12: Methane | C12: HR_LNG_imp', 'HR' | D12: 25402 | E12: 1
A13: 125 | B13: Methane | C13: EL_LNG_imp', 'EL' | D13: 73275 | E13: 1
... A429: 422 | B429: Methane | C429: JS_Prod', 'JS' | D429: 0 | E429: 0

Sheet Network_use_over_90%
A1: Edge | B1: Flow (GWh) | C1: Share
A2: NO', 'DE' | B2: 447490 | C2: 1
A3: RS', 'BA' | B3: 5110 | C3: 1
A4: DZ', 'ES' | B4: 123041.5 | C4: 1
A5: IT', 'SI' | B5: 14231.35 | C5: 1
A6: NO', 'DK' | B6: 117384 | C6: 1
A7: LT', 'PL' | B7: 21195.258 | C7: 1
A8: IT_LNG_imp', 'IT' | B8: 155831.5 | C8: 1
A9: IE_LNG_imp', 'IE' | B9: 25402 | C9: 1
A10: BE_LNG_imp', 'BE' | B10: 111378 | C10: 1
A11: PL_LNG_imp', 'PL' | B11: 60574 | C11: 1
A12: HR_LNG_imp', 'HR' | B12: 25402 | C12: 1
A13: EL_LNG_imp', 'EL' | B13: 73275 | C13: 1
... A20: LT_LNG_imp', 'LT' | B20: 36490.418 | C20: 0.93373638

Sheet LNG_Import_use
A1: Edge | B1: Flow (GWh) | C1: Share
A2: IT_LNG_imp', 'IT' | B2: =VLOOKUP(LNG_Import_use!$A2,Raw!$C$3:$E$429,2,FALSE) -> 155831.5 | C2: =VLOOKUP(LNG_Import_use!$A2,Raw!$C$3:$E$429,3,FALSE) -> 1
A3: IE_LNG_imp', 'IE' | B3: =VLOOKUP(LNG_Import_use!$A3,Raw!$C$3:$E$429,2,FALSE) -> 25402 | C3: =VLOOKUP(LNG_Import_use!$A3,Raw!$C$3:$E$429,3,FALSE) -> 1
A4: BE_LNG_imp', 'BE' | B4: =VLOOKUP(LNG_Import_use!$A4,Raw!$C$3:$E$429,2,FALSE) -> 111378 | C4: =VLOOKUP(LNG_Import_use!$A4,Raw!$C$3:$E$429,3,FALSE) -> 1
A5: PL_LNG_imp', 'PL' | B5: =VLOOKUP(LNG_Import_use!$A5,Raw!$C$3:$E$429,2,FALSE) -> 60574 | C5: =VLOOKUP(LNG_Import_use!$A5,Raw!$C$3:$E$429,3,FALSE) -> 1
A6: HR_LNG_imp', 'HR' | B6: =VLOOKUP(LNG_Import_use!$A6,Raw!$C$3:$E$429,2,FALSE) -> 25402 | C6: =VLOOKUP(LNG_Import_use!$A6,Raw!$C$3:$E$429,3,FALSE) -> 1
A7: EL_LNG_imp', 'EL' | B7: =VLOOKUP(LNG_Import_use!$A7,Raw!$C$3:$E$429,2,FALSE) -> 73275 | C7: =VLOOKUP(LNG_Import_use!$A7,Raw!$C$3:$E$429,3,FALSE) -> 1
A8: FR_LNG_imp', 'FR' | B8: =VLOOKUP(LNG_Import_use!$A8,Raw!$C$3:$E$429,2,FALSE) -> 322410 | C8: =VLOOKUP(LNG_Import_use!$A8,Raw!$C$3:$E$429,3,FALSE) -> 1
A9: DE_LNG_imp', 'DE' | B9: =VLOOKUP(LNG_Import_use!$A9,Raw!$C$3:$E$429,2,FALSE) -> 304824 | C9: =VLOOKUP(LNG_Import_use!$A9,Raw!$C$3:$E$429,3,FALSE) -> 1
A10: LT_LNG_imp', 'LT' | B10: =VLOOKUP(LNG_Import_use!$A10,Raw!$C$3:$E$429,2,FALSE) -> 36490.418 | C10: =VLOOKUP(LNG_Import_use!$A10,Raw!$C$3:$E$429,3,FALSE) -> 0.93373638
A11: PT_LNG_imp', 'PT' | B11: =VLOOKUP(LNG_Import_use!$A11,Raw!$C$3:$E$429,2,FALSE) -> 43774.4 | C11: =VLOOKUP(LNG_Import_use!$A11,Raw!$C$3:$E$429,3,FALSE) -> 0.58953832
A12: LV_LNG_imp', 'LV' | B12: =VLOOKUP(LNG_Import_use!$A12,Raw!$C$3:$E$429,2,FALSE) -> 7494.6891 | C12: =VLOOKUP(LNG_Import_use!$A12,Raw!$C$3:$E$429,3,FALSE) -> 0.51140833
A13: TR_LNG_imp', 'TR' | B13: =VLOOKUP(LNG_Import_use!$A13,Raw!$C$3:$E$429,2,FALSE) -> 207003.15 | C13: =VLOOKUP(LNG_Import_use!$A13,Raw!$C$3:$E$429,3,FALSE) -> 0.48595484
... A17: EE_LNG_imp', 'EE' | B17: =VLOOKUP(LNG_Import_use!$A17,Raw!$C$3:$E$429,2,FALSE) -> 3613.7704 | C17: =VLOOKUP(LNG_Import_use!$A17,Raw!$C$3:$E$429,3,FALSE) -> 0.14795375

Sheet LNG_Sources
A1: Edge | B1: Flow (GWh) | D1: Region | E1: Flow (GWh)
A2: USA_LNG_exp', 'FR_LNG_imp' | B2: 322410 | D2: AF | E2: =SUMIF(Table6[Edge],"*AF*",Table6[Flow (GWh)]) -> 292335.82
A3: USA_LNG_exp', 'DE_LNG_imp' | B3: 304824 | D3: EG | E3: =SUMIF(Table6[Edge],"*EG*",Table6[Flow (GWh)]) -> 0
A4: USA_LNG_exp', 'TR_LNG_imp' | B4: 203896.55 | D4: QA | E4: =SUMIF(Table6[Edge],"*QA*",Table6[Flow (GWh)]) -> 0
A5: USA_LNG_exp', 'ES_LNG_imp' | B5: 125165.9 | D5: TT | E5: =SUMIF(Table6[Edge],"*TT*",Table6[Flow (GWh)]) -> 3106.5989
A6: USA_LNG_exp', 'BE_LNG_imp' | B6: 111378 | D6: USA | E6: =SUMIF(Table6[Edge],"*USA*",Table6[Flow (GWh)]) -> 1338185.1
A7: USA_LNG_exp', 'UK_LNG_imp' | B7: 81491.873
A8: USA_LNG_exp', 'PL_LNG_imp' | B8: 60574
A9: USA_LNG_exp', 'PT_LNG_imp' | B9: 43774.4
A10: USA_LNG_exp', 'LT_LNG_imp' | B10: 36490.418
A11: USA_LNG_exp', 'IE_LNG_imp' | B11: 25402
A12: USA_LNG_exp', 'FI_LNG_imp' | B12: 11669.451
A13: USA_LNG_exp', 'LV_LNG_imp' | B13: 7494.6891
A14: USA_LNG_exp', 'EE_LNG_imp' | B14: 3613.7704
A15: AF_LNG_exp', 'IT_LNG_imp' | B15: 155831.5
A16: AF_LNG_exp', 'EL_LNG_imp' | B16: 73275
A17: AF_LNG_exp', 'ES_LNG_imp' | B17: 37827.322
A18: AF_LNG_exp', 'HR_LNG_imp' | B18: 25402
A19: TT_LNG_exp', 'TR_LNG_imp' | B19: 3106.5989

Sheet Russian_Supply_Europe
A1: Edge | B1: Flow (GWh)
A2: RU', 'CN' | B2: 371260
A3: RU_Prod', 'RU' | B3: 5728954.1
A4: RU', 'BY' | B4: 163980.03
A5: RU', 'RU_LNG_exp' | B5: 764279.94
A6: RU_LNG_exp', 'JS_LNG_imp' | B6: 764279.94
A7: RU', 'LV' | B7: 0
A8: RU', 'DE' | B8: 0
A9: RU', 'TR' | B9: 0
A10: RU', 'FI' | B10: 0
A11: RU', 'UA' | B11: 0
A12: LT', 'RU' | B12: 0
A13: LV', 'RU' | B13: 0
... A37: RU_LNG_exp', 'FR_LNG_imp' | B37: 0
