Workbook

Sheet nodes_lng_europe_2020
A1: LNG | B1: To | C1: LNG Capacity Mrd m3 [2020] | D1: Imports [2020] | E1: Share [2020] | F1: Capacity after grid connection [2020] | G1: Limitation | H1: GWh/a | I1: Limitation in TWh | N1: From | O1: To
A2: Belgium | B2: BE | C2: 11.4 | D2: 5.1 | E2: =D2/C2 -> 0.44736842 | F2: 9 | G2: =IF(C2>F2,F2,C2) -> 9 | H2: =I2*1000 -> 87930 | I2: =G2*9.77 -> 87.93 | K2: BE | L2: _LNG | N2: =_xlfn.CONCAT(K2,L2) -> BE_LNG | O2: =K2 -> BE
A3: France | B3: FR | C3: 33 | D3: 19.6 | E3: =D3/C3 -> 0.59393939 | F3: 33 | G3: =IF(C3>F3,F3,C3) -> 33 | H3: =I3*1000 -> 322410 | I3: =G3*9.77 -> 322.41 | K3: FR | L3: _LNG | N3: =_xlfn.CONCAT(K3,L3) -> FR_LNG | O3: =K3 -> FR
A4: Greece | B4: EL | C4: 7 | D4: 2.5 | E4: =D4/C4 -> 0.35714286 | F4: 7.5 | G4: =IF(C4>F4,F4,C4) -> 7 | H4: =I4*1000 -> 68390 | I4: =G4*9.77 -> 68.39 | K4: EL | L4: _LNG | N4: =_xlfn.CONCAT(K4,L4) -> EL_LNG | O4: =K4 -> EL
A5: Italy | B5: IT | C5: 15.95 | D5: 12.1 | E5: =D5/C5 -> 0.75862069 | F5: 15.8 | G5: =IF(C5>F5,F5,C5) -> 15.8 | H5: =I5*1000 -> 154366 | I5: =G5*9.77 -> 154.366 | K5: IT | L5: _LNG | N5: =_xlfn.CONCAT(K5,L5) -> IT_LNG | O5: =K5 -> IT
A6: Croatia | B6: HR | C6: 2.6 | D6: 0.4 | E6: =D6/C6 -> 0.15384615 | F6: 2.6 | G6: =IF(C6>F6,F6,C6) -> 2.6 | H6: =I6*1000 -> 25402 | I6: =G6*9.77 -> 25.402 | K6: HR | L6: _LNG | N6: =_xlfn.CONCAT(K6,L6) -> HR_LNG | O6: =K6 -> HR
A7: Lithuania | B7: LT | C7: 4 | D7: 1.6 | E7: =D7/C7 -> 0.4 | F7: 4 | G7: =IF(C7>F7,F7,C7) -> 4 | H7: =I7*1000 -> 39080 | I7: =G7*9.77 -> 39.08 | K7: LT | L7: _LNG | N7: =_xlfn.CONCAT(K7,L7) -> LT_LNG | O7: =K7 -> LT
A8: Netherlands | B8: NL | C8: 12 | D8: 8.2 | E8: =D8/C8 -> 0.68333333 | F8: 12.5 | G8: =IF(C8>F8,F8,C8) -> 12 | H8: =I8*1000 -> 117240 | I8: =G8*9.77 -> 117.24 | K8: NL | L8: _LNG | N8: =_xlfn.CONCAT(K8,L8) -> NL_LNG | O8: =K8 -> NL
A9: Poland | B9: PL | C9: 6.2 | D9: 4.1 | E9: =D9/C9 -> 0.66129032 | F9: 5.8 | G9: =IF(C9>F9,F9,C9) -> 5.8 | H9: =I9*1000 -> 56666 | I9: =G9*9.77 -> 56.666 | K9: PL | L9: _LNG | N9: =_xlfn.CONCAT(K9,L9) -> PL_LNG | O9: =K9 -> PL
A10: Portugal | B10: PT | C10: 7.6 | D10: 6.1 | E10: =D10/C10 -> 0.80263158 | F10: 7.3 | G10: =IF(C10>F10,F10,C10) -> 7.3 | H10: =I10*1000 -> 71321 | I10: =G10*9.77 -> 71.321 | K10: PT | L10: _LNG | N10: =_xlfn.CONCAT(K10,L10) -> PT_LNG | O10: =K10 -> PT
A11: Spain | B11: ES | C11: 60.1 | D11: 20.9 | E11: =D11/C11 -> 0.34775374 | F11: 67.1 | G11: =IF(C11>F11,F11,C11) -> 60.1 | H11: =I11*1000 -> 587177 | I11: =G11*9.77 -> 587.177 | K11: ES | L11: _LNG | N11: =_xlfn.CONCAT(K11,L11) -> ES_LNG | O11: =K11 -> ES
A12: Türkiye | B12: TR | C12: 43.6 | D12: 14.8 | E12: =D12/C12 -> 0.33944954 | F12: 43.6 | G12: =IF(C12>F12,F12,C12) -> 43.6 | H12: =I12*1000 -> 425972 | I12: =G12*9.77 -> 425.972 | K12: TR | L12: _LNG | N12: =_xlfn.CONCAT(K12,L12) -> TR_LNG | O12: =K12 -> TR
A13: UK | B13: UK | C13: 48.1 | D13: 18.6 | E13: =D13/C13 -> 0.38669439 | F13: 52.3 | G13: =IF(C13>F13,F13,C13) -> 48.1 | H13: =I13*1000 -> 469937 | I13: =G13*9.77 -> 469.937 | K13: UK | L13: _LNG | N13: =_xlfn.CONCAT(K13,L13) -> UK_LNG | O13: =K13 -> UK
A14: Malta | B14: - | C14: 0.7 | E14: =D14/C14 -> 0 | F14: 0.7 | G14: =IF(C14>F14,F14,C14) -> 0.7 | H14: =I14*1000 -> 6839 | I14: =G14*9.77 -> 6.839 | K14: -

Sheet nodes_lng_europe_2024
A1: LNG | B1: To | C1: LNG Capacity Mrd m3 [2020] | D1: Imports [2020] | E1: Share [2020] | F1: Capacity after grid connection [2020] | G1: Limitation | H1: GWh/a | I1: Limitation in TWh | N1: From | O1: To
A2: Belgium | B2: BE | C2: 15.3 | D2: 5.1 | E2: =D2/C2 -> 0.33333333 | F2: =C2 -> 15.3 | G2: =IF(C2>F2,F2,C2) -> 15.3 | H2: =I2*1000 -> 149481 | I2: =G2*9.77 -> 149.481 | K2: BE | L2: _LNG | N2: =_xlfn.CONCAT(K2,L2) -> BE_LNG | O2: =K2 -> BE
A3: France | B3: FR | C3: 39.5 | D3: 19.6 | E3: =D3/C3 -> 0.49620253 | F3: =C3 -> 39.5 | G3: =IF(C3>F3,F3,C3) -> 39.5 | H3: =I3*1000 -> 385915 | I3: =G3*9.77 -> 385.915 | K3: FR | L3: _LNG | N3: =_xlfn.CONCAT(K3,L3) -> FR_LNG | O3: =K3 -> FR
A4: Greece | B4: EL | C4: 12.5 | D4: 2.5 | E4: =D4/C4 -> 0.2 | F4: =C4 -> 12.5 | G4: =IF(C4>F4,F4,C4) -> 12.5 | H4: =I4*1000 -> 122125 | I4: =G4*9.77 -> 122.125 | K4: EL | L4: _LNG | N4: =_xlfn.CONCAT(K4,L4) -> EL_LNG | O4: =K4 -> EL
A5: Italy | B5: IT | C5: 25.95 | D5: 12.1 | E5: =D5/C5 -> 0.46628131 | F5: =C5 -> 25.95 | G5: =IF(C5>F5,F5,C5) -> 25.95 | H5: =I5*1000 -> 253531.5 | I5: =G5*9.77 -> 253.5315 | K5: IT | L5: _LNG | N5: =_xlfn.CONCAT(K5,L5) -> IT_LNG | O5: =K5 -> IT
A6: Croatia | B6: HR | C6: 2.6 | D6: 0.4 | E6: =D6/C6 -> 0.15384615 | F6: =C6 -> 2.6 | G6: =IF(C6>F6,F6,C6) -> 2.6 | H6: =I6*1000 -> 25402 | I6: =G6*9.77 -> 25.402 | K6: HR | L6: _LNG | N6: =_xlfn.CONCAT(K6,L6) -> HR_LNG | O6: =K6 -> HR
A7: Lithuania | B7: LT | C7: 4 | D7: 1.6 | E7: =D7/C7 -> 0.4 | F7: =C7 -> 4 | G7: =IF(C7>F7,F7,C7) -> 4 | H7: =I7*1000 -> 39080 | I7: =G7*9.77 -> 39.08 | K7: LT | L7: _LNG | N7: =_xlfn.CONCAT(K7,L7) -> LT_LNG | O7: =K7 -> LT
A8: Netherlands | B8: NL | C8: 24 | D8: 8.2 | E8: =D8/C8 -> 0.34166667 | F8: =C8 -> 24 | G8: =IF(C8>F8,F8,C8) -> 24 | H8: =I8*1000 -> 234480 | I8: =G8*9.77 -> 234.48 | K8: NL | L8: _LNG | N8: =_xlfn.CONCAT(K8,L8) -> NL_LNG | O8: =K8 -> NL
A9: Poland | B9: PL | C9: 8.3 | D9: 4.1 | E9: =D9/C9 -> 0.4939759 | F9: =C9 -> 8.3 | G9: =IF(C9>F9,F9,C9) -> 8.3 | H9: =I9*1000 -> 81091 | I9: =G9*9.77 -> 81.091 | K9: PL | L9: _LNG | N9: =_xlfn.CONCAT(K9,L9) -> PL_LNG | O9: =K9 -> PL
A10: Portugal | B10: PT | C10: 7.6 | D10: 6.1 | E10: =D10/C10 -> 0.80263158 | F10: =C10 -> 7.6 | G10: =IF(C10>F10,F10,C10) -> 7.6 | H10: =I10*1000 -> 74252 | I10: =G10*9.77 -> 74.252 | K10: PT | L10: _LNG | N10: =_xlfn.CONCAT(K10,L10) -> PT_LNG | O10: =K10 -> PT
A11: Spain | B11: ES | C11: 67.1 | D11: 20.9 | E11: =D11/C11 -> 0.31147541 | F11: =C11 -> 67.1 | G11: =IF(C11>F11,F11,C11) -> 67.1 | H11: =I11*1000 -> 655567 | I11: =G11*9.77 -> 655.567 | K11: ES | L11: _LNG | N11: =_xlfn.CONCAT(K11,L11) -> ES_LNG | O11: =K11 -> ES
A12: Türkiye | B12: TR | C12: 51.22 | D12: 14.8 | E12: =D12/C12 -> 0.28894963 | F12: =C12 -> 51.22 | G12: =IF(C12>F12,F12,C12) -> 51.22 | H12: =I12*1000 -> 500419.4 | I12: =G12*9.77 -> 500.4194 | K12: TR | L12: _LNG | N12: =_xlfn.CONCAT(K12,L12) -> TR_LNG | O12: =K12 -> TR
A13: UK | B13: UK | C13: 48.1 | D13: 18.6 | E13: =D13/C13 -> 0.38669439 | F13: =C13 -> 48.1 | G13: =IF(C13>F13,F13,C13) -> 48.1 | H13: =I13*1000 -> 469937 | I13: =G13*9.77 -> 469.937 | K13: UK | L13: _LNG | N13: =_xlfn.CONCAT(K13,L13) -> UK_LNG | O13: =K13 -> UK
A14: Estonia Planned | B14: EE | C14: 0 | E14: =D14/C14 -> #DIV/0! | F14: =C14 -> 0 | G14: =IF(C14>F14,F14,C14) -> 0 | H14: =I14*1000 -> 0 | I14: =G14*9.77 -> 0 | K14: EE | L14: _LNG | N14: =_xlfn.CONCAT(K14,L14) -> EE_LNG | O14: =K14 -> EE
A15: Finland Planned | B15: FI | C15: 4.5 | E15: =D15/C15 -> 0 | F15: =C15 -> 4.5 | G15: =IF(C15>F15,F15,C15) -> 4.5 | H15: =I15*1000 -> 43965 | I15: =G15*9.77 -> 43.965 | K15: FI | L15: _LNG | N15: =_xlfn.CONCAT(K15,L15) -> FI_LNG | O15: =K15 -> FI
A16: Germany Planned | B16: DE | C16: 18.81 | E16: =D16/C16 -> 0 | F16: =C16 -> 18.81 | G16: =IF(C16>F16,F16,C16) -> 18.81 | H16: =I16*1000 -> 183773.7 | I16: =G16*9.77 -> 183.7737 | K16: DE | L16: _LNG | N16: =_xlfn.CONCAT(K16,L16) -> DE_LNG | O16: =K16 -> DE
A17: Ireland Planned | B17: IE | C17: 0 | E17: =D17/C17 -> #DIV/0! | F17: =C17 -> 0 | G17: =IF(C17>F17,F17,C17) -> 0 | H17: =I17*1000 -> 0 | I17: =G17*9.77 -> 0 | K17: IE | L17: _LNG | N17: =_xlfn.CONCAT(K17,L17) -> IE_LNG | O17: =K17 -> IE
A18: Latvia Planned | B18: LV | C18: 1.5 | E18: =D18/C18 -> 0 | F18: =C18 -> 1.5 | G18: =IF(C18>F18,F18,C18) -> 1.5 | H18: =I18*1000 -> 14655 | I18: =G18*9.77 -> 14.655 | K18: LV | L18: _LNG | N18: =_xlfn.CONCAT(K18,L18) -> LV_LNG | O18: =K18 -> LV
A19: Malta | B19: - | C19: 0.7 | E19: =D19/C19 -> 0 | F19: =C19 -> 0.7 | G19: =IF(C19>F19,F19,C19) -> 0.7 | H19: =I19*1000 -> 6839 | I19: =G19*9.77 -> 6.839 | K19: -

Sheet nodes_lng_europe_2035
A1: LNG | B1: To | C1: LNG Capacity Mrd m3 [2020] | D1: Imports [2020] | E1: Share [2020] | F1: Capacity after grid connection [2020] | G1: Limitation | H1: GWh/a | I1: Limitation in TWh | N1: From | O1: To
A2: Belgium | B2: BE | C2: 15.3 | D2: 5.1 | E2: =D2/C2 -> 0.33333333 | F2: =C2 -> 15.3 | G2: =IF(C2>F2,F2,C2) -> 15.3 | H2: =I2*1000 -> 149481 | I2: =G2*9.77 -> 149.481 | K2: BE | L2: _LNG | N2: =_xlfn.CONCAT(K2,L2) -> BE_LNG | O2: =K2 -> BE
A3: France | B3: FR | C3: 41.5 | D3: 19.6 | E3: =D3/C3 -> 0.47228916 | F3: =C3 -> 41.5 | G3: =IF(C3>F3,F3,C3) -> 41.5 | H3: =I3*1000 -> 405455 | I3: =G3*9.77 -> 405.455 | K3: FR | L3: _LNG | N3: =_xlfn.CONCAT(K3,L3) -> FR_LNG | O3: =K3 -> FR
A4: Greece | B4: EL | C4: 22.52 | D4: 2.5 | E4: =D4/C4 -> 0.11101243 | F4: =C4 -> 22.52 | G4: =IF(C4>F4,F4,C4) -> 22.52 | H4: =I4*1000 -> 220020.4 | I4: =G4*9.77 -> 220.0204 | K4: EL | L4: _LNG | N4: =_xlfn.CONCAT(K4,L4) -> EL_LNG | O4: =K4 -> EL
A5: Italy | B5: IT | C5: 25.95 | D5: 12.1 | E5: =D5/C5 -> 0.46628131 | F5: =C5 -> 25.95 | G5: =IF(C5>F5,F5,C5) -> 25.95 | H5: =I5*1000 -> 253531.5 | I5: =G5*9.77 -> 253.5315 | K5: IT | L5: _LNG | N5: =_xlfn.CONCAT(K5,L5) -> IT_LNG | O5: =K5 -> IT
A6: Croatia | B6: HR | C6: 5.2 | D6: 0.4 | E6: =D6/C6 -> 0.076923077 | F6: =C6 -> 5.2 | G6: =IF(C6>F6,F6,C6) -> 5.2 | H6: =I6*1000 -> 50804 | I6: =G6*9.77 -> 50.804 | K6: HR | L6: _LNG | N6: =_xlfn.CONCAT(K6,L6) -> HR_LNG | O6: =K6 -> HR
A7: Lithuania | B7: LT | C7: 4 | D7: 1.6 | E7: =D7/C7 -> 0.4 | F7: =C7 -> 4 | G7: =IF(C7>F7,F7,C7) -> 4 | H7: =I7*1000 -> 39080 | I7: =G7*9.77 -> 39.08 | K7: LT | L7: _LNG | N7: =_xlfn.CONCAT(K7,L7) -> LT_LNG | O7: =K7 -> LT
A8: Netherlands | B8: NL | C8: 28 | D8: 8.2 | E8: =D8/C8 -> 0.29285714 | F8: =C8 -> 28 | G8: =IF(C8>F8,F8,C8) -> 28 | H8: =I8*1000 -> 273560 | I8: =G8*9.77 -> 273.56 | K8: NL | L8: _LNG | N8: =_xlfn.CONCAT(K8,L8) -> NL_LNG | O8: =K8 -> NL
A9: Poland | B9: PL | C9: 14.4 | D9: 4.1 | E9: =D9/C9 -> 0.28472222 | F9: =C9 -> 14.4 | G9: =IF(C9>F9,F9,C9) -> 14.4 | H9: =I9*1000 -> 140688 | I9: =G9*9.77 -> 140.688 | K9: PL | L9: _LNG | N9: =_xlfn.CONCAT(K9,L9) -> PL_LNG | O9: =K9 -> PL
A10: Portugal | B10: PT | C10: 7.6 | D10: 6.1 | E10: =D10/C10 -> 0.80263158 | F10: =C10 -> 7.6 | G10: =IF(C10>F10,F10,C10) -> 7.6 | H10: =I10*1000 -> 74252 | I10: =G10*9.77 -> 74.252 | K10: PT | L10: _LNG | N10: =_xlfn.CONCAT(K10,L10) -> PT_LNG | O10: =K10 -> PT
A11: Spain | B11: ES | C11: 67.1 | D11: 20.9 | E11: =D11/C11 -> 0.31147541 | F11: =C11 -> 67.1 | G11: =IF(C11>F11,F11,C11) -> 67.1 | H11: =I11*1000 -> 655567 | I11: =G11*9.77 -> 655.567 | K11: ES | L11: _LNG | N11: =_xlfn.CONCAT(K11,L11) -> ES_LNG | O11: =K11 -> ES
A12: Türkiye | B12: TR | C12: 51.22 | D12: 14.8 | E12: =D12/C12 -> 0.28894963 | F12: =C12 -> 51.22 | G12: =IF(C12>F12,F12,C12) -> 51.22 | H12: =I12*1000 -> 500419.4 | I12: =G12*9.77 -> 500.4194 | K12: TR | L12: _LNG | N12: =_xlfn.CONCAT(K12,L12) -> TR_LNG | O12: =K12 -> TR
A13: UK | B13: UK | C13: 48.1 | D13: 18.6 | E13: =D13/C13 -> 0.38669439 | F13: =C13 -> 48.1 | G13: =IF(C13>F13,F13,C13) -> 48.1 | H13: =I13*1000 -> 469937 | I13: =G13*9.77 -> 469.937 | K13: UK | L13: _LNG | N13: =_xlfn.CONCAT(K13,L13) -> UK_LNG | O13: =K13 -> UK
A14: Estonia Planned | B14: EE | C14: 2.5 | E14: =D14/C14 -> 0 | F14: =C14 -> 2.5 | G14: =IF(C14>F14,F14,C14) -> 2.5 | H14: =I14*1000 -> 24425 | I14: =G14*9.77 -> 24.425 | K14: EE | L14: _LNG | N14: =_xlfn.CONCAT(K14,L14) -> EE_LNG | O14: =K14 -> EE
A15: Finland Planned | B15: FI | C15: 4.5 | E15: =D15/C15 -> 0 | F15: =C15 -> 4.5 | G15: =IF(C15>F15,F15,C15) -> 4.5 | H15: =I15*1000 -> 43965 | I15: =G15*9.77 -> 43.965 | K15: FI | L15: _LNG | N15: =_xlfn.CONCAT(K15,L15) -> FI_LNG | O15: =K15 -> FI
A16: Germany Planned | B16: DE | C16: 37.45 | E16: =D16/C16 -> 0 | F16: =C16 -> 37.45 | G16: =IF(C16>F16,F16,C16) -> 37.45 | H16: =I16*1000 -> 365886.5 | I16: =G16*9.77 -> 365.8865 | K16: DE | L16: _LNG | N16: =_xlfn.CONCAT(K16,L16) -> DE_LNG | O16: =K16 -> DE
A17: Ireland Planned | B17: IE | C17: 2.6 | E17: =D17/C17 -> 0 | F17: =C17 -> 2.6 | G17: =IF(C17>F17,F17,C17) -> 2.6 | H17: =I17*1000 -> 25402 | I17: =G17*9.77 -> 25.402 | K17: IE | L17: _LNG | N17: =_xlfn.CONCAT(K17,L17) -> IE_LNG | O17: =K17 -> IE
A18: Latvia Planned | B18: LV | C18: 1.5 | E18: =D18/C18 -> 0 | F18: =C18 -> 1.5 | G18: =IF(C18>F18,F18,C18) -> 1.5 | H18: =I18*1000 -> 14655 | I18: =G18*9.77 -> 14.655 | K18: LV | L18: _LNG | N18: =_xlfn.CONCAT(K18,L18) -> LV_LNG | O18: =K18 -> LV
A19: Malta | B19: - | C19: 0.7 | E19: =D19/C19 -> 0 | F19: =C19 -> 0.7 | G19: =IF(C19>F19,F19,C19) -> 0.7 | H19: =I19*1000 -> 6839 | I19: =G19*9.77 -> 6.839 | K19: -

Sheet nodes_gas_prod_europe_2020
A1: Country | B1: Long_name | C1: Mrd m3 [2020] | D1: Mil m3 EU [2020] | E1: Mrd m3 EU [2020] | F1: GWh [2020] | G1: TWh [2020]2 | M1: From | N1: To
A2: AL | B2: Albania | D2: 56.895 | E2: =Table2[[#This Row],[Mil m3 EU '[2020']]]/1000 -> 0.056895 | F2: =Table2[[#This Row],[TWh '[2020']2]]*1000 -> 555.86415 | G2: =IF(Table2[[#This Row],[Mil m3 EU '[2020']]]>0,Table2[[#This Row],[Mrd m3 EU '[2020']]],Table2[[#This Row],[Mrd m3 '[2020']]])*9.77 -> 0.55586415 | J2: _Prod | M2: =_xlfn.CONCAT(A2,$J$2) -> AL_Prod | N2: =Table2[[#This Row],[Country]] -> AL
A3: DZ | B3: Algeria | C3: 81.424612 | E3: =Table2[[#This Row],[Mil m3 EU '[2020']]]/1000 -> 0 | F3: =Table2[[#This Row],[TWh '[2020']2]]*1000 -> 795518.46 | G3: =IF(Table2[[#This Row],[Mil m3 EU '[2020']]]>0,Table2[[#This Row],[Mrd m3 EU '[2020']]],Table2[[#This Row],[Mrd m3 '[2020']]])*9.77 -> 795.51846 | M3: =_xlfn.CONCAT(A3,$J$2) -> DZ_Prod | N3: =Table2[[#This Row],[Country]] -> DZ
A4: AT | B4: Austria | D4: 773.976 | E4: =Table2[[#This Row],[Mil m3 EU '[2020']]]/1000 -> 0.773976 | F4: =Table2[[#This Row],[TWh '[2020']2]]*1000 -> 7561.7455 | G4: =IF(Table2[[#This Row],[Mil m3 EU '[2020']]]>0,Table2[[#This Row],[Mrd m3 EU '[2020']]],Table2[[#This Row],[Mrd m3 '[2020']]])*9.77 -> 7.5617455 | M4: =_xlfn.CONCAT(A4,$J$2) -> AT_Prod | N4: =Table2[[#This Row],[Country]] -> AT
A5: BY | B5: Belarus | E5: =Table2[[#This Row],[Mil m3 EU '[2020']]]/1000 -> 0 | F5: =Table2[[#This Row],[TWh '[2020']2]]*1000 -> 0 | G5: =IF(Table2[[#This Row],[Mil m3 EU '[2020']]]>0,Table2[[#This Row],[Mrd m3 EU '[2020']]],Table2[[#This Row],[Mrd m3 '[2020']]])*9.77 -> 0 | M5: =_xlfn.CONCAT(A5,$J$2) -> BY_Prod | N5: =Table2[[#This Row],[Country]] -> BY
A6: BE | B6: Belgium | D6: 5.9 | E6: =Table2[[#This Row],[Mil m3 EU '[2020']]]/1000 -> 0.0059 | F6: =Table2[[#This Row],[TWh '[2020']2]]*1000 -> 57.643 | G6: =IF(Table2[[#This Row],[Mil m3 EU '[2020']]]>0,Table2[[#This Row],[Mrd m3 EU '[2020']]],Table2[[#This Row],[Mrd m3 '[2020']]])*9.77 -> 0.057643 | M6: =_xlfn.CONCAT(A6,$J$2) -> BE_Prod | N6: =Table2[[#This Row],[Country]] -> BE
A7: BA | B7: Bosnia and Herzegovina | E7: =Table2[[#This Row],[Mil m3 EU '[2020']]]/1000 -> 0 | F7: =Table2[[#This Row],[TWh '[2020']2]]*1000 -> 0 | G7: =IF(Table2[[#This Row],[Mil m3 EU '[2020']]]>0,Table2[[#This Row],[Mrd m3 EU '[2020']]],Table2[[#This Row],[Mrd m3 '[2020']]])*9.77 -> 0 | M7: =_xlfn.CONCAT(A7,$J$2) -> BA_Prod | N7: =Table2[[#This Row],[Country]] -> BA
A8: BG | B8: Bulgaria | D8: 54.351 | E8: =Table2[[#This Row],[Mil m3 EU '[2020']]]/1000 -> 0.054351 | F8: =Table2[[#This Row],[TWh '[2020']2]]*1000 -> 531.00927 | G8: =IF(Table2[[#This Row],[Mil m3 EU '[2020']]]>0,Table2[[#This Row],[Mrd m3 EU '[2020']]],Table2[[#This Row],[Mrd m3 '[2020']]])*9.77 -> 0.53100927 | M8: =_xlfn.CONCAT(A8,$J$2) -> BG_Prod | N8: =Table2[[#This Row],[Country]] -> BG
A9: HR | B9: Croatia | D9: 888.385 | E9: =Table2[[#This Row],[Mil m3 EU '[2020']]]/1000 -> 0.888385 | F9: =Table2[[#This Row],[TWh '[2020']2]]*1000 -> 8679.5215 | G9: =IF(Table2[[#This Row],[Mil m3 EU '[2020']]]>0,Table2[[#This Row],[Mrd m3 EU '[2020']]],Table2[[#This Row],[Mrd m3 '[2020']]])*9.77 -> 8.6795214 | M9: =_xlfn.CONCAT(A9,$J$2) -> HR_Prod | N9: =Table2[[#This Row],[Country]] -> HR
A10: CZ | B10: Czech Republic | D10: 196.075 | E10: =Table2[[#This Row],[Mil m3 EU '[2020']]]/1000 -> 0.196075 | F10: =Table2[[#This Row],[TWh '[2020']2]]*1000 -> 1915.6528 | G10: =IF(Table2[[#This Row],[Mil m3 EU '[2020']]]>0,Table2[[#This Row],[Mrd m3 EU '[2020']]],Table2[[#This Row],[Mrd m3 '[2020']]])*9.77 -> 1.9156528 | M10: =_xlfn.CONCAT(A10,$J$2) -> CZ_Prod | N10: =Table2[[#This Row],[Country]] -> CZ
A11: DK | B11: Denmark | C11: 1.379693 | D11: 1427.541 | E11: =Table2[[#This Row],[Mil m3 EU '[2020']]]/1000 -> 1.427541 | F11: =Table2[[#This Row],[TWh '[2020']2]]*1000 -> 13947.076 | G11: =IF(Table2[[#This Row],[Mil m3 EU '[2020']]]>0,Table2[[#This Row],[Mrd m3 EU '[2020']]],Table2[[#This Row],[Mrd m3 '[2020']]])*9.77 -> 13.947076 | M11: =_xlfn.CONCAT(A11,$J$2) -> DK_Prod | N11: =Table2[[#This Row],[Country]] -> DK
A12: EE | B12: Estonia | D12: 0 | E12: =Table2[[#This Row],[Mil m3 EU '[2020']]]/1000 -> 0 | F12: =Table2[[#This Row],[TWh '[2020']2]]*1000 -> 0 | G12: =IF(Table2[[#This Row],[Mil m3 EU '[2020']]]>0,Table2[[#This Row],[Mrd m3 EU '[2020']]],Table2[[#This Row],[Mrd m3 '[2020']]])*9.77 -> 0 | M12: =_xlfn.CONCAT(A12,$J$2) -> EE_Prod | N12: =Table2[[#This Row],[Country]] -> EE
A13: FI | B13: Finland | E13: =Table2[[#This Row],[Mil m3 EU '[2020']]]/1000 -> 0 | F13: =Table2[[#This Row],[TWh '[2020']2]]*1000 -> 0 | G13: =IF(Table2[[#This Row],[Mil m3 EU '[2020']]]>0,Table2[[#This Row],[Mrd m3 EU '[2020']]],Table2[[#This Row],[Mrd m3 '[2020']]])*9.77 -> 0 | M13: =_xlfn.CONCAT(A13,$J$2) -> FI_Prod | N13: =Table2[[#This Row],[Country]] -> FI
A14: FR | B14: France | D14: 17.349 | E14: =Table2[[#This Row],[Mil m3 EU '[2020']]]/1000 -> 0.017349 | F14: =Table2[[#This Row],[TWh '[2020']2]]*1000 -> 169.49973 | G14: =IF(Table2[[#This Row],[Mil m3 EU '[2020']]]>0,Table2[[#This Row],[Mrd m3 EU '[2020']]],Table2[[#This Row],[Mrd m3 '[2020']]])*9.77 -> 0.16949973 | M14: =_xlfn.CONCAT(A14,$J$2) -> FR_Prod | N14: =Table2[[#This Row],[Country]] -> FR
A15: DE | B15: Germany | C15: 4.5324203 | D15: 4874 | E15: =Table2[[#This Row],[Mil m3 EU '[2020']]]/1000 -> 4.874 | F15: =Table2[[#This Row],[TWh '[2020']2]]*1000 -> 47618.98 | G15: =IF(Table2[[#This Row],[Mil m3 EU '[2020']]]>0,Table2[[#This Row],[Mrd m3 EU '[2020']]],Table2[[#This Row],[Mrd m3 '[2020']]])*9.77 -> 47.61898 | M15: =_xlfn.CONCAT(A15,$J$2) -> DE_Prod | N15: =Table2[[#This Row],[Country]] -> DE
A16: EL | B16: Greece | D16: 6.48 | E16: =Table2[[#This Row],[Mil m3 EU '[2020']]]/1000 -> 0.00648 | F16: =Table2[[#This Row],[TWh '[2020']2]]*1000 -> 63.3096 | G16: =IF(Table2[[#This Row],[Mil m3 EU '[2020']]]>0,Table2[[#This Row],[Mrd m3 EU '[2020']]],Table2[[#This Row],[Mrd m3 '[2020']]])*9.77 -> 0.0633096 | M16: =_xlfn.CONCAT(A16,$J$2) -> EL_Prod | N16: =Table2[[#This Row],[Country]] -> EL
A17: HU | B17: Hungary | D17: 1685 | E17: =Table2[[#This Row],[Mil m3 EU '[2020']]]/1000 -> 1.685 | F17: =Table2[[#This Row],[TWh '[2020']2]]*1000 -> 16462.45 | G17: =IF(Table2[[#This Row],[Mil m3 EU '[2020']]]>0,Table2[[#This Row],[Mrd m3 EU '[2020']]],Table2[[#This Row],[Mrd m3 '[2020']]])*9.77 -> 16.46245 | M17: =_xlfn.CONCAT(A17,$J$2) -> HU_Prod | N17: =Table2[[#This Row],[Country]] -> HU
A18: IE | B18: Ireland | D18: 2029.651 | E18: =Table2[[#This Row],[Mil m3 EU '[2020']]]/1000 -> 2.029651 | F18: =Table2[[#This Row],[TWh '[2020']2]]*1000 -> 19829.69 | G18: =IF(Table2[[#This Row],[Mil m3 EU '[2020']]]>0,Table2[[#This Row],[Mrd m3 EU '[2020']]],Table2[[#This Row],[Mrd m3 '[2020']]])*9.77 -> 19.82969 | M18: =_xlfn.CONCAT(A18,$J$2) -> IE_Prod | N18: =Table2[[#This Row],[Country]] -> IE
A19: IT | B19: Italy | C19: 3.9120907 | D19: 3932 | E19: =Table2[[#This Row],[Mil m3 EU '[2020']]]/1000 -> 3.932 | F19: =Table2[[#This Row],[TWh '[2020']2]]*1000 -> 38415.64 | G19: =IF(Table2[[#This Row],[Mil m3 EU '[2020']]]>0,Table2[[#This Row],[Mrd m3 EU '[2020']]],Table2[[#This Row],[Mrd m3 '[2020']]])*9.77 -> 38.41564 | M19: =_xlfn.CONCAT(A19,$J$2) -> IT_Prod | N19: =Table2[[#This Row],[Country]] -> IT
A20: LV | B20: Latvia | E20: =Table2[[#This Row],[Mil m3 EU '[2020']]]/1000 -> 0 | F20: =Table2[[#This Row],[TWh '[2020']2]]*1000 -> 0 | G20: =IF(Table2[[#This Row],[Mil m3 EU '[2020']]]>0,Table2[[#This Row],[Mrd m3 EU '[2020']]],Table2[[#This Row],[Mrd m3 '[2020']]])*9.77 -> 0 | M20: =_xlfn.CONCAT(A20,$J$2) -> LV_Prod | N20: =Table2[[#This Row],[Country]] -> LV
A21: LY | B21: Libya | C21: 12.699712 | E21: =Table2[[#This Row],[Mil m3 EU '[2020']]]/1000 -> 0 | F21: =Table2[[#This Row],[TWh '[2020']2]]*1000 -> 124076.19 | G21: =IF(Table2[[#This Row],[Mil m3 EU '[2020']]]>0,Table2[[#This Row],[Mrd m3 EU '[2020']]],Table2[[#This Row],[Mrd m3 '[2020']]])*9.77 -> 124.07619 | M21: =_xlfn.CONCAT(A21,$J$2) -> LY_Prod | N21: =Table2[[#This Row],[Country]] -> LY
A22: LT | B22: Lithuania | E22: =Table2[[#This Row],[Mil m3 EU '[2020']]]/1000 -> 0 | F22: =Table2[[#This Row],[TWh '[2020']2]]*1000 -> 0 | G22: =IF(Table2[[#This Row],[Mil m3 EU '[2020']]]>0,Table2[[#This Row],[Mrd m3 EU '[2020']]],Table2[[#This Row],[Mrd m3 '[2020']]])*9.77 -> 0 | M22: =_xlfn.CONCAT(A22,$J$2) -> LT_Prod | N22: =Table2[[#This Row],[Country]] -> LT
A23: LU | B23: Luxemburg | E23: =Table2[[#This Row],[Mil m3 EU '[2020']]]/1000 -> 0 | F23: =Table2[[#This Row],[TWh '[2020']2]]*1000 -> 0 | G23: =IF(Table2[[#This Row],[Mil m3 EU '[2020']]]>0,Table2[[#This Row],[Mrd m3 EU '[2020']]],Table2[[#This Row],[Mrd m3 '[2020']]])*9.77 -> 0 | M23: =_xlfn.CONCAT(A23,$J$2) -> LU_Prod | N23: =Table2[[#This Row],[Country]] -> LU
A24: MD | B24: Moldova | E24: =Table2[[#This Row],[Mil m3 EU '[2020']]]/1000 -> 0 | F24: =Table2[[#This Row],[TWh '[2020']2]]*1000 -> 0 | G24: =IF(Table2[[#This Row],[Mil m3 EU '[2020']]]>0,Table2[[#This Row],[Mrd m3 EU '[2020']]],Table2[[#This Row],[Mrd m3 '[2020']]])*9.77 -> 0 | M24: =_xlfn.CONCAT(A24,$J$2) -> MD_Prod | N24: =Table2[[#This Row],[Country]] -> MD
A25: NL | B25: Netherlands | C25: 20.091667 | D25: 23966.123 | E25: =Table2[[#This Row],[Mil m3 EU '[2020']]]/1000 -> 23.966123 | F25: =Table2[[#This Row],[TWh '[2020']2]]*1000 -> 234149.02 | G25: =IF(Table2[[#This Row],[Mil m3 EU '[2020']]]>0,Table2[[#This Row],[Mrd m3 EU '[2020']]],Table2[[#This Row],[Mrd m3 '[2020']]])*9.77 -> 234.14902 | M25: =_xlfn.CONCAT(A25,$J$2) -> NL_Prod | N25: =Table2[[#This Row],[Country]] -> NL
A26: MK | B26: North Macedonia | E26: =Table2[[#This Row],[Mil m3 EU '[2020']]]/1000 -> 0 | F26: =Table2[[#This Row],[TWh '[2020']2]]*1000 -> 0 | G26: =IF(Table2[[#This Row],[Mil m3 EU '[2020']]]>0,Table2[[#This Row],[Mrd m3 EU '[2020']]],Table2[[#This Row],[Mrd m3 '[2020']]])*9.77 -> 0 | M26: =_xlfn.CONCAT(A26,$J$2) -> MK_Prod | N26: =Table2[[#This Row],[Country]] -> MK
A27: NO | B27: Norway | C27: 111.71588 | D27: 116206.12 | E27: =Table2[[#This Row],[Mil m3 EU '[2020']]]/1000 -> 116.20612 | F27: =Table2[[#This Row],[TWh '[2020']2]]*1000 -> 1135333.8 | G27: =IF(Table2[[#This Row],[Mil m3 EU '[2020']]]>0,Table2[[#This Row],[Mrd m3 EU '[2020']]],Table2[[#This Row],[Mrd m3 '[2020']]])*9.77 -> 1135.3338 | M27: =_xlfn.CONCAT(A27,$J$2) -> NO_Prod | N27: =Table2[[#This Row],[Country]] -> NO
A28: PL | B28: Poland | C28: 3.9287778 | D28: 5592.88 | E28: =Table2[[#This Row],[Mil m3 EU '[2020']]]/1000 -> 5.59288 | F28: =Table2[[#This Row],[TWh '[2020']2]]*1000 -> 54642.438 | G28: =IF(Table2[[#This Row],[Mil m3 EU '[2020']]]>0,Table2[[#This Row],[Mrd m3 EU '[2020']]],Table2[[#This Row],[Mrd m3 '[2020']]])*9.77 -> 54.642438 | M28: =_xlfn.CONCAT(A28,$J$2) -> PL_Prod | N28: =Table2[[#This Row],[Country]] -> PL
A29: PT | B29: Portugal | E29: =Table2[[#This Row],[Mil m3 EU '[2020']]]/1000 -> 0 | F29: =Table2[[#This Row],[TWh '[2020']2]]*1000 -> 0 | G29: =IF(Table2[[#This Row],[Mil m3 EU '[2020']]]>0,Table2[[#This Row],[Mrd m3 EU '[2020']]],Table2[[#This Row],[Mrd m3 '[2020']]])*9.77 -> 0 | M29: =_xlfn.CONCAT(A29,$J$2) -> PT_Prod | N29: =Table2[[#This Row],[Country]] -> PT
A30: RO | B30: Romania | C30: 8.5963214 | D30: 9017 | E30: =Table2[[#This Row],[Mil m3 EU '[2020']]]/1000 -> 9.017 | F30: =Table2[[#This Row],[TWh '[2020']2]]*1000 -> 88096.09 | G30: =IF(Table2[[#This Row],[Mil m3 EU '[2020']]]>0,Table2[[#This Row],[Mrd m3 EU '[2020']]],Table2[[#This Row],[Mrd m3 '[2020']]])*9.77 -> 88.09609 | M30: =_xlfn.CONCAT(A30,$J$2) -> RO_Prod | N30: =Table2[[#This Row],[Country]] -> RO
A31: RU | B31: Russia | C31: 638.44666 | E31: =Table2[[#This Row],[Mil m3 EU '[2020']]]/1000 -> 0 | F31: =Table2[[#This Row],[TWh '[2020']2]]*1000 -> 6237623.8 | G31: =IF(Table2[[#This Row],[Mil m3 EU '[2020']]]>0,Table2[[#This Row],[Mrd m3 EU '[2020']]],Table2[[#This Row],[Mrd m3 '[2020']]])*9.77 -> 6237.6238 | M31: =_xlfn.CONCAT(A31,$J$2) -> RU_Prod | N31: =Table2[[#This Row],[Country]] -> RU
A32: SM | B32: San Marino | E32: =Table2[[#This Row],[Mil m3 EU '[2020']]]/1000 -> 0 | F32: =Table2[[#This Row],[TWh '[2020']2]]*1000 -> 0 | G32: =IF(Table2[[#This Row],[Mil m3 EU '[2020']]]>0,Table2[[#This Row],[Mrd m3 EU '[2020']]],Table2[[#This Row],[Mrd m3 '[2020']]])*9.77 -> 0 | M32: =_xlfn.CONCAT(A32,$J$2) -> SM_Prod | N32: =Table2[[#This Row],[Country]] -> SM
A33: RS | B33: Serbia | D33: 409 | E33: =Table2[[#This Row],[Mil m3 EU '[2020']]]/1000 -> 0.409 | F33: =Table2[[#This Row],[TWh '[2020']2]]*1000 -> 3995.93 | G33: =IF(Table2[[#This Row],[Mil m3 EU '[2020']]]>0,Table2[[#This Row],[Mrd m3 EU '[2020']]],Table2[[#This Row],[Mrd m3 '[2020']]])*9.77 -> 3.99593 | M33: =_xlfn.CONCAT(A33,$J$2) -> RS_Prod | N33: =Table2[[#This Row],[Country]] -> RS
A34: SK | B34: Slovakia | D34: 66.701 | E34: =Table2[[#This Row],[Mil m3 EU '[2020']]]/1000 -> 0.066701 | F34: =Table2[[#This Row],[TWh '[2020']2]]*1000 -> 651.66877 | G34: =IF(Table2[[#This Row],[Mil m3 EU '[2020']]]>0,Table2[[#This Row],[Mrd m3 EU '[2020']]],Table2[[#This Row],[Mrd m3 '[2020']]])*9.77 -> 0.65166877 | M34: =_xlfn.CONCAT(A34,$J$2) -> SK_Prod | N34: =Table2[[#This Row],[Country]] -> SK
A35: SI | B35: Slovenia | D35: 5.334 | E35: =Table2[[#This Row],[Mil m3 EU '[2020']]]/1000 -> 0.005334 | F35: =Table2[[#This Row],[TWh '[2020']2]]*1000 -> 52.11318 | G35: =IF(Table2[[#This Row],[Mil m3 EU '[2020']]]>0,Table2[[#This Row],[Mrd m3 EU '[2020']]],Table2[[#This Row],[Mrd m3 '[2020']]])*9.77 -> 0.05211318 | M35: =_xlfn.CONCAT(A35,$J$2) -> SI_Prod | N35: =Table2[[#This Row],[Country]] -> SI
A36: CH | B36: Switzerland | E36: =Table2[[#This Row],[Mil m3 EU '[2020']]]/1000 -> 0 | F36: =Table2[[#This Row],[TWh '[2020']2]]*1000 -> 0 | G36: =IF(Table2[[#This Row],[Mil m3 EU '[2020']]]>0,Table2[[#This Row],[Mrd m3 EU '[2020']]],Table2[[#This Row],[Mrd m3 '[2020']]])*9.77 -> 0 | M36: =_xlfn.CONCAT(A36,$J$2) -> CH_Prod | N36: =Table2[[#This Row],[Country]] -> CH
A37: TN | B37: Tunisia | C37: 1.9 | E37: =Table2[[#This Row],[Mil m3 EU '[2020']]]/1000 -> 0 | F37: =Table2[[#This Row],[TWh '[2020']2]]*1000 -> 18563 | G37: =IF(Table2[[#This Row],[Mil m3 EU '[2020']]]>0,Table2[[#This Row],[Mrd m3 EU '[2020']]],Table2[[#This Row],[Mrd m3 '[2020']]])*9.77 -> 18.563 | M37: =_xlfn.CONCAT(A37,$J$2) -> TN_Prod | N37: =Table2[[#This Row],[Country]] -> TN
A38: TR | B38: Türkiye | D38: 437.51 | E38: =Table2[[#This Row],[Mil m3 EU '[2020']]]/1000 -> 0.43751 | F38: =Table2[[#This Row],[TWh '[2020']2]]*1000 -> 4274.4727 | G38: =IF(Table2[[#This Row],[Mil m3 EU '[2020']]]>0,Table2[[#This Row],[Mrd m3 EU '[2020']]],Table2[[#This Row],[Mrd m3 '[2020']]])*9.77 -> 4.2744727 | M38: =_xlfn.CONCAT(A38,$J$2) -> TR_Prod | N38: =Table2[[#This Row],[Country]] -> TR
A39: UK | B39: UK | C39: 39.571421 | D39: 32836.552 | E39: =Table2[[#This Row],[Mil m3 EU '[2020']]]/1000 -> 32.836552 | F39: =Table2[[#This Row],[TWh '[2020']2]]*1000 -> 320813.11 | G39: =IF(Table2[[#This Row],[Mil m3 EU '[2020']]]>0,Table2[[#This Row],[Mrd m3 EU '[2020']]],Table2[[#This Row],[Mrd m3 '[2020']]])*9.77 -> 320.81311 | M39: =_xlfn.CONCAT(A39,$J$2) -> UK_Prod | N39: =Table2[[#This Row],[Country]] -> UK
A40: UA | B40: Ukraine | C40: 19.117502 | D40: 19516 | E40: =Table2[[#This Row],[Mil m3 EU '[2020']]]/1000 -> 19.516 | F40: =Table2[[#This Row],[TWh '[2020']2]]*1000 -> 190671.32 | G40: =IF(Table2[[#This Row],[Mil m3 EU '[2020']]]>0,Table2[[#This Row],[Mrd m3 EU '[2020']]],Table2[[#This Row],[Mrd m3 '[2020']]])*9.77 -> 190.67132 | M40: =_xlfn.CONCAT(A40,$J$2) -> UA_Prod | N40: =Table2[[#This Row],[Country]] -> UA
A41: OE | B41: Other Europe | C41: 6.2834748 | E41: =Table2[[#This Row],[Mil m3 EU '[2020']]]/1000 -> 0 | F41: =Table2[[#This Row],[TWh '[2020']2]]*1000 -> 61389.549 | G41: =IF(Table2[[#This Row],[Mil m3 EU '[2020']]]>0,Table2[[#This Row],[Mrd m3 EU '[2020']]],Table2[[#This Row],[Mrd m3 '[2020']]])*9.77 -> 61.389549 | M41: =_xlfn.CONCAT(A41,$J$2) -> OE_Prod | N41: =Table2[[#This Row],[Country]] -> OE
A42: ES | B42: Spain | D42: 46 | E42: =Table2[[#This Row],[Mil m3 EU '[2020']]]/1000 -> 0.046 | F42: =Table2[[#This Row],[TWh '[2020']2]]*1000 -> 449.42 | G42: =IF(Table2[[#This Row],[Mil m3 EU '[2020']]]>0,Table2[[#This Row],[Mrd m3 EU '[2020']]],Table2[[#This Row],[Mrd m3 '[2020']]])*9.77 -> 0.44942 | M42: =_xlfn.CONCAT(A42,$J$2) -> ES_Prod | N42: =Table2[[#This Row],[Country]] -> ES
C44: =SUM(Table2[Mrd m3 '[2020']]) -> 953.60023 | D44: =SUM(Table2[Mil m3 EU '[2020']])/1000+C31+C37+C21+C3 -> 958.5178 | E44: =SUMIF(Table2[Mil m3 EU '[2020']],">0",Table2[Mrd m3 EU '[2020']]) -> 224.04682
A47: https://www.energyinst.org/statistical-review
A48: Tunisia | B48: https://www.ins.tn/sites/default/files/publication/pdf/bms%20octobre%202022.pdf | I48: average
A49: for all Europe | B49: https://ec.europa.eu/eurostat/databrowser/view/nrg_cb_gasm__custom_10421303/default/table?lang=en

Sheet nodes_gas_prod_world_2020
A1: Country | B1: Long_name | C1: Mrd m3 [2020] | D1: Mil m3 [2020] | E1: Mrd m3 [2020]2 | F1: GWh [2020] | G1: TWh [2020]2
A2: USA | B2: USA | C2: 924.81293 | E2: =Table7[[#This Row],[Mil m3 '[2020']]]/1000 -> 0 | F2: =Table7[[#This Row],[TWh '[2020']2]]*1000 -> 9035422.3 | G2: =IF(Table7[[#This Row],[Mil m3 '[2020']]]>0,Table7[[#This Row],[Mrd m3 '[2020']2]],Table7[[#This Row],[Mrd m3 '[2020']]])*9.77 -> 9035.4223
A3: CM | B3: North America | C3: =165.613+35.5252809102083 -> 201.13828 | E3: =Table7[[#This Row],[Mil m3 '[2020']]]/1000 -> 0 | F3: =Table7[[#This Row],[TWh '[2020']2]]*1000 -> 1965121 | G3: =IF(Table7[[#This Row],[Mil m3 '[2020']]]>0,Table7[[#This Row],[Mrd m3 '[2020']2]],Table7[[#This Row],[Mrd m3 '[2020']]])*9.77 -> 1965.121
A4: SA | B4: South America | C4: =156.619145389645-29.4652641615749 -> 127.15388 | E4: =Table7[[#This Row],[Mil m3 '[2020']]]/1000 -> 0 | F4: =Table7[[#This Row],[TWh '[2020']2]]*1000 -> 1242293.4 | G4: =IF(Table7[[#This Row],[Mil m3 '[2020']]]>0,Table7[[#This Row],[Mrd m3 '[2020']2]],Table7[[#This Row],[Mrd m3 '[2020']]])*9.77 -> 1242.2934
A5: TT | B5: Trinidad & Tobago | C5: 29.465264 | E5: =Table7[[#This Row],[Mil m3 '[2020']]]/1000 -> 0 | F5: =Table7[[#This Row],[TWh '[2020']2]]*1000 -> 287875.63 | G5: =IF(Table7[[#This Row],[Mil m3 '[2020']]]>0,Table7[[#This Row],[Mrd m3 '[2020']2]],Table7[[#This Row],[Mrd m3 '[2020']]])*9.77 -> 287.87563
A6: ME | B6: Middle East | C6: =667.939379731508-174.9348378172 -> 493.00454 | E6: =Table7[[#This Row],[Mil m3 '[2020']]]/1000 -> 0 | F6: =Table7[[#This Row],[TWh '[2020']2]]*1000 -> 4816654.4 | G6: =IF(Table7[[#This Row],[Mil m3 '[2020']]]>0,Table7[[#This Row],[Mrd m3 '[2020']2]],Table7[[#This Row],[Mrd m3 '[2020']]])*9.77 -> 4816.6544
A7: QA | B7: Qatar | C7: 174.93484 | E7: =Table7[[#This Row],[Mil m3 '[2020']]]/1000 -> 0 | F7: =Table7[[#This Row],[TWh '[2020']2]]*1000 -> 1709113.4 | G7: =IF(Table7[[#This Row],[Mil m3 '[2020']]]>0,Table7[[#This Row],[Mrd m3 '[2020']2]],Table7[[#This Row],[Mrd m3 '[2020']]])*9.77 -> 1709.1134
A8: AF | B8: Africa | C8: =231.909048813308-nodes_gas_prod_europe_2020!C21-nodes_gas_prod_europe_2020!C3-nodes_gas_prod_europe_2020!C37-C16 -> 77.41955 | E8: =Table7[[#This Row],[Mil m3 '[2020']]]/1000 -> 0 | F8: =Table7[[#This Row],[TWh '[2020']2]]*1000 -> 756389 | G8: =IF(Table7[[#This Row],[Mil m3 '[2020']]]>0,Table7[[#This Row],[Mrd m3 '[2020']2]],Table7[[#This Row],[Mrd m3 '[2020']]])*9.77 -> 756.389
A9: MA | B9: Morroco | C9: 0.07 | E9: =Table7[[#This Row],[Mil m3 '[2020']]]/1000 -> 0 | F9: =Table7[[#This Row],[TWh '[2020']2]]*1000 -> 683.9 | G9: =IF(Table7[[#This Row],[Mil m3 '[2020']]]>0,Table7[[#This Row],[Mrd m3 '[2020']2]],Table7[[#This Row],[Mrd m3 '[2020']]])*9.77 -> 0.6839
A10: AU | B10: Australia | C10: 145.71638 | E10: =Table7[[#This Row],[Mil m3 '[2020']]]/1000 -> 0 | F10: =Table7[[#This Row],[TWh '[2020']2]]*1000 -> 1423649 | G10: =IF(Table7[[#This Row],[Mil m3 '[2020']]]>0,Table7[[#This Row],[Mrd m3 '[2020']2]],Table7[[#This Row],[Mrd m3 '[2020']]])*9.77 -> 1423.649
A11: CN | B11: China | C11: 194.00922 | E11: =Table7[[#This Row],[Mil m3 '[2020']]]/1000 -> 0 | F11: =Table7[[#This Row],[TWh '[2020']2]]*1000 -> 1895470.1 | G11: =IF(Table7[[#This Row],[Mil m3 '[2020']]]>0,Table7[[#This Row],[Mrd m3 '[2020']2]],Table7[[#This Row],[Mrd m3 '[2020']]])*9.77 -> 1895.4701
A12: JS | B12: Japan & South Korea | C12: 0 | E12: =Table7[[#This Row],[Mil m3 '[2020']]]/1000 -> 0 | F12: =Table7[[#This Row],[TWh '[2020']2]]*1000 -> 0 | G12: =IF(Table7[[#This Row],[Mil m3 '[2020']]]>0,Table7[[#This Row],[Mrd m3 '[2020']2]],Table7[[#This Row],[Mrd m3 '[2020']]])*9.77 -> 0
A13: IN | B13: India | C13: 23.760627 | E13: =Table7[[#This Row],[Mil m3 '[2020']]]/1000 -> 0 | F13: =Table7[[#This Row],[TWh '[2020']2]]*1000 -> 232141.32 | G13: =IF(Table7[[#This Row],[Mil m3 '[2020']]]>0,Table7[[#This Row],[Mrd m3 '[2020']2]],Table7[[#This Row],[Mrd m3 '[2020']]])*9.77 -> 232.14132
A14: AS | B14: Asia | C14: =656.2735508682-C13-C11-C10-C12-C17 -> 154.99711 | E14: =Table7[[#This Row],[Mil m3 '[2020']]]/1000 -> 0 | F14: =Table7[[#This Row],[TWh '[2020']2]]*1000 -> 1514321.7 | G14: =IF(Table7[[#This Row],[Mil m3 '[2020']]]>0,Table7[[#This Row],[Mrd m3 '[2020']2]],Table7[[#This Row],[Mrd m3 '[2020']]])*9.77 -> 1514.3217
A15: CR | B15: Caspian Region | C15: =808.357450256401-638.446656032448 -> 169.91079 | E15: =Table7[[#This Row],[Mil m3 '[2020']]]/1000 -> 0 | F15: =Table7[[#This Row],[TWh '[2020']2]]*1000 -> 1660028.5 | G15: =IF(Table7[[#This Row],[Mil m3 '[2020']]]>0,Table7[[#This Row],[Mrd m3 '[2020']2]],Table7[[#This Row],[Mrd m3 '[2020']]])*9.77 -> 1660.0285
A16: EG | B16: Egypt | C16: 58.465174 | E16: =Table7[[#This Row],[Mil m3 '[2020']]]/1000 -> 0 | F16: =Table7[[#This Row],[TWh '[2020']2]]*1000 -> 571204.75 | G16: =IF(Table7[[#This Row],[Mil m3 '[2020']]]>0,Table7[[#This Row],[Mrd m3 '[2020']2]],Table7[[#This Row],[Mrd m3 '[2020']]])*9.77 -> 571.20475
A17: IM | B17: Indonesia & Malaysia | C17: =64.6974253845862+73.0927934801951 -> 137.79022 | E17: =Table7[[#This Row],[Mil m3 '[2020']]]/1000 -> 0 | F17: =Table7[[#This Row],[TWh '[2020']2]]*1000 -> 1346210.4 | G17: =IF(Table7[[#This Row],[Mil m3 '[2020']]]>0,Table7[[#This Row],[Mrd m3 '[2020']2]],Table7[[#This Row],[Mrd m3 '[2020']]])*9.77 -> 1346.2104
A20: https://www.energyinst.org/statistical-review
A21: https://www.statista.com/statistics/1538667/natural-gas-production-in-morocco-by-field/ | B21: for Morroco

Sheet nodes_gas_prod_europe_2024
A1: Country | B1: Long_name | C1: Mrd m3 [2020] | D1: Mil m3 EU [2020] | E1: Mrd m3 EU [2020] | F1: GWh [2020] | G1: TWh [2020] | M1: From | N1: To
A2: AL | B2: Albania | D2: 53.951 | E2: =Table26[[#This Row],[Mil m3 EU '[2020']]]/1000 -> 0.053951 | F2: =Table26[[#This Row],[TWh '[2020']]]*1000 -> 527.10127 | G2: =IF(Table26[[#This Row],[Mil m3 EU '[2020']]]>0,Table26[[#This Row],[Mrd m3 EU '[2020']]],Table26[[#This Row],[Mrd m3 '[2020']]])*9.77 -> 0.52710127 | J2: _Prod | M2: =_xlfn.CONCAT(A2,$J$2) -> AL_Prod | N2: =Table26[[#This Row],[Country]] -> AL
A3: DZ | B3: Algeria | C3: 101.54375 | E3: =Table26[[#This Row],[Mil m3 EU '[2020']]]/1000 -> 0 | F3: =Table26[[#This Row],[TWh '[2020']]]*1000 -> 992082.44 | G3: =IF(Table26[[#This Row],[Mil m3 EU '[2020']]]>0,Table26[[#This Row],[Mrd m3 EU '[2020']]],Table26[[#This Row],[Mrd m3 '[2020']]])*9.77 -> 992.08244 | M3: =_xlfn.CONCAT(A3,$J$2) -> DZ_Prod | N3: =Table26[[#This Row],[Country]] -> DZ
A4: AT | B4: Austria | D4: 548.072 | E4: =Table26[[#This Row],[Mil m3 EU '[2020']]]/1000 -> 0.548072 | F4: =Table26[[#This Row],[TWh '[2020']]]*1000 -> 5354.6634 | G4: =IF(Table26[[#This Row],[Mil m3 EU '[2020']]]>0,Table26[[#This Row],[Mrd m3 EU '[2020']]],Table26[[#This Row],[Mrd m3 '[2020']]])*9.77 -> 5.3546634 | M4: =_xlfn.CONCAT(A4,$J$2) -> AT_Prod | N4: =Table26[[#This Row],[Country]] -> AT
A5: BY | B5: Belarus | E5: =Table26[[#This Row],[Mil m3 EU '[2020']]]/1000 -> 0 | F5: =Table26[[#This Row],[TWh '[2020']]]*1000 -> 0 | G5: =IF(Table26[[#This Row],[Mil m3 EU '[2020']]]>0,Table26[[#This Row],[Mrd m3 EU '[2020']]],Table26[[#This Row],[Mrd m3 '[2020']]])*9.77 -> 0 | M5: =_xlfn.CONCAT(A5,$J$2) -> BY_Prod | N5: =Table26[[#This Row],[Country]] -> BY
A6: BE | B6: Belgium | D6: 15 | E6: =Table26[[#This Row],[Mil m3 EU '[2020']]]/1000 -> 0.015 | F6: =Table26[[#This Row],[TWh '[2020']]]*1000 -> 146.55 | G6: =IF(Table26[[#This Row],[Mil m3 EU '[2020']]]>0,Table26[[#This Row],[Mrd m3 EU '[2020']]],Table26[[#This Row],[Mrd m3 '[2020']]])*9.77 -> 0.14655 | M6: =_xlfn.CONCAT(A6,$J$2) -> BE_Prod | N6: =Table26[[#This Row],[Country]] -> BE
A7: BA | B7: Bosnia and Herzegovina | E7: =Table26[[#This Row],[Mil m3 EU '[2020']]]/1000 -> 0 | F7: =Table26[[#This Row],[TWh '[2020']]]*1000 -> 0 | G7: =IF(Table26[[#This Row],[Mil m3 EU '[2020']]]>0,Table26[[#This Row],[Mrd m3 EU '[2020']]],Table26[[#This Row],[Mrd m3 '[2020']]])*9.77 -> 0 | M7: =_xlfn.CONCAT(A7,$J$2) -> BA_Prod | N7: =Table26[[#This Row],[Country]] -> BA
A8: BG | B8: Bulgaria | D8: 8.14 | E8: =Table26[[#This Row],[Mil m3 EU '[2020']]]/1000 -> 0.00814 | F8: =Table26[[#This Row],[TWh '[2020']]]*1000 -> 79.5278 | G8: =IF(Table26[[#This Row],[Mil m3 EU '[2020']]]>0,Table26[[#This Row],[Mrd m3 EU '[2020']]],Table26[[#This Row],[Mrd m3 '[2020']]])*9.77 -> 0.0795278 | M8: =_xlfn.CONCAT(A8,$J$2) -> BG_Prod | N8: =Table26[[#This Row],[Country]] -> BG
A9: HR | B9: Croatia | D9: 754.1 | E9: =Table26[[#This Row],[Mil m3 EU '[2020']]]/1000 -> 0.7541 | F9: =Table26[[#This Row],[TWh '[2020']]]*1000 -> 7367.557 | G9: =IF(Table26[[#This Row],[Mil m3 EU '[2020']]]>0,Table26[[#This Row],[Mrd m3 EU '[2020']]],Table26[[#This Row],[Mrd m3 '[2020']]])*9.77 -> 7.367557 | M9: =_xlfn.CONCAT(A9,$J$2) -> HR_Prod | N9: =Table26[[#This Row],[Country]] -> HR
A10: CZ | B10: Czech Republic | D10: 186.469 | E10: =Table26[[#This Row],[Mil m3 EU '[2020']]]/1000 -> 0.186469 | F10: =Table26[[#This Row],[TWh '[2020']]]*1000 -> 1821.8021 | G10: =IF(Table26[[#This Row],[Mil m3 EU '[2020']]]>0,Table26[[#This Row],[Mrd m3 EU '[2020']]],Table26[[#This Row],[Mrd m3 '[2020']]])*9.77 -> 1.8218021 | M10: =_xlfn.CONCAT(A10,$J$2) -> CZ_Prod | N10: =Table26[[#This Row],[Country]] -> CZ
A11: DK | B11: Denmark | C11: 1.401156 | D11: 1801.47 | E11: =Table26[[#This Row],[Mil m3 EU '[2020']]]/1000 -> 1.80147 | F11: =Table26[[#This Row],[TWh '[2020']]]*1000 -> 17600.362 | G11: =IF(Table26[[#This Row],[Mil m3 EU '[2020']]]>0,Table26[[#This Row],[Mrd m3 EU '[2020']]],Table26[[#This Row],[Mrd m3 '[2020']]])*9.77 -> 17.600362 | M11: =_xlfn.CONCAT(A11,$J$2) -> DK_Prod | N11: =Table26[[#This Row],[Country]] -> DK
A12: EE | B12: Estonia | D12: 0 | E12: =Table26[[#This Row],[Mil m3 EU '[2020']]]/1000 -> 0 | F12: =Table26[[#This Row],[TWh '[2020']]]*1000 -> 0 | G12: =IF(Table26[[#This Row],[Mil m3 EU '[2020']]]>0,Table26[[#This Row],[Mrd m3 EU '[2020']]],Table26[[#This Row],[Mrd m3 '[2020']]])*9.77 -> 0 | M12: =_xlfn.CONCAT(A12,$J$2) -> EE_Prod | N12: =Table26[[#This Row],[Country]] -> EE
A13: FI | B13: Finland | E13: =Table26[[#This Row],[Mil m3 EU '[2020']]]/1000 -> 0 | F13: =Table26[[#This Row],[TWh '[2020']]]*1000 -> 0 | G13: =IF(Table26[[#This Row],[Mil m3 EU '[2020']]]>0,Table26[[#This Row],[Mrd m3 EU '[2020']]],Table26[[#This Row],[Mrd m3 '[2020']]])*9.77 -> 0 | M13: =_xlfn.CONCAT(A13,$J$2) -> FI_Prod | N13: =Table26[[#This Row],[Country]] -> FI
A14: FR | B14: France | D14: 12.376 | E14: =Table26[[#This Row],[Mil m3 EU '[2020']]]/1000 -> 0.012376 | F14: =Table26[[#This Row],[TWh '[2020']]]*1000 -> 120.91352 | G14: =IF(Table26[[#This Row],[Mil m3 EU '[2020']]]>0,Table26[[#This Row],[Mrd m3 EU '[2020']]],Table26[[#This Row],[Mrd m3 '[2020']]])*9.77 -> 0.12091352 | M14: =_xlfn.CONCAT(A14,$J$2) -> FR_Prod | N14: =Table26[[#This Row],[Country]] -> FR
A15: DE | B15: Germany | C15: 3.8061187 | D15: 3873 | E15: =Table26[[#This Row],[Mil m3 EU '[2020']]]/1000 -> 3.873 | F15: =Table26[[#This Row],[TWh '[2020']]]*1000 -> 37839.21 | G15: =IF(Table26[[#This Row],[Mil m3 EU '[2020']]]>0,Table26[[#This Row],[Mrd m3 EU '[2020']]],Table26[[#This Row],[Mrd m3 '[2020']]])*9.77 -> 37.83921 | M15: =_xlfn.CONCAT(A15,$J$2) -> DE_Prod | N15: =Table26[[#This Row],[Country]] -> DE
A16: EL | B16: Greece | D16: 1.991 | E16: =Table26[[#This Row],[Mil m3 EU '[2020']]]/1000 -> 0.001991 | F16: =Table26[[#This Row],[TWh '[2020']]]*1000 -> 19.45207 | G16: =IF(Table26[[#This Row],[Mil m3 EU '[2020']]]>0,Table26[[#This Row],[Mrd m3 EU '[2020']]],Table26[[#This Row],[Mrd m3 '[2020']]])*9.77 -> 0.01945207 | M16: =_xlfn.CONCAT(A16,$J$2) -> EL_Prod | N16: =Table26[[#This Row],[Country]] -> EL
A17: HU | B17: Hungary | D17: 1723.8 | E17: =Table26[[#This Row],[Mil m3 EU '[2020']]]/1000 -> 1.7238 | F17: =Table26[[#This Row],[TWh '[2020']]]*1000 -> 16841.526 | G17: =IF(Table26[[#This Row],[Mil m3 EU '[2020']]]>0,Table26[[#This Row],[Mrd m3 EU '[2020']]],Table26[[#This Row],[Mrd m3 '[2020']]])*9.77 -> 16.841526 | M17: =_xlfn.CONCAT(A17,$J$2) -> HU_Prod | N17: =Table26[[#This Row],[Country]] -> HU
A18: IE | B18: Ireland | D18: 1080.785 | E18: =Table26[[#This Row],[Mil m3 EU '[2020']]]/1000 -> 1.080785 | F18: =Table26[[#This Row],[TWh '[2020']]]*1000 -> 10559.269 | G18: =IF(Table26[[#This Row],[Mil m3 EU '[2020']]]>0,Table26[[#This Row],[Mrd m3 EU '[2020']]],Table26[[#This Row],[Mrd m3 '[2020']]])*9.77 -> 10.559269 | M18: =_xlfn.CONCAT(A18,$J$2) -> IE_Prod | N18: =Table26[[#This Row],[Country]] -> IE
A19: IT | B19: Italy | C19: 2.8462663 | D19: 2940.244 | E19: =Table26[[#This Row],[Mil m3 EU '[2020']]]/1000 -> 2.940244 | F19: =Table26[[#This Row],[TWh '[2020']]]*1000 -> 28726.184 | G19: =IF(Table26[[#This Row],[Mil m3 EU '[2020']]]>0,Table26[[#This Row],[Mrd m3 EU '[2020']]],Table26[[#This Row],[Mrd m3 '[2020']]])*9.77 -> 28.726184 | M19: =_xlfn.CONCAT(A19,$J$2) -> IT_Prod | N19: =Table26[[#This Row],[Country]] -> IT
A20: LV | B20: Latvia | E20: =Table26[[#This Row],[Mil m3 EU '[2020']]]/1000 -> 0 | F20: =Table26[[#This Row],[TWh '[2020']]]*1000 -> 0 | G20: =IF(Table26[[#This Row],[Mil m3 EU '[2020']]]>0,Table26[[#This Row],[Mrd m3 EU '[2020']]],Table26[[#This Row],[Mrd m3 '[2020']]])*9.77 -> 0 | M20: =_xlfn.CONCAT(A20,$J$2) -> LV_Prod | N20: =Table26[[#This Row],[Country]] -> LV
A21: LY | B21: Libya | C21: 16.307676 | E21: =Table26[[#This Row],[Mil m3 EU '[2020']]]/1000 -> 0 | F21: =Table26[[#This Row],[TWh '[2020']]]*1000 -> 159325.99 | G21: =IF(Table26[[#This Row],[Mil m3 EU '[2020']]]>0,Table26[[#This Row],[Mrd m3 EU '[2020']]],Table26[[#This Row],[Mrd m3 '[2020']]])*9.77 -> 159.32599 | M21: =_xlfn.CONCAT(A21,$J$2) -> LY_Prod | N21: =Table26[[#This Row],[Country]] -> LY
A22: LT | B22: Lithuania | E22: =Table26[[#This Row],[Mil m3 EU '[2020']]]/1000 -> 0 | F22: =Table26[[#This Row],[TWh '[2020']]]*1000 -> 0 | G22: =IF(Table26[[#This Row],[Mil m3 EU '[2020']]]>0,Table26[[#This Row],[Mrd m3 EU '[2020']]],Table26[[#This Row],[Mrd m3 '[2020']]])*9.77 -> 0 | M22: =_xlfn.CONCAT(A22,$J$2) -> LT_Prod | N22: =Table26[[#This Row],[Country]] -> LT
A23: LU | B23: Luxemburg | E23: =Table26[[#This Row],[Mil m3 EU '[2020']]]/1000 -> 0 | F23: =Table26[[#This Row],[TWh '[2020']]]*1000 -> 0 | G23: =IF(Table26[[#This Row],[Mil m3 EU '[2020']]]>0,Table26[[#This Row],[Mrd m3 EU '[2020']]],Table26[[#This Row],[Mrd m3 '[2020']]])*9.77 -> 0 | M23: =_xlfn.CONCAT(A23,$J$2) -> LU_Prod | N23: =Table26[[#This Row],[Country]] -> LU
A24: MD | B24: Moldova | E24: =Table26[[#This Row],[Mil m3 EU '[2020']]]/1000 -> 0 | F24: =Table26[[#This Row],[TWh '[2020']]]*1000 -> 0 | G24: =IF(Table26[[#This Row],[Mil m3 EU '[2020']]]>0,Table26[[#This Row],[Mrd m3 EU '[2020']]],Table26[[#This Row],[Mrd m3 '[2020']]])*9.77 -> 0 | M24: =_xlfn.CONCAT(A24,$J$2) -> MD_Prod | N24: =Table26[[#This Row],[Country]] -> MD
A25: NL | B25: Netherlands | C25: 9.8527778 | D25: 9838.773 | E25: =Table26[[#This Row],[Mil m3 EU '[2020']]]/1000 -> 9.838773 | F25: =Table26[[#This Row],[TWh '[2020']]]*1000 -> 96124.812 | G25: =IF(Table26[[#This Row],[Mil m3 EU '[2020']]]>0,Table26[[#This Row],[Mrd m3 EU '[2020']]],Table26[[#This Row],[Mrd m3 '[2020']]])*9.77 -> 96.124812 | M25: =_xlfn.CONCAT(A25,$J$2) -> NL_Prod | N25: =Table26[[#This Row],[Country]] -> NL
A26: MK | B26: North Macedonia | E26: =Table26[[#This Row],[Mil m3 EU '[2020']]]/1000 -> 0 | F26: =Table26[[#This Row],[TWh '[2020']]]*1000 -> 0 | G26: =IF(Table26[[#This Row],[Mil m3 EU '[2020']]]>0,Table26[[#This Row],[Mrd m3 EU '[2020']]],Table26[[#This Row],[Mrd m3 '[2020']]])*9.77 -> 0 | M26: =_xlfn.CONCAT(A26,$J$2) -> MK_Prod | N26: =Table26[[#This Row],[Country]] -> MK
A27: NO | B27: Norway | C27: 116.63358 | D27: 117972.9 | E27: =Table26[[#This Row],[Mil m3 EU '[2020']]]/1000 -> 117.9729 | F27: =Table26[[#This Row],[TWh '[2020']]]*1000 -> 1152595.3 | G27: =IF(Table26[[#This Row],[Mil m3 EU '[2020']]]>0,Table26[[#This Row],[Mrd m3 EU '[2020']]],Table26[[#This Row],[Mrd m3 '[2020']]])*9.77 -> 1152.5953 | M27: =_xlfn.CONCAT(A27,$J$2) -> NO_Prod | N27: =Table26[[#This Row],[Country]] -> NO
A28: PL | B28: Poland | C28: 3.597013 | E28: =Table26[[#This Row],[Mil m3 EU '[2020']]]/1000 -> 0 | F28: =Table26[[#This Row],[TWh '[2020']]]*1000 -> 35142.817 | G28: =IF(Table26[[#This Row],[Mil m3 EU '[2020']]]>0,Table26[[#This Row],[Mrd m3 EU '[2020']]],Table26[[#This Row],[Mrd m3 '[2020']]])*9.77 -> 35.142817 | M28: =_xlfn.CONCAT(A28,$J$2) -> PL_Prod | N28: =Table26[[#This Row],[Country]] -> PL
A29: PT | B29: Portugal | E29: =Table26[[#This Row],[Mil m3 EU '[2020']]]/1000 -> 0 | F29: =Table26[[#This Row],[TWh '[2020']]]*1000 -> 0 | G29: =IF(Table26[[#This Row],[Mil m3 EU '[2020']]]>0,Table26[[#This Row],[Mrd m3 EU '[2020']]],Table26[[#This Row],[Mrd m3 '[2020']]])*9.77 -> 0 | M29: =_xlfn.CONCAT(A29,$J$2) -> PT_Prod | N29: =Table26[[#This Row],[Country]] -> PT
A30: RO | B30: Romania | C30: 8.8722169 | D30: 9372 | E30: =Table26[[#This Row],[Mil m3 EU '[2020']]]/1000 -> 9.372 | F30: =Table26[[#This Row],[TWh '[2020']]]*1000 -> 91564.44 | G30: =IF(Table26[[#This Row],[Mil m3 EU '[2020']]]>0,Table26[[#This Row],[Mrd m3 EU '[2020']]],Table26[[#This Row],[Mrd m3 '[2020']]])*9.77 -> 91.56444 | M30: =_xlfn.CONCAT(A30,$J$2) -> RO_Prod | N30: =Table26[[#This Row],[Country]] -> RO
A31: RU | B31: Russia | C31: 586.3822 | E31: =Table26[[#This Row],[Mil m3 EU '[2020']]]/1000 -> 0 | F31: =Table26[[#This Row],[TWh '[2020']]]*1000 -> 5728954.1 | G31: =IF(Table26[[#This Row],[Mil m3 EU '[2020']]]>0,Table26[[#This Row],[Mrd m3 EU '[2020']]],Table26[[#This Row],[Mrd m3 '[2020']]])*9.77 -> 5728.9541 | M31: =_xlfn.CONCAT(A31,$J$2) -> RU_Prod | N31: =Table26[[#This Row],[Country]] -> RU
A32: SM | B32: San Marino | E32: =Table26[[#This Row],[Mil m3 EU '[2020']]]/1000 -> 0 | F32: =Table26[[#This Row],[TWh '[2020']]]*1000 -> 0 | G32: =IF(Table26[[#This Row],[Mil m3 EU '[2020']]]>0,Table26[[#This Row],[Mrd m3 EU '[2020']]],Table26[[#This Row],[Mrd m3 '[2020']]])*9.77 -> 0 | M32: =_xlfn.CONCAT(A32,$J$2) -> SM_Prod | N32: =Table26[[#This Row],[Country]] -> SM
A33: RS | B33: Serbia | D33: 295 | E33: =Table26[[#This Row],[Mil m3 EU '[2020']]]/1000 -> 0.295 | F33: =Table26[[#This Row],[TWh '[2020']]]*1000 -> 2882.15 | G33: =IF(Table26[[#This Row],[Mil m3 EU '[2020']]]>0,Table26[[#This Row],[Mrd m3 EU '[2020']]],Table26[[#This Row],[Mrd m3 '[2020']]])*9.77 -> 2.88215 | M33: =_xlfn.CONCAT(A33,$J$2) -> RS_Prod | N33: =Table26[[#This Row],[Country]] -> RS
A34: SK | B34: Slovakia | D34: 40.037 | E34: =Table26[[#This Row],[Mil m3 EU '[2020']]]/1000 -> 0.040037 | F34: =Table26[[#This Row],[TWh '[2020']]]*1000 -> 391.16149 | G34: =IF(Table26[[#This Row],[Mil m3 EU '[2020']]]>0,Table26[[#This Row],[Mrd m3 EU '[2020']]],Table26[[#This Row],[Mrd m3 '[2020']]])*9.77 -> 0.39116149 | M34: =_xlfn.CONCAT(A34,$J$2) -> SK_Prod | N34: =Table26[[#This Row],[Country]] -> SK
A35: SI | B35: Slovenia | D35: 3.802 | E35: =Table26[[#This Row],[Mil m3 EU '[2020']]]/1000 -> 0.003802 | F35: =Table26[[#This Row],[TWh '[2020']]]*1000 -> 37.14554 | G35: =IF(Table26[[#This Row],[Mil m3 EU '[2020']]]>0,Table26[[#This Row],[Mrd m3 EU '[2020']]],Table26[[#This Row],[Mrd m3 '[2020']]])*9.77 -> 0.03714554 | M35: =_xlfn.CONCAT(A35,$J$2) -> SI_Prod | N35: =Table26[[#This Row],[Country]] -> SI
A36: CH | B36: Switzerland | E36: =Table26[[#This Row],[Mil m3 EU '[2020']]]/1000 -> 0 | F36: =Table26[[#This Row],[TWh '[2020']]]*1000 -> 0 | G36: =IF(Table26[[#This Row],[Mil m3 EU '[2020']]]>0,Table26[[#This Row],[Mrd m3 EU '[2020']]],Table26[[#This Row],[Mrd m3 '[2020']]])*9.77 -> 0 | M36: =_xlfn.CONCAT(A36,$J$2) -> CH_Prod | N36: =Table26[[#This Row],[Country]] -> CH
A37: TN | B37: Tunisia | C37: 1.8432 | E37: =Table26[[#This Row],[Mil m3 EU '[2020']]]/1000 -> 0 | F37: =Table26[[#This Row],[TWh '[2020']]]*1000 -> 18008.064 | G37: =IF(Table26[[#This Row],[Mil m3 EU '[2020']]]>0,Table26[[#This Row],[Mrd m3 EU '[2020']]],Table26[[#This Row],[Mrd m3 '[2020']]])*9.77 -> 18.008064 | M37: =_xlfn.CONCAT(A37,$J$2) -> TN_Prod | N37: =Table26[[#This Row],[Country]] -> TN
A38: TR | B38: Türkiye | D38: 2259.11 | E38: =Table26[[#This Row],[Mil m3 EU '[2020']]]/1000 -> 2.25911 | F38: =Table26[[#This Row],[TWh '[2020']]]*1000 -> 22071.505 | G38: =IF(Table26[[#This Row],[Mil m3 EU '[2020']]]>0,Table26[[#This Row],[Mrd m3 EU '[2020']]],Table26[[#This Row],[Mrd m3 '[2020']]])*9.77 -> 22.071505 | M38: =_xlfn.CONCAT(A38,$J$2) -> TR_Prod | N38: =Table26[[#This Row],[Country]] -> TR
A39: UK | B39: UK | C39: 34.473206 | E39: =Table26[[#This Row],[Mil m3 EU '[2020']]]/1000 -> 0 | F39: =Table26[[#This Row],[TWh '[2020']]]*1000 -> 336803.22 | G39: =IF(Table26[[#This Row],[Mil m3 EU '[2020']]]>0,Table26[[#This Row],[Mrd m3 EU '[2020']]],Table26[[#This Row],[Mrd m3 '[2020']]])*9.77 -> 336.80322 | M39: =_xlfn.CONCAT(A39,$J$2) -> UK_Prod | N39: =Table26[[#This Row],[Country]] -> UK
A40: UA | B40: Ukraine | C40: 17.697886 | E40: =Table26[[#This Row],[Mil m3 EU '[2020']]]/1000 -> 0 | F40: =Table26[[#This Row],[TWh '[2020']]]*1000 -> 172908.35 | G40: =IF(Table26[[#This Row],[Mil m3 EU '[2020']]]>0,Table26[[#This Row],[Mrd m3 EU '[2020']]],Table26[[#This Row],[Mrd m3 '[2020']]])*9.77 -> 172.90835 | M40: =_xlfn.CONCAT(A40,$J$2) -> UA_Prod | N40: =Table26[[#This Row],[Country]] -> UA
A41: OE | B41: Other Europe | C41: 5.1484131 | E41: =Table26[[#This Row],[Mil m3 EU '[2020']]]/1000 -> 0 | F41: =Table26[[#This Row],[TWh '[2020']]]*1000 -> 50299.996 | G41: =IF(Table26[[#This Row],[Mil m3 EU '[2020']]]>0,Table26[[#This Row],[Mrd m3 EU '[2020']]],Table26[[#This Row],[Mrd m3 '[2020']]])*9.77 -> 50.299996 | M41: =_xlfn.CONCAT(A41,$J$2) -> OE_Prod | N41: =Table26[[#This Row],[Country]] -> OE
A42: ES | B42: Spain | D42: 21.465 | E42: =Table26[[#This Row],[Mil m3 EU '[2020']]]/1000 -> 0.021465 | F42: =Table26[[#This Row],[TWh '[2020']]]*1000 -> 209.71305 | G42: =IF(Table26[[#This Row],[Mil m3 EU '[2020']]]>0,Table26[[#This Row],[Mrd m3 EU '[2020']]],Table26[[#This Row],[Mrd m3 '[2020']]])*9.77 -> 0.20971305 | M42: =_xlfn.CONCAT(A42,$J$2) -> ES_Prod | N42: =Table26[[#This Row],[Country]] -> ES
C44: =SUM(Table26[Mrd m3 '[2020']]) -> 910.40546 | D44: =SUM(Table26[Mil m3 EU '[2020']])/1000+C31+C37+C21+C3 -> 858.87932 | E44: =SUMIF(Table26[Mil m3 EU '[2020']],">0",Table26[Mrd m3 EU '[2020']]) -> 152.80249
A47: https://www.energyinst.org/statistical-review
A48: Tunisia | B48: https://www.ins.tn/sites/default/files-ftp3/files/publication/pdf/bms%20Aout%202024.pdf | I48: average
A49: for all Europe | B49: https://ec.europa.eu/eurostat/databrowser/view/nrg_cb_gasm__custom_10421303/default/table?lang=en

Sheet nodes_gas_prod_world_2024
A1: Country | B1: Long_name | C1: Mrd m3 [2020] | D1: Mil m3 [2020] | E1: Mrd m3 [2020]2 | F1: GWh [2020] | G1: TWh [2020]
A2: USA | B2: USA | C2: 1035.2967 | E2: =Table79[[#This Row],[Mil m3 '[2020']]]/1000 -> 0 | F2: =Table79[[#This Row],[TWh '[2020']]]*1000 -> 10114849 | G2: =IF(Table79[[#This Row],[Mil m3 '[2020']]]>0,Table79[[#This Row],[Mrd m3 '[2020']2]],Table79[[#This Row],[Mrd m3 '[2020']]])*9.77 -> 10114.849
A3: CM | B3: North America | C3: =1261.13549926252-1035.29668748294 -> 225.83881 | E3: =Table79[[#This Row],[Mil m3 '[2020']]]/1000 -> 0 | F3: =Table79[[#This Row],[TWh '[2020']]]*1000 -> 2206445.2 | G3: =IF(Table79[[#This Row],[Mil m3 '[2020']]]>0,Table79[[#This Row],[Mrd m3 '[2020']2]],Table79[[#This Row],[Mrd m3 '[2020']]])*9.77 -> 2206.4452
A4: SA | B4: South America | C4: =162.021478179314-24.9936060429938 -> 137.02787 | E4: =Table79[[#This Row],[Mil m3 '[2020']]]/1000 -> 0 | F4: =Table79[[#This Row],[TWh '[2020']]]*1000 -> 1338762.3 | G4: =IF(Table79[[#This Row],[Mil m3 '[2020']]]>0,Table79[[#This Row],[Mrd m3 '[2020']2]],Table79[[#This Row],[Mrd m3 '[2020']]])*9.77 -> 1338.7623
A5: TT | B5: Trinidad & Tobago | C5: 24.993606 | E5: =Table79[[#This Row],[Mil m3 '[2020']]]/1000 -> 0 | F5: =Table79[[#This Row],[TWh '[2020']]]*1000 -> 244187.53 | G5: =IF(Table79[[#This Row],[Mil m3 '[2020']]]>0,Table79[[#This Row],[Mrd m3 '[2020']2]],Table79[[#This Row],[Mrd m3 '[2020']]])*9.77 -> 244.18753
A6: ME | B6: Middle East | C6: =712.704008488226-180.976586566424 -> 531.72742 | E6: =Table79[[#This Row],[Mil m3 '[2020']]]/1000 -> 0 | F6: =Table79[[#This Row],[TWh '[2020']]]*1000 -> 5194976.9 | G6: =IF(Table79[[#This Row],[Mil m3 '[2020']]]>0,Table79[[#This Row],[Mrd m3 '[2020']2]],Table79[[#This Row],[Mrd m3 '[2020']]])*9.77 -> 5194.9769
A7: QA | B7: Qatar | C7: 180.97659 | E7: =Table79[[#This Row],[Mil m3 '[2020']]]/1000 -> 0 | F7: =Table79[[#This Row],[TWh '[2020']]]*1000 -> 1768141.3 | G7: =IF(Table79[[#This Row],[Mil m3 '[2020']]]>0,Table79[[#This Row],[Mrd m3 '[2020']2]],Table79[[#This Row],[Mrd m3 '[2020']]])*9.77 -> 1768.1413
A8: AF | B8: Africa | C8: =253.649617284986-nodes_gas_prod_europe_2024!C21-nodes_gas_prod_europe_2024!C3-nodes_gas_prod_europe_2024!C37-C16 -> 76.854578 | E8: =Table79[[#This Row],[Mil m3 '[2020']]]/1000 -> 0 | F8: =Table79[[#This Row],[TWh '[2020']]]*1000 -> 750869.23 | G8: =IF(Table79[[#This Row],[Mil m3 '[2020']]]>0,Table79[[#This Row],[Mrd m3 '[2020']2]],Table79[[#This Row],[Mrd m3 '[2020']]])*9.77 -> 750.86923
A9: MA | B9: Morroco | C9: 0.07 | E9: =Table79[[#This Row],[Mil m3 '[2020']]]/1000 -> 0 | F9: =Table79[[#This Row],[TWh '[2020']]]*1000 -> 683.9 | G9: =IF(Table79[[#This Row],[Mil m3 '[2020']]]>0,Table79[[#This Row],[Mrd m3 '[2020']2]],Table79[[#This Row],[Mrd m3 '[2020']]])*9.77 -> 0.6839
A10: AU | B10: Australia | C10: 151.74021 | E10: =Table79[[#This Row],[Mil m3 '[2020']]]/1000 -> 0 | F10: =Table79[[#This Row],[TWh '[2020']]]*1000 -> 1482501.9 | G10: =IF(Table79[[#This Row],[Mil m3 '[2020']]]>0,Table79[[#This Row],[Mrd m3 '[2020']2]],Table79[[#This Row],[Mrd m3 '[2020']]])*9.77 -> 1482.5019
A11: CN | B11: China | C11: 234.25836 | E11: =Table79[[#This Row],[Mil m3 '[2020']]]/1000 -> 0 | F11: =Table79[[#This Row],[TWh '[2020']]]*1000 -> 2288704.2 | G11: =IF(Table79[[#This Row],[Mil m3 '[2020']]]>0,Table79[[#This Row],[Mrd m3 '[2020']2]],Table79[[#This Row],[Mrd m3 '[2020']]])*9.77 -> 2288.7042
A12: JS | B12: Japan & South Korea | C12: 0 | E12: =Table79[[#This Row],[Mil m3 '[2020']]]/1000 -> 0 | F12: =Table79[[#This Row],[TWh '[2020']]]*1000 -> 0 | G12: =IF(Table79[[#This Row],[Mil m3 '[2020']]]>0,Table79[[#This Row],[Mrd m3 '[2020']2]],Table79[[#This Row],[Mrd m3 '[2020']]])*9.77 -> 0
A13: IN | B13: India | C13: 31.585489 | E13: =Table79[[#This Row],[Mil m3 '[2020']]]/1000 -> 0 | F13: =Table79[[#This Row],[TWh '[2020']]]*1000 -> 308590.22 | G13: =IF(Table79[[#This Row],[Mil m3 '[2020']]]>0,Table79[[#This Row],[Mrd m3 '[2020']2]],Table79[[#This Row],[Mrd m3 '[2020']]])*9.77 -> 308.59022
A14: AS | B14: Asia | C14: =691.83903700697-C13-C11-C10-C12-C17 -> 128.9168 | E14: =Table79[[#This Row],[Mil m3 '[2020']]]/1000 -> 0 | F14: =Table79[[#This Row],[TWh '[2020']]]*1000 -> 1259517.2 | G14: =IF(Table79[[#This Row],[Mil m3 '[2020']]]>0,Table79[[#This Row],[Mrd m3 '[2020']2]],Table79[[#This Row],[Mrd m3 '[2020']]])*9.77 -> 1259.5172
A15: CR | B15: Caspian Region | C15: =773.5530598751-586.382199872419 -> 187.17086 | E15: =Table79[[#This Row],[Mil m3 '[2020']]]/1000 -> 0 | F15: =Table79[[#This Row],[TWh '[2020']]]*1000 -> 1828659.3 | G15: =IF(Table79[[#This Row],[Mil m3 '[2020']]]>0,Table79[[#This Row],[Mrd m3 '[2020']2]],Table79[[#This Row],[Mrd m3 '[2020']]])*9.77 -> 1828.6593
A16: EG | B16: Egypt | C16: 57.100413 | E16: =Table79[[#This Row],[Mil m3 '[2020']]]/1000 -> 0 | F16: =Table79[[#This Row],[TWh '[2020']]]*1000 -> 557871.04 | G16: =IF(Table79[[#This Row],[Mil m3 '[2020']]]>0,Table79[[#This Row],[Mrd m3 '[2020']2]],Table79[[#This Row],[Mrd m3 '[2020']]])*9.77 -> 557.87104
A17: IM | B17: Indonesia & Malaysia | C17: =64.2640381356325+81.074134147023 -> 145.33817 | E17: =Table79[[#This Row],[Mil m3 '[2020']]]/1000 -> 0 | F17: =Table79[[#This Row],[TWh '[2020']]]*1000 -> 1419953.9 | G17: =IF(Table79[[#This Row],[Mil m3 '[2020']]]>0,Table79[[#This Row],[Mrd m3 '[2020']2]],Table79[[#This Row],[Mrd m3 '[2020']]])*9.77 -> 1419.9539
A20: https://www.energyinst.org/statistical-review
A21: https://www.statista.com/statistics/1538667/natural-gas-production-in-morocco-by-field/ | B21: for Morroco

Sheet nodes_gas_prod_europe_2035_SP
A1: Country | B1: Long_name | C1: Mrd m3 [2035] SP | D1: Mil m3 EU [2024] | E1: Mrd m3 EU [2020] | F1: GWh [2020] | G1: TWh [2020] | M1: From | N1: To
A2: AL | B2: Albania | C2: =$J$6*(D2/$K$6) -> 0.047470068 | D2: 527.10127 | F2: =Table2620[[#This Row],[TWh '[2020']]]*1000 -> 463.78257 | G2: =(Table2620[[#This Row],[Mrd m3 '[2035'] SP]])*9.77 -> 0.46378257 | J2: _Prod | M2: =_xlfn.CONCAT(A2,$J$2) -> AL_Prod | N2: =Table2620[[#This Row],[Country]] -> AL
A3: DZ | B3: Algeria | C3: =298*(101.54375/nodes_gas_prod_world_2035!$E$8) -> 119.29857 | D3: 992082.44 | F3: =Table2620[[#This Row],[TWh '[2020']]]*1000 -> 1165547.1 | G3: =(Table2620[[#This Row],[Mrd m3 '[2035'] SP]])*9.77 -> 1165.5471 | M3: =_xlfn.CONCAT(A3,$J$2) -> DZ_Prod | N3: =Table2620[[#This Row],[Country]] -> DZ
A4: AT | B4: Austria | C4: =$J$5*(D4/$K$5) -> 0.44373917 | D4: 5354.6634 | F4: =Table2620[[#This Row],[TWh '[2020']]]*1000 -> 4335.3317 | G4: =(Table2620[[#This Row],[Mrd m3 '[2035'] SP]])*9.77 -> 4.3353317 | J4: Stated Policy | K4: 2024 | M4: =_xlfn.CONCAT(A4,$J$2) -> AT_Prod | N4: =Table2620[[#This Row],[Country]] -> AT
A5: BY | B5: Belarus | C5: =$J$6*(D5/$K$6) -> 0 | D5: 0 | F5: =Table2620[[#This Row],[TWh '[2020']]]*1000 -> 0 | G5: =(Table2620[[#This Row],[Mrd m3 '[2035'] SP]])*9.77 -> 0 | I5: EU | J5: 29 | K5: =D4+D6+D8+D9+D10+D11+D12+D13+D14+D15+D16+D17+D18+D19+D20+D22+D23+D25+D28+D29+D30+D34+D35+D42 -> 349947.11 | M5: =_xlfn.CONCAT(A5,$J$2) -> BY_Prod | N5: =Table2620[[#This Row],[Country]] -> BY
A6: BE | B6: Belgium | C6: =$J$5*(D6/$K$5) -> 0.01214455 | D6: 146.55 | F6: =Table2620[[#This Row],[TWh '[2020']]]*1000 -> 118.65225 | G6: =(Table2620[[#This Row],[Mrd m3 '[2035'] SP]])*9.77 -> 0.11865225 | I6: non EU | J6: =181-J5 -> 152 | K6: =D2+D5+D7+D24+D26+D27+D32+D33+D36+D38+D39+D40 -> 1687787.6 | M6: =_xlfn.CONCAT(A6,$J$2) -> BE_Prod | N6: =Table2620[[#This Row],[Country]] -> BE
A7: BA | B7: Bosnia and Herzegovina | C7: =$J$6*(D7/$K$6) -> 0 | D7: 0 | F7: =Table2620[[#This Row],[TWh '[2020']]]*1000 -> 0 | G7: =(Table2620[[#This Row],[Mrd m3 '[2035'] SP]])*9.77 -> 0 | M7: =_xlfn.CONCAT(A7,$J$2) -> BA_Prod | N7: =Table2620[[#This Row],[Country]] -> BA
A8: BG | B8: Bulgaria | C8: =$J$5*(D8/$K$5) -> 0.0065904423 | D8: 79.5278 | F8: =Table2620[[#This Row],[TWh '[2020']]]*1000 -> 64.388621 | G8: =(Table2620[[#This Row],[Mrd m3 '[2035'] SP]])*9.77 -> 0.064388621 | M8: =_xlfn.CONCAT(A8,$J$2) -> BG_Prod | N8: =Table2620[[#This Row],[Country]] -> BG
A9: HR | B9: Croatia | C9: =$J$5*(D9/$K$5) -> 0.61054699 | D9: 7367.557 | F9: =Table2620[[#This Row],[TWh '[2020']]]*1000 -> 5965.0441 | G9: =(Table2620[[#This Row],[Mrd m3 '[2035'] SP]])*9.77 -> 5.9650441 | M9: =_xlfn.CONCAT(A9,$J$2) -> HR_Prod | N9: =Table2620[[#This Row],[Country]] -> HR
A10: CZ | B10: Czech Republic | C10: =$J$5*(D10/$K$5) -> 0.15097214 | D10: 1821.8021 | F10: =Table2620[[#This Row],[TWh '[2020']]]*1000 -> 1474.9978 | G10: =(Table2620[[#This Row],[Mrd m3 '[2035'] SP]])*9.77 -> 1.4749978 | M10: =_xlfn.CONCAT(A10,$J$2) -> CZ_Prod | N10: =Table2620[[#This Row],[Country]] -> CZ
A11: DK | B11: Denmark | C11: =$J$5*(D11/$K$5) -> 1.4585361 | D11: 17600.362 | F11: =Table2620[[#This Row],[TWh '[2020']]]*1000 -> 14249.898 | G11: =(Table2620[[#This Row],[Mrd m3 '[2035'] SP]])*9.77 -> 14.249898 | M11: =_xlfn.CONCAT(A11,$J$2) -> DK_Prod | N11: =Table2620[[#This Row],[Country]] -> DK
A12: EE | B12: Estonia | C12: =$J$5*(D12/$K$5) -> 0 | D12: 0 | F12: =Table2620[[#This Row],[TWh '[2020']]]*1000 -> 0 | G12: =(Table2620[[#This Row],[Mrd m3 '[2035'] SP]])*9.77 -> 0 | M12: =_xlfn.CONCAT(A12,$J$2) -> EE_Prod | N12: =Table2620[[#This Row],[Country]] -> EE
A13: FI | B13: Finland | C13: =$J$5*(D13/$K$5) -> 0 | D13: 0 | F13: =Table2620[[#This Row],[TWh '[2020']]]*1000 -> 0 | G13: =(Table2620[[#This Row],[Mrd m3 '[2035'] SP]])*9.77 -> 0 | M13: =_xlfn.CONCAT(A13,$J$2) -> FI_Prod | N13: =Table2620[[#This Row],[Country]] -> FI
A14: FR | B14: France | C14: =$J$5*(D14/$K$5) -> 0.010020063 | D14: 120.91352 | F14: =Table2620[[#This Row],[TWh '[2020']]]*1000 -> 97.896016 | G14: =(Table2620[[#This Row],[Mrd m3 '[2035'] SP]])*9.77 -> 0.097896016 | M14: =_xlfn.CONCAT(A14,$J$2) -> FR_Prod | N14: =Table2620[[#This Row],[Country]] -> FR
A15: DE | B15: Germany | C15: =$J$5*(D15/$K$5) -> 3.1357227 | D15: 37839.21 | F15: =Table2620[[#This Row],[TWh '[2020']]]*1000 -> 30636.011 | G15: =(Table2620[[#This Row],[Mrd m3 '[2035'] SP]])*9.77 -> 30.636011 | M15: =_xlfn.CONCAT(A15,$J$2) -> DE_Prod | N15: =Table2620[[#This Row],[Country]] -> DE
A16: EL | B16: Greece | C16: =$J$5*(D16/$K$5) -> 0.0016119866 | D16: 19.45207 | F16: =Table2620[[#This Row],[TWh '[2020']]]*1000 -> 15.749109 | G16: =(Table2620[[#This Row],[Mrd m3 '[2035'] SP]])*9.77 -> 0.015749109 | M16: =_xlfn.CONCAT(A16,$J$2) -> EL_Prod | N16: =Table2620[[#This Row],[Country]] -> EL
A17: HU | B17: Hungary | C17: =$J$5*(D17/$K$5) -> 1.3956516 | D17: 16841.526 | F17: =Table2620[[#This Row],[TWh '[2020']]]*1000 -> 13635.517 | G17: =(Table2620[[#This Row],[Mrd m3 '[2035'] SP]])*9.77 -> 13.635517 | M17: =_xlfn.CONCAT(A17,$J$2) -> HU_Prod | N17: =Table2620[[#This Row],[Country]] -> HU
A18: IE | B18: Ireland | C18: =$J$5*(D18/$K$5) -> 0.87504314 | D18: 10559.269 | F18: =Table2620[[#This Row],[TWh '[2020']]]*1000 -> 8549.1715 | G18: =(Table2620[[#This Row],[Mrd m3 '[2035'] SP]])*9.77 -> 8.5491715 | M18: =_xlfn.CONCAT(A18,$J$2) -> IE_Prod | N18: =Table2620[[#This Row],[Country]] -> IE
A19: IT | B19: Italy | C19: =$J$5*(D19/$K$5) -> 2.3805293 | D19: 28726.184 | F19: =Table2620[[#This Row],[TWh '[2020']]]*1000 -> 23257.771 | G19: =(Table2620[[#This Row],[Mrd m3 '[2035'] SP]])*9.77 -> 23.257771 | M19: =_xlfn.CONCAT(A19,$J$2) -> IT_Prod | N19: =Table2620[[#This Row],[Country]] -> IT
A20: LV | B20: Latvia | C20: =$J$5*(D20/$K$5) -> 0 | D20: 0 | F20: =Table2620[[#This Row],[TWh '[2020']]]*1000 -> 0 | G20: =(Table2620[[#This Row],[Mrd m3 '[2035'] SP]])*9.77 -> 0 | M20: =_xlfn.CONCAT(A20,$J$2) -> LV_Prod | N20: =Table2620[[#This Row],[Country]] -> LV
A21: LY | B21: Libya | C21: =298*(16.3076760417167/nodes_gas_prod_world_2035!$E$8) -> 19.159057 | D21: 159325.99 | F21: =Table2620[[#This Row],[TWh '[2020']]]*1000 -> 187183.99 | G21: =(Table2620[[#This Row],[Mrd m3 '[2035'] SP]])*9.77 -> 187.18399 | M21: =_xlfn.CONCAT(A21,$J$2) -> LY_Prod | N21: =Table2620[[#This Row],[Country]] -> LY
A22: LT | B22: Lithuania | C22: =$J$5*(D22/$K$5) -> 0 | D22: 0 | F22: =Table2620[[#This Row],[TWh '[2020']]]*1000 -> 0 | G22: =(Table2620[[#This Row],[Mrd m3 '[2035'] SP]])*9.77 -> 0 | M22: =_xlfn.CONCAT(A22,$J$2) -> LT_Prod | N22: =Table2620[[#This Row],[Country]] -> LT
A23: LU | B23: Luxemburg | C23: =$J$5*(D23/$K$5) -> 0 | D23: 0 | F23: =Table2620[[#This Row],[TWh '[2020']]]*1000 -> 0 | G23: =(Table2620[[#This Row],[Mrd m3 '[2035'] SP]])*9.77 -> 0 | M23: =_xlfn.CONCAT(A23,$J$2) -> LU_Prod | N23: =Table2620[[#This Row],[Country]] -> LU
A24: MD | B24: Moldova | C24: =$J$6*(D24/$K$6) -> 0 | D24: 0 | F24: =Table2620[[#This Row],[TWh '[2020']]]*1000 -> 0 | G24: =(Table2620[[#This Row],[Mrd m3 '[2035'] SP]])*9.77 -> 0 | M24: =_xlfn.CONCAT(A24,$J$2) -> MD_Prod | N24: =Table2620[[#This Row],[Country]] -> MD
A25: NL | B25: Netherlands | C25: =$J$5*(D25/$K$5) -> 7.9658311 | D25: 96124.812 | F25: =Table2620[[#This Row],[TWh '[2020']]]*1000 -> 77826.17 | G25: =(Table2620[[#This Row],[Mrd m3 '[2035'] SP]])*9.77 -> 77.82617 | M25: =_xlfn.CONCAT(A25,$J$2) -> NL_Prod | N25: =Table2620[[#This Row],[Country]] -> NL
A26: MK | B26: North Macedonia | C26: =$J$6*(D26/$K$6) -> 0 | D26: 0 | F26: =Table2620[[#This Row],[TWh '[2020']]]*1000 -> 0 | G26: =(Table2620[[#This Row],[Mrd m3 '[2035'] SP]])*9.77 -> 0 | M26: =_xlfn.CONCAT(A26,$J$2) -> MK_Prod | N26: =Table2620[[#This Row],[Country]] -> MK
A27: NO | B27: Norway | C27: =$J$6*(D27/$K$6) -> 103.80126 | D27: 1152595.3 | F27: =Table2620[[#This Row],[TWh '[2020']]]*1000 -> 1014138.3 | G27: =(Table2620[[#This Row],[Mrd m3 '[2035'] SP]])*9.77 -> 1014.1383 | M27: =_xlfn.CONCAT(A27,$J$2) -> NO_Prod | N27: =Table2620[[#This Row],[Country]] -> NO
A28: PL | B28: Poland | C28: =$J$5*(D28/$K$5) -> 2.9122735 | D28: 35142.817 | F28: =Table2620[[#This Row],[TWh '[2020']]]*1000 -> 28452.912 | G28: =(Table2620[[#This Row],[Mrd m3 '[2035'] SP]])*9.77 -> 28.452912 | M28: =_xlfn.CONCAT(A28,$J$2) -> PL_Prod | N28: =Table2620[[#This Row],[Country]] -> PL
A29: PT | B29: Portugal | C29: =$J$5*(D29/$K$5) -> 0 | D29: 0 | F29: =Table2620[[#This Row],[TWh '[2020']]]*1000 -> 0 | G29: =(Table2620[[#This Row],[Mrd m3 '[2035'] SP]])*9.77 -> 0 | M29: =_xlfn.CONCAT(A29,$J$2) -> PT_Prod | N29: =Table2620[[#This Row],[Country]] -> PT
A30: RO | B30: Romania | C30: =$J$5*(D30/$K$5) -> 7.5879146 | D30: 91564.44 | F30: =Table2620[[#This Row],[TWh '[2020']]]*1000 -> 74133.926 | G30: =(Table2620[[#This Row],[Mrd m3 '[2035'] SP]])*9.77 -> 74.133926 | M30: =_xlfn.CONCAT(A30,$J$2) -> RO_Prod | N30: =Table2620[[#This Row],[Country]] -> RO
A31: RU | B31: Russia | C31: =896*(586.382199872419/nodes_gas_prod_world_2035!$E$15) -> 679.20157 | D31: 5728954.1 | F31: =Table2620[[#This Row],[TWh '[2020']]]*1000 -> 6635799.3 | G31: =(Table2620[[#This Row],[Mrd m3 '[2035'] SP]])*9.77 -> 6635.7993 | M31: =_xlfn.CONCAT(A31,$J$2) -> RU_Prod | N31: =Table2620[[#This Row],[Country]] -> RU
A32: SM | B32: San Marino | C32: =$J$6*(D32/$K$6) -> 0 | D32: 0 | F32: =Table2620[[#This Row],[TWh '[2020']]]*1000 -> 0 | G32: =(Table2620[[#This Row],[Mrd m3 '[2035'] SP]])*9.77 -> 0 | M32: =_xlfn.CONCAT(A32,$J$2) -> SM_Prod | N32: =Table2620[[#This Row],[Country]] -> SM
A33: RS | B33: Serbia | C33: =$J$6*(D33/$K$6) -> 0.25956275 | D33: 2882.15 | F33: =Table2620[[#This Row],[TWh '[2020']]]*1000 -> 2535.9281 | G33: =(Table2620[[#This Row],[Mrd m3 '[2035'] SP]])*9.77 -> 2.5359281 | M33: =_xlfn.CONCAT(A33,$J$2) -> RS_Prod | N33: =Table2620[[#This Row],[Country]] -> RS
A34: SK | B34: Slovakia | C34: =$J$5*(D34/$K$5) -> 0.032415422 | D34: 391.16149 | F34: =Table2620[[#This Row],[TWh '[2020']]]*1000 -> 316.69868 | G34: =(Table2620[[#This Row],[Mrd m3 '[2035'] SP]])*9.77 -> 0.31669868 | M34: =_xlfn.CONCAT(A34,$J$2) -> SK_Prod | N34: =Table2620[[#This Row],[Country]] -> SK
A35: SI | B35: Slovenia | C35: =$J$5*(D35/$K$5) -> 0.0030782385 | D35: 37.14554 | F35: =Table2620[[#This Row],[TWh '[2020']]]*1000 -> 30.07439 | G35: =(Table2620[[#This Row],[Mrd m3 '[2035'] SP]])*9.77 -> 0.03007439 | M35: =_xlfn.CONCAT(A35,$J$2) -> SI_Prod | N35: =Table2620[[#This Row],[Country]] -> SI
A36: CH | B36: Switzerland | C36: =$J$6*(D36/$K$6) -> 0 | D36: 0 | F36: =Table2620[[#This Row],[TWh '[2020']]]*1000 -> 0 | G36: =(Table2620[[#This Row],[Mrd m3 '[2035'] SP]])*9.77 -> 0 | M36: =_xlfn.CONCAT(A36,$J$2) -> CH_Prod | N36: =Table2620[[#This Row],[Country]] -> CH
A37: TN | B37: Tunisia | C37: =298*(1.8432/nodes_gas_prod_world_2035!$E$8) -> 2.1654817 | D37: 18008.064 | F37: =Table2620[[#This Row],[TWh '[2020']]]*1000 -> 21156.756 | G37: =(Table2620[[#This Row],[Mrd m3 '[2035'] SP]])*9.77 -> 21.156756 | M37: =_xlfn.CONCAT(A37,$J$2) -> TN_Prod | N37: =Table2620[[#This Row],[Country]] -> TN
A38: TR | B38: Türkiye | C38: =$J$6*(D38/$K$6) -> 1.9877316 | D38: 22071.505 | F38: =Table2620[[#This Row],[TWh '[2020']]]*1000 -> 19420.137 | G38: =(Table2620[[#This Row],[Mrd m3 '[2035'] SP]])*9.77 -> 19.420137 | M38: =_xlfn.CONCAT(A38,$J$2) -> TR_Prod | N38: =Table2620[[#This Row],[Country]] -> TR
A39: UK | B39: UK | C39: =$J$6*(D39/$K$6) -> 30.332069 | D39: 336803.22 | F39: =Table2620[[#This Row],[TWh '[2020']]]*1000 -> 296344.31 | G39: =(Table2620[[#This Row],[Mrd m3 '[2035'] SP]])*9.77 -> 296.34431 | M39: =_xlfn.CONCAT(A39,$J$2) -> UK_Prod | N39: =Table2620[[#This Row],[Country]] -> UK
A40: UA | B40: Ukraine | C40: =$J$6*(D40/$K$6) -> 15.571905 | D40: 172908.35 | F40: =Table2620[[#This Row],[TWh '[2020']]]*1000 -> 152137.51 | G40: =(Table2620[[#This Row],[Mrd m3 '[2035'] SP]])*9.77 -> 152.13751 | M40: =_xlfn.CONCAT(A40,$J$2) -> UA_Prod | N40: =Table2620[[#This Row],[Country]] -> UA
A41: OE | B41: Other Europe | F41: =Table2620[[#This Row],[TWh '[2020']]]*1000 -> 0 | G41: =(Table2620[[#This Row],[Mrd m3 '[2035'] SP]])*9.77 -> 0 | M41: =_xlfn.CONCAT(A41,$J$2) -> OE_Prod | N41: =Table2620[[#This Row],[Country]] -> OE
A42: ES | B42: Spain | C42: =$J$5*(D42/$K$5) -> 0.017378851 | D42: 209.71305 | F42: =Table2620[[#This Row],[TWh '[2020']]]*1000 -> 169.79137 | G42: =(Table2620[[#This Row],[Mrd m3 '[2035'] SP]])*9.77 -> 0.16979137 | M42: =_xlfn.CONCAT(A42,$J$2) -> ES_Prod | N42: =Table2620[[#This Row],[Country]] -> ES
C44: =SUM(Table2620[Mrd m3 '[2035'] SP]) -> 1000.8247 | D44: =SUM(Table2620[Mil m3 EU '[2024']])/1000+C31+C37+C21+C3 -> 9755.93 | E44: =SUMIF(Table2620[Mil m3 EU '[2024']],">0",Table2620[Mrd m3 EU '[2020']]) -> 0
C45: =C44-C37-C31-C3-C21-C5 -> 181
A46: 2035 values | B46: https://iea.blob.core.windows.net/assets/140a0470-5b90-4922-a0e9-838b3ac6918c/WorldEnergyOutlook2024.pdf
A47: https://www.energyinst.org/statistical-review
A48: Tunisia | B48: https://www.ins.tn/sites/default/files-ftp3/files/publication/pdf/bms%20Aout%202024.pdf | I48: average
A49: for all Europe | B49: https://ec.europa.eu/eurostat/databrowser/view/nrg_cb_gasm__custom_10421303/default/table?lang=en

Sheet nodes_gas_prod_europe_2035_AP
A1: Country | B1: Long_name | C1: Mrd m3 [2035] SP | D1: Mil m3 EU [2024] | E1: Mrd m3 EU [2020] | F1: GWh [2020] | G1: TWh [2020] | M1: From | N1: To
A2: AL | B2: Albania | C2: =$J$6*(D2/$K$6) -> 0.036851764 | D2: 527.10127 | F2: =Table262021[[#This Row],[TWh '[2020']]]*1000 -> 360.04173 | G2: =(Table262021[[#This Row],[Mrd m3 '[2035'] SP]])*9.77 -> 0.36004173 | J2: _Prod | M2: =_xlfn.CONCAT(A2,$J$2) -> AL_Prod | N2: =Table262021[[#This Row],[Country]] -> AL
A3: DZ | B3: Algeria | C3: =298*(101.54375/nodes_gas_prod_world_2035!$E$8) -> 119.29857 | D3: 992082.44 | F3: =Table262021[[#This Row],[TWh '[2020']]]*1000 -> 1165547.1 | G3: =(Table262021[[#This Row],[Mrd m3 '[2035'] SP]])*9.77 -> 1165.5471 | M3: =_xlfn.CONCAT(A3,$J$2) -> DZ_Prod | N3: =Table262021[[#This Row],[Country]] -> DZ
A4: AT | B4: Austria | C4: =$J$5*(D4/$K$5) -> 0.13771216 | D4: 5354.6634 | F4: =Table262021[[#This Row],[TWh '[2020']]]*1000 -> 1345.4478 | G4: =(Table262021[[#This Row],[Mrd m3 '[2035'] SP]])*9.77 -> 1.3454478 | J4: Stated Policy | K4: 2024 | M4: =_xlfn.CONCAT(A4,$J$2) -> AT_Prod | N4: =Table262021[[#This Row],[Country]] -> AT
A5: BY | B5: Belarus | C5: =$J$6*(D5/$K$6) -> 0 | D5: 0 | F5: =Table262021[[#This Row],[TWh '[2020']]]*1000 -> 0 | G5: =(Table262021[[#This Row],[Mrd m3 '[2035'] SP]])*9.77 -> 0 | I5: EU | J5: 9 | K5: =D4+D6+D8+D9+D10+D11+D12+D13+D14+D15+D16+D17+D18+D19+D20+D22+D23+D25+D28+D29+D30+D34+D35+D42 -> 349947.11 | M5: =_xlfn.CONCAT(A5,$J$2) -> BY_Prod | N5: =Table262021[[#This Row],[Country]] -> BY
A6: BE | B6: Belgium | C6: =$J$5*(D6/$K$5) -> 0.0037689982 | D6: 146.55 | F6: =Table262021[[#This Row],[TWh '[2020']]]*1000 -> 36.823112 | G6: =(Table262021[[#This Row],[Mrd m3 '[2035'] SP]])*9.77 -> 0.036823112 | I6: non EU | J6: =127-J5 -> 118 | K6: =D2+D5+D7+D24+D26+D27+D32+D33+D36+D38+D39+D40 -> 1687787.6 | M6: =_xlfn.CONCAT(A6,$J$2) -> BE_Prod | N6: =Table262021[[#This Row],[Country]] -> BE
A7: BA | B7: Bosnia and Herzegovina | C7: =$J$6*(D7/$K$6) -> 0 | D7: 0 | F7: =Table262021[[#This Row],[TWh '[2020']]]*1000 -> 0 | G7: =(Table262021[[#This Row],[Mrd m3 '[2035'] SP]])*9.77 -> 0 | M7: =_xlfn.CONCAT(A7,$J$2) -> BA_Prod | N7: =Table262021[[#This Row],[Country]] -> BA
A8: BG | B8: Bulgaria | C8: =$J$5*(D8/$K$5) -> 0.0020453097 | D8: 79.5278 | F8: =Table262021[[#This Row],[TWh '[2020']]]*1000 -> 19.982675 | G8: =(Table262021[[#This Row],[Mrd m3 '[2035'] SP]])*9.77 -> 0.019982675 | M8: =_xlfn.CONCAT(A8,$J$2) -> BG_Prod | N8: =Table262021[[#This Row],[Country]] -> BG
A9: HR | B9: Croatia | C9: =$J$5*(D9/$K$5) -> 0.1894801 | D9: 7367.557 | F9: =Table262021[[#This Row],[TWh '[2020']]]*1000 -> 1851.2206 | G9: =(Table262021[[#This Row],[Mrd m3 '[2035'] SP]])*9.77 -> 1.8512206 | M9: =_xlfn.CONCAT(A9,$J$2) -> HR_Prod | N9: =Table262021[[#This Row],[Country]] -> HR
A10: CZ | B10: Czech Republic | C10: =$J$5*(D10/$K$5) -> 0.046853421 | D10: 1821.8021 | F10: =Table262021[[#This Row],[TWh '[2020']]]*1000 -> 457.75793 | G10: =(Table262021[[#This Row],[Mrd m3 '[2035'] SP]])*9.77 -> 0.45775793 | M10: =_xlfn.CONCAT(A10,$J$2) -> CZ_Prod | N10: =Table262021[[#This Row],[Country]] -> CZ
A11: DK | B11: Denmark | C11: =$J$5*(D11/$K$5) -> 0.45264914 | D11: 17600.362 | F11: =Table262021[[#This Row],[TWh '[2020']]]*1000 -> 4422.3821 | G11: =(Table262021[[#This Row],[Mrd m3 '[2035'] SP]])*9.77 -> 4.4223821 | M11: =_xlfn.CONCAT(A11,$J$2) -> DK_Prod | N11: =Table262021[[#This Row],[Country]] -> DK
A12: EE | B12: Estonia | C12: =$J$5*(D12/$K$5) -> 0 | D12: 0 | F12: =Table262021[[#This Row],[TWh '[2020']]]*1000 -> 0 | G12: =(Table262021[[#This Row],[Mrd m3 '[2035'] SP]])*9.77 -> 0 | M12: =_xlfn.CONCAT(A12,$J$2) -> EE_Prod | N12: =Table262021[[#This Row],[Country]] -> EE
A13: FI | B13: Finland | C13: =$J$5*(D13/$K$5) -> 0 | D13: 0 | F13: =Table262021[[#This Row],[TWh '[2020']]]*1000 -> 0 | G13: =(Table262021[[#This Row],[Mrd m3 '[2035'] SP]])*9.77 -> 0 | M13: =_xlfn.CONCAT(A13,$J$2) -> FI_Prod | N13: =Table262021[[#This Row],[Country]] -> FI
A14: FR | B14: France | C14: =$J$5*(D14/$K$5) -> 0.0031096747 | D14: 120.91352 | F14: =Table262021[[#This Row],[TWh '[2020']]]*1000 -> 30.381522 | G14: =(Table262021[[#This Row],[Mrd m3 '[2035'] SP]])*9.77 -> 0.030381522 | M14: =_xlfn.CONCAT(A14,$J$2) -> FR_Prod | N14: =Table262021[[#This Row],[Country]] -> FR
A15: DE | B15: Germany | C15: =$J$5*(D15/$K$5) -> 0.97315533 | D15: 37839.21 | F15: =Table262021[[#This Row],[TWh '[2020']]]*1000 -> 9507.7275 | G15: =(Table262021[[#This Row],[Mrd m3 '[2035'] SP]])*9.77 -> 9.5077275 | M15: =_xlfn.CONCAT(A15,$J$2) -> DE_Prod | N15: =Table262021[[#This Row],[Country]] -> DE
A16: EL | B16: Greece | C16: =$J$5*(D16/$K$5) -> 0.00050027169 | D16: 19.45207 | F16: =Table262021[[#This Row],[TWh '[2020']]]*1000 -> 4.8876544 | G16: =(Table262021[[#This Row],[Mrd m3 '[2035'] SP]])*9.77 -> 0.0048876544 | M16: =_xlfn.CONCAT(A16,$J$2) -> EL_Prod | N16: =Table262021[[#This Row],[Country]] -> EL
A17: HU | B17: Hungary | C17: =$J$5*(D17/$K$5) -> 0.43313327 | D17: 16841.526 | F17: =Table262021[[#This Row],[TWh '[2020']]]*1000 -> 4231.712 | G17: =(Table262021[[#This Row],[Mrd m3 '[2035'] SP]])*9.77 -> 4.231712 | M17: =_xlfn.CONCAT(A17,$J$2) -> HU_Prod | N17: =Table262021[[#This Row],[Country]] -> HU
A18: IE | B18: Ireland | C18: =$J$5*(D18/$K$5) -> 0.27156511 | D18: 10559.269 | F18: =Table262021[[#This Row],[TWh '[2020']]]*1000 -> 2653.1911 | G18: =(Table262021[[#This Row],[Mrd m3 '[2035'] SP]])*9.77 -> 2.6531911 | M18: =_xlfn.CONCAT(A18,$J$2) -> IE_Prod | N18: =Table262021[[#This Row],[Country]] -> IE
A19: IT | B19: Italy | C19: =$J$5*(D19/$K$5) -> 0.73878495 | D19: 28726.184 | F19: =Table262021[[#This Row],[TWh '[2020']]]*1000 -> 7217.9289 | G19: =(Table262021[[#This Row],[Mrd m3 '[2035'] SP]])*9.77 -> 7.2179289 | M19: =_xlfn.CONCAT(A19,$J$2) -> IT_Prod | N19: =Table262021[[#This Row],[Country]] -> IT
A20: LV | B20: Latvia | C20: =$J$5*(D20/$K$5) -> 0 | D20: 0 | F20: =Table262021[[#This Row],[TWh '[2020']]]*1000 -> 0 | G20: =(Table262021[[#This Row],[Mrd m3 '[2035'] SP]])*9.77 -> 0 | M20: =_xlfn.CONCAT(A20,$J$2) -> LV_Prod | N20: =Table262021[[#This Row],[Country]] -> LV
A21: LY | B21: Libya | C21: =298*(16.3076760417167/nodes_gas_prod_world_2035!$E$8) -> 19.159057 | D21: 159325.99 | F21: =Table262021[[#This Row],[TWh '[2020']]]*1000 -> 187183.99 | G21: =(Table262021[[#This Row],[Mrd m3 '[2035'] SP]])*9.77 -> 187.18399 | M21: =_xlfn.CONCAT(A21,$J$2) -> LY_Prod | N21: =Table262021[[#This Row],[Country]] -> LY
A22: LT | B22: Lithuania | C22: =$J$5*(D22/$K$5) -> 0 | D22: 0 | F22: =Table262021[[#This Row],[TWh '[2020']]]*1000 -> 0 | G22: =(Table262021[[#This Row],[Mrd m3 '[2035'] SP]])*9.77 -> 0 | M22: =_xlfn.CONCAT(A22,$J$2) -> LT_Prod | N22: =Table262021[[#This Row],[Country]] -> LT
A23: LU | B23: Luxemburg | C23: =$J$5*(D23/$K$5) -> 0 | D23: 0 | F23: =Table262021[[#This Row],[TWh '[2020']]]*1000 -> 0 | G23: =(Table262021[[#This Row],[Mrd m3 '[2035'] SP]])*9.77 -> 0 | M23: =_xlfn.CONCAT(A23,$J$2) -> LU_Prod | N23: =Table262021[[#This Row],[Country]] -> LU
A24: MD | B24: Moldova | C24: =$J$6*(D24/$K$6) -> 0 | D24: 0 | F24: =Table262021[[#This Row],[TWh '[2020']]]*1000 -> 0 | G24: =(Table262021[[#This Row],[Mrd m3 '[2035'] SP]])*9.77 -> 0 | M24: =_xlfn.CONCAT(A24,$J$2) -> MD_Prod | N24: =Table262021[[#This Row],[Country]] -> MD
A25: NL | B25: Netherlands | C25: =$J$5*(D25/$K$5) -> 2.4721545 | D25: 96124.812 | F25: =Table262021[[#This Row],[TWh '[2020']]]*1000 -> 24152.949 | G25: =(Table262021[[#This Row],[Mrd m3 '[2035'] SP]])*9.77 -> 24.152949 | M25: =_xlfn.CONCAT(A25,$J$2) -> NL_Prod | N25: =Table262021[[#This Row],[Country]] -> NL
A26: MK | B26: North Macedonia | C26: =$J$6*(D26/$K$6) -> 0 | D26: 0 | F26: =Table262021[[#This Row],[TWh '[2020']]]*1000 -> 0 | G26: =(Table262021[[#This Row],[Mrd m3 '[2035'] SP]])*9.77 -> 0 | M26: =_xlfn.CONCAT(A26,$J$2) -> MK_Prod | N26: =Table262021[[#This Row],[Country]] -> MK
A27: NO | B27: Norway | C27: =$J$6*(D27/$K$6) -> 80.582558 | D27: 1152595.3 | F27: =Table262021[[#This Row],[TWh '[2020']]]*1000 -> 787291.6 | G27: =(Table262021[[#This Row],[Mrd m3 '[2035'] SP]])*9.77 -> 787.2916 | M27: =_xlfn.CONCAT(A27,$J$2) -> NO_Prod | N27: =Table262021[[#This Row],[Country]] -> NO
A28: PL | B28: Poland | C28: =$J$5*(D28/$K$5) -> 0.90380902 | D28: 35142.817 | F28: =Table262021[[#This Row],[TWh '[2020']]]*1000 -> 8830.2141 | G28: =(Table262021[[#This Row],[Mrd m3 '[2035'] SP]])*9.77 -> 8.8302141 | M28: =_xlfn.CONCAT(A28,$J$2) -> PL_Prod | N28: =Table262021[[#This Row],[Country]] -> PL
A29: PT | B29: Portugal | C29: =$J$5*(D29/$K$5) -> 0 | D29: 0 | F29: =Table262021[[#This Row],[TWh '[2020']]]*1000 -> 0 | G29: =(Table262021[[#This Row],[Mrd m3 '[2035'] SP]])*9.77 -> 0 | M29: =_xlfn.CONCAT(A29,$J$2) -> PT_Prod | N29: =Table262021[[#This Row],[Country]] -> PT
A30: RO | B30: Romania | C30: =$J$5*(D30/$K$5) -> 2.3548701 | D30: 91564.44 | F30: =Table262021[[#This Row],[TWh '[2020']]]*1000 -> 23007.08 | G30: =(Table262021[[#This Row],[Mrd m3 '[2035'] SP]])*9.77 -> 23.00708 | M30: =_xlfn.CONCAT(A30,$J$2) -> RO_Prod | N30: =Table262021[[#This Row],[Country]] -> RO
A31: RU | B31: Russia | C31: =896*(586.382199872419/nodes_gas_prod_world_2035!$E$15) -> 679.20157 | D31: 5728954.1 | F31: =Table262021[[#This Row],[TWh '[2020']]]*1000 -> 6635799.3 | G31: =(Table262021[[#This Row],[Mrd m3 '[2035'] SP]])*9.77 -> 6635.7993 | M31: =_xlfn.CONCAT(A31,$J$2) -> RU_Prod | N31: =Table262021[[#This Row],[Country]] -> RU
A32: SM | B32: San Marino | C32: =$J$6*(D32/$K$6) -> 0 | D32: 0 | F32: =Table262021[[#This Row],[TWh '[2020']]]*1000 -> 0 | G32: =(Table262021[[#This Row],[Mrd m3 '[2035'] SP]])*9.77 -> 0 | M32: =_xlfn.CONCAT(A32,$J$2) -> SM_Prod | N32: =Table262021[[#This Row],[Country]] -> SM
A33: RS | B33: Serbia | C33: =$J$6*(D33/$K$6) -> 0.20150266 | D33: 2882.15 | F33: =Table262021[[#This Row],[TWh '[2020']]]*1000 -> 1968.681 | G33: =(Table262021[[#This Row],[Mrd m3 '[2035'] SP]])*9.77 -> 1.968681 | M33: =_xlfn.CONCAT(A33,$J$2) -> RS_Prod | N33: =Table262021[[#This Row],[Country]] -> RS
A34: SK | B34: Slovakia | C34: =$J$5*(D34/$K$5) -> 0.010059959 | D34: 391.16149 | F34: =Table262021[[#This Row],[TWh '[2020']]]*1000 -> 98.285796 | G34: =(Table262021[[#This Row],[Mrd m3 '[2035'] SP]])*9.77 -> 0.098285796 | M34: =_xlfn.CONCAT(A34,$J$2) -> SK_Prod | N34: =Table262021[[#This Row],[Country]] -> SK
A35: SI | B35: Slovenia | C35: =$J$5*(D35/$K$5) -> 0.0009553154 | D35: 37.14554 | F35: =Table262021[[#This Row],[TWh '[2020']]]*1000 -> 9.3334315 | G35: =(Table262021[[#This Row],[Mrd m3 '[2035'] SP]])*9.77 -> 0.0093334315 | M35: =_xlfn.CONCAT(A35,$J$2) -> SI_Prod | N35: =Table262021[[#This Row],[Country]] -> SI
A36: CH | B36: Switzerland | C36: =$J$6*(D36/$K$6) -> 0 | D36: 0 | F36: =Table262021[[#This Row],[TWh '[2020']]]*1000 -> 0 | G36: =(Table262021[[#This Row],[Mrd m3 '[2035'] SP]])*9.77 -> 0 | M36: =_xlfn.CONCAT(A36,$J$2) -> CH_Prod | N36: =Table262021[[#This Row],[Country]] -> CH
A37: TN | B37: Tunisia | C37: =298*(1.8432/nodes_gas_prod_world_2035!$E$8) -> 2.1654817 | D37: 18008.064 | F37: =Table262021[[#This Row],[TWh '[2020']]]*1000 -> 21156.756 | G37: =(Table262021[[#This Row],[Mrd m3 '[2035'] SP]])*9.77 -> 21.156756 | M37: =_xlfn.CONCAT(A37,$J$2) -> TN_Prod | N37: =Table262021[[#This Row],[Country]] -> TN
A38: TR | B38: Türkiye | C38: =$J$6*(D38/$K$6) -> 1.5431074 | D38: 22071.505 | F38: =Table262021[[#This Row],[TWh '[2020']]]*1000 -> 15076.159 | G38: =(Table262021[[#This Row],[Mrd m3 '[2035'] SP]])*9.77 -> 15.076159 | M38: =_xlfn.CONCAT(A38,$J$2) -> TR_Prod | N38: =Table262021[[#This Row],[Country]] -> TR
A39: UK | B39: UK | C39: =$J$6*(D39/$K$6) -> 23.547264 | D39: 336803.22 | F39: =Table262021[[#This Row],[TWh '[2020']]]*1000 -> 230056.77 | G39: =(Table262021[[#This Row],[Mrd m3 '[2035'] SP]])*9.77 -> 230.05677 | M39: =_xlfn.CONCAT(A39,$J$2) -> UK_Prod | N39: =Table262021[[#This Row],[Country]] -> UK
A40: UA | B40: Ukraine | C40: =$J$6*(D40/$K$6) -> 12.088716 | D40: 172908.35 | F40: =Table262021[[#This Row],[TWh '[2020']]]*1000 -> 118106.75 | G40: =(Table262021[[#This Row],[Mrd m3 '[2035'] SP]])*9.77 -> 118.10675 | M40: =_xlfn.CONCAT(A40,$J$2) -> UA_Prod | N40: =Table262021[[#This Row],[Country]] -> UA
A41: OE | B41: Other Europe | F41: =Table262021[[#This Row],[TWh '[2020']]]*1000 -> 0 | G41: =(Table262021[[#This Row],[Mrd m3 '[2035'] SP]])*9.77 -> 0 | M41: =_xlfn.CONCAT(A41,$J$2) -> OE_Prod | N41: =Table262021[[#This Row],[Country]] -> OE
A42: ES | B42: Spain | C42: =$J$5*(D42/$K$5) -> 0.0053934364 | D42: 209.71305 | F42: =Table262021[[#This Row],[TWh '[2020']]]*1000 -> 52.693873 | G42: =(Table262021[[#This Row],[Mrd m3 '[2035'] SP]])*9.77 -> 0.052693873 | M42: =_xlfn.CONCAT(A42,$J$2) -> ES_Prod | N42: =Table262021[[#This Row],[Country]] -> ES
C44: =SUM(Table262021[Mrd m3 '[2035'] SP]) -> 946.82468 | D44: =SUM(Table262021[Mil m3 EU '[2024']])/1000+C31+C37+C21+C3 -> 9755.93 | E44: =SUMIF(Table262021[Mil m3 EU '[2024']],">0",Table262021[Mrd m3 EU '[2020']]) -> 0
C45: =C44-C37-C31-C3-C21-C5 -> 127
A46: 2035 values | B46: https://iea.blob.core.windows.net/assets/140a0470-5b90-4922-a0e9-838b3ac6918c/WorldEnergyOutlook2024.pdf
A47: https://www.energyinst.org/statistical-review
A48: Tunisia | B48: https://www.ins.tn/sites/default/files-ftp3/files/publication/pdf/bms%20Aout%202024.pdf | I48: average
A49: for all Europe | B49: https://ec.europa.eu/eurostat/databrowser/view/nrg_cb_gasm__custom_10421303/default/table?lang=en

Sheet nodes_gas_prod_world_2035
A1: Country | B1: Long_name | C1: Mrd m3 [2020] | D1: Mil m3 [2024] | E1: Mrd m3 [2020]2 | F1: GWh [2020] | G1: TWh [2020]
A2: USA | B2: USA | C2: =1241*(D2/($D$2+$D$3)) -> 1018.767 | D2: 1035.2967 | F2: =Table7919[[#This Row],[TWh '[2020']]]*1000 -> 9953353.3 | G2: =(Table7919[[#This Row],[Mrd m3 '[2020']]])*9.77 -> 9953.3533
A3: CM | B3: North America | C3: =1241*(D3/($D$2+$D$3)) -> 222.23303 | D3: 225.83881 | F3: =Table7919[[#This Row],[TWh '[2020']]]*1000 -> 2171216.7 | G3: =(Table7919[[#This Row],[Mrd m3 '[2020']]])*9.77 -> 2171.2167
A4: SA | B4: South America | C4: =170*(D4/($D$4+$D$5)) -> 143.77562 | D4: 137.02787 | F4: =Table7919[[#This Row],[TWh '[2020']]]*1000 -> 1404687.8 | G4: =(Table7919[[#This Row],[Mrd m3 '[2020']]])*9.77 -> 1404.6878
A5: TT | B5: Trinidad & Tobago | C5: =170*(D5/($D$4+$D$5)) -> 26.224381 | D5: 24.993606 | F5: =Table7919[[#This Row],[TWh '[2020']]]*1000 -> 256212.21 | G5: =(Table7919[[#This Row],[Mrd m3 '[2020']]])*9.77 -> 256.21221
A6: ME | B6: Middle East | C6: =962*(D6/($D$6+$D$7)) -> 717.7198 | D6: 531.72742 | F6: =Table7919[[#This Row],[TWh '[2020']]]*1000 -> 7012122.5 | G6: =(Table7919[[#This Row],[Mrd m3 '[2020']]])*9.77 -> 7012.1225
A7: QA | B7: Qatar | C7: =962*(D7/($D$6+$D$7)) -> 244.2802 | D7: 180.97659 | F7: =Table7919[[#This Row],[TWh '[2020']]]*1000 -> 2386617.5 | G7: =(Table7919[[#This Row],[Mrd m3 '[2020']]])*9.77 -> 2386.6175
A8: AF | B8: Africa | C8: =298*(D8/$E$8) -> 90.292525 | D8: 76.854578 | E8: 253.64962 | F8: =Table7919[[#This Row],[TWh '[2020']]]*1000 -> 882157.96 | G8: =(Table7919[[#This Row],[Mrd m3 '[2020']]])*9.77 -> 882.15796
A9: MA | B9: Morroco | C9: =298*(D9/$E$8) -> 0.08223943 | D9: 0.07 | F9: =Table7919[[#This Row],[TWh '[2020']]]*1000 -> 803.47923 | G9: =(Table7919[[#This Row],[Mrd m3 '[2020']]])*9.77 -> 0.80347923
A10: AU | B10: Australia | C10: =(675-$C$17)*(D10/($D$10+$D$11+$D$14+$D$13)) -> 155.63739 | D10: 151.74021 | F10: =Table7919[[#This Row],[TWh '[2020']]]*1000 -> 1520577.3 | G10: =(Table7919[[#This Row],[Mrd m3 '[2020']]])*9.77 -> 1520.5773
A11: CN | B11: China | C11: =(675-$C$17)*(D11/($D$10+$D$11+$D$14+$D$13)) -> 240.27487 | D11: 234.25836 | F11: =Table7919[[#This Row],[TWh '[2020']]]*1000 -> 2347485.5 | G11: =(Table7919[[#This Row],[Mrd m3 '[2020']]])*9.77 -> 2347.4855
A12: JS | B12: Japan & South Korea | C12: 0 | D12: 0 | F12: =Table7919[[#This Row],[TWh '[2020']]]*1000 -> 0 | G12: =(Table7919[[#This Row],[Mrd m3 '[2020']]])*9.77 -> 0
A13: IN | B13: India | C13: =(675-$C$17)*(D13/($D$10+$D$11+$D$14+$D$13)) -> 32.396706 | D13: 31.585489 | F13: =Table7919[[#This Row],[TWh '[2020']]]*1000 -> 316515.82 | G13: =(Table7919[[#This Row],[Mrd m3 '[2020']]])*9.77 -> 316.51582
A14: AS | B14: Asia | C14: =(675-$C$17)*(D14/($D$10+$D$11+$D$14+$D$13)) -> 132.22781 | D14: 128.9168 | F14: =Table7919[[#This Row],[TWh '[2020']]]*1000 -> 1291865.7 | G14: =(Table7919[[#This Row],[Mrd m3 '[2020']]])*9.77 -> 1291.8657
A15: CR | B15: Caspian Region | C15: =896*(D15/$E$15) -> 216.79843 | D15: 187.17086 | E15: 773.55306 | F15: =Table7919[[#This Row],[TWh '[2020']]]*1000 -> 2118120.7 | G15: =(Table7919[[#This Row],[Mrd m3 '[2020']]])*9.77 -> 2118.1207
A16: EG | B16: Egypt | C16: =298*(D16/$E$8) -> 67.084363 | D16: 57.100413 | F16: =Table7919[[#This Row],[TWh '[2020']]]*1000 -> 655414.23 | G16: =(Table7919[[#This Row],[Mrd m3 '[2020']]])*9.77 -> 655.41423
A17: IM | B17: Indonesia & Malaysia | C17: =D17*(E17) -> 114.46322 | D17: 145.33817 | E17: =152/193 -> 0.78756477 | F17: =Table7919[[#This Row],[TWh '[2020']]]*1000 -> 1118305.7 | G17: =(Table7919[[#This Row],[Mrd m3 '[2020']]])*9.77 -> 1118.3057
A19: 2035 values | B19: https://iea.blob.core.windows.net/assets/140a0470-5b90-4922-a0e9-838b3ac6918c/WorldEnergyOutlook2024.pdf
A20: https://www.energyinst.org/statistical-review
A21: https://www.statista.com/statistics/1538667/natural-gas-production-in-morocco-by-field/ | B21: for Morroco

Sheet nodes_demand_europe_2020
A1: Country | B1: Long_name | C1: Mrd m3 [2020] | D1: TWh [2020] | E1: Population 2020 [Tsd] | F1: TWh by share | G1: GWh [2020]
A2: AL | B2: Albania | D2: =Table1[[#This Row],[Mrd m3 '[2020']]]*9.77*-1 -> 0 | E2: 2846 | F2: =IF(Table1[[#This Row],[TWh '[2020']]]=0,$D$27*(E2/$E$27),0) -> -7.7179334 | G2: =MIN(Table1[[#This Row],[TWh '[2020']]],Table1[[#This Row],[TWh by share]])*1000 -> -7717.9334
A3: AT | B3: Austria | C3: 8.5272482 | D3: =Table1[[#This Row],[Mrd m3 '[2020']]]*9.77*-1 -> -83.311215 | E3: 8901.1 | F3: =IF(Table1[[#This Row],[TWh '[2020']]]=0,$D$27*(E3/$E$27),0) -> 0 | G3: =MIN(Table1[[#This Row],[TWh '[2020']]],Table1[[#This Row],[TWh by share]])*1000 -> -83311.215
A4: BE | B4: Belgium | C4: 16.99818 | D4: =Table1[[#This Row],[Mrd m3 '[2020']]]*9.77*-1 -> -166.07222 | E4: 11549.9 | F4: =IF(Table1[[#This Row],[TWh '[2020']]]=0,$D$27*(E4/$E$27),0) -> 0 | G4: =MIN(Table1[[#This Row],[TWh '[2020']]],Table1[[#This Row],[TWh by share]])*1000 -> -166072.22
A5: BA | B5: Bosnia and Herzegovina | D5: =Table1[[#This Row],[Mrd m3 '[2020']]]*9.77*-1 -> 0 | E5: 3492 | F5: =IF(Table1[[#This Row],[TWh '[2020']]]=0,$D$27*(E5/$E$27),0) -> -9.4697904 | G5: -5110
A6: BG | B6: Bulgaria | C6: 2.92065 | D6: =Table1[[#This Row],[Mrd m3 '[2020']]]*9.77*-1 -> -28.534751 | E6: 6951.5 | F6: =IF(Table1[[#This Row],[TWh '[2020']]]=0,$D$27*(E6/$E$27),0) -> 0 | G6: =MIN(Table1[[#This Row],[TWh '[2020']]],Table1[[#This Row],[TWh by share]])*1000 -> -28534.751
A7: HR | B7: Croatia | C7: 2.9368094 | D7: =Table1[[#This Row],[Mrd m3 '[2020']]]*9.77*-1 -> -28.692628 | E7: 4058.2 | F7: =IF(Table1[[#This Row],[TWh '[2020']]]=0,$D$27*(E7/$E$27),0) -> 0 | G7: =MIN(Table1[[#This Row],[TWh '[2020']]],Table1[[#This Row],[TWh by share]])*1000 -> -28692.628
A8: CZ | B8: Czech Republic | C8: 8.462375 | D8: =Table1[[#This Row],[Mrd m3 '[2020']]]*9.77*-1 -> -82.677404 | E8: 10693.9 | F8: =IF(Table1[[#This Row],[TWh '[2020']]]=0,$D$27*(E8/$E$27),0) -> 0 | G8: =MIN(Table1[[#This Row],[TWh '[2020']]],Table1[[#This Row],[TWh by share]])*1000 -> -82677.404
A9: DK | B9: Denmark | C9: 2.3225882 | D9: =Table1[[#This Row],[Mrd m3 '[2020']]]*9.77*-1 -> -22.691687 | E9: 5822.8 | F9: =IF(Table1[[#This Row],[TWh '[2020']]]=0,$D$27*(E9/$E$27),0) -> 0 | G9: =MIN(Table1[[#This Row],[TWh '[2020']]],Table1[[#This Row],[TWh by share]])*1000 -> -22691.687
A10: EE | B10: Estonia | C10: 0.43005 | D10: =Table1[[#This Row],[Mrd m3 '[2020']]]*9.77*-1 -> -4.2015885 | E10: 1329 | F10: =IF(Table1[[#This Row],[TWh '[2020']]]=0,$D$27*(E10/$E$27),0) -> 0 | G10: =MIN(Table1[[#This Row],[TWh '[2020']]],Table1[[#This Row],[TWh by share]])*1000 -> -4201.5885
A11: FI | B11: Finland | C11: 2.0718056 | D11: =Table1[[#This Row],[Mrd m3 '[2020']]]*9.77*-1 -> -20.24154 | E11: 5525.3 | F11: =IF(Table1[[#This Row],[TWh '[2020']]]=0,$D$27*(E11/$E$27),0) -> 0 | G11: =MIN(Table1[[#This Row],[TWh '[2020']]],Table1[[#This Row],[TWh by share]])*1000 -> -20241.54
A12: FR | B12: France | C12: 40.58284 | D12: =Table1[[#This Row],[Mrd m3 '[2020']]]*9.77*-1 -> -396.49435 | E12: 67098.8 | F12: =IF(Table1[[#This Row],[TWh '[2020']]]=0,$D$27*(E12/$E$27),0) -> 0 | G12: =MIN(Table1[[#This Row],[TWh '[2020']]],Table1[[#This Row],[TWh by share]])*1000 -> -396494.35
A13: DE | B13: Germany | C13: 87.1075 | D13: =Table1[[#This Row],[Mrd m3 '[2020']]]*9.77*-1 -> -851.04027 | E13: 83166.7 | F13: =IF(Table1[[#This Row],[TWh '[2020']]]=0,$D$27*(E13/$E$27),0) -> 0 | G13: =MIN(Table1[[#This Row],[TWh '[2020']]],Table1[[#This Row],[TWh by share]])*1000 -> -851040.27
A14: EL | B14: Greece | C14: 6.34266 | D14: =Table1[[#This Row],[Mrd m3 '[2020']]]*9.77*-1 -> -61.967788 | E14: 10709.7 | F14: =IF(Table1[[#This Row],[TWh '[2020']]]=0,$D$27*(E14/$E$27),0) -> 0 | G14: =MIN(Table1[[#This Row],[TWh '[2020']]],Table1[[#This Row],[TWh by share]])*1000 -> -61967.788
A15: HU | B15: Hungary | C15: 10.192972 | D15: =Table1[[#This Row],[Mrd m3 '[2020']]]*9.77*-1 -> -99.585339 | E15: 9769.5 | F15: =IF(Table1[[#This Row],[TWh '[2020']]]=0,$D$27*(E15/$E$27),0) -> 0 | G15: =MIN(Table1[[#This Row],[TWh '[2020']]],Table1[[#This Row],[TWh by share]])*1000 -> -99585.339
A16: IE | B16: Irland | C16: 5.3080831 | D16: =Table1[[#This Row],[Mrd m3 '[2020']]]*9.77*-1 -> -51.859972 | E16: 4963.8 | F16: =IF(Table1[[#This Row],[TWh '[2020']]]=0,$D$27*(E16/$E$27),0) -> 0 | G16: =MIN(Table1[[#This Row],[TWh '[2020']]],Table1[[#This Row],[TWh by share]])*1000 -> -51859.972
A17: IT | B17: Italy | C17: 67.625157 | D17: =Table1[[#This Row],[Mrd m3 '[2020']]]*9.77*-1 -> -660.69779 | E17: 60244.6 | F17: =IF(Table1[[#This Row],[TWh '[2020']]]=0,$D$27*(E17/$E$27),0) -> 0 | G17: =MIN(Table1[[#This Row],[TWh '[2020']]],Table1[[#This Row],[TWh by share]])*1000 -> -660697.79
... A20: LU | B20: Luxemburg | C20: 0.72253618 | D20: =Table1[[#This Row],[Mrd m3 '[2020']]]*9.77*-1 -> -7.0591784 | E20: 626.1 | F20: =IF(Table1[[#This Row],[TWh '[2020']]]=0,$D$27*(E20/$E$27),0) -> 0 | G20: =MIN(Table1[[#This Row],[TWh '[2020']]],Table1[[#This Row],[TWh by share]])*1000 -> -7059.1784
A21: MT | B21: Malta | D21: =Table1[[#This Row],[Mrd m3 '[2020']]]*9.77*-1 -> 0 | E21: 514.6 | F21: =IF(Table1[[#This Row],[TWh '[2020']]]=0,$D$27*(E21/$E$27),0) -> -1.3955195 | G21: =MIN(Table1[[#This Row],[TWh '[2020']]],Table1[[#This Row],[TWh by share]])*1000 -> -1395.5195
A22: MD | B22: Moldova | D22: =Table1[[#This Row],[Mrd m3 '[2020']]]*9.77*-1 -> 0 | E22: 2579 | F22: =IF(Table1[[#This Row],[TWh '[2020']]]=0,$D$27*(E22/$E$27),0) -> -6.9938687 | G22: =MIN(Table1[[#This Row],[TWh '[2020']]],Table1[[#This Row],[TWh by share]])*1000 -> -6993.8687
B23: Montenegro | D23: =Table1[[#This Row],[Mrd m3 '[2020']]]*9.77*-1 -> 0 | E23: 621.9 | F23: =IF(Table1[[#This Row],[TWh '[2020']]]=0,$D$27*(E23/$E$27),0) -> -1.6865013 | G23: =MIN(Table1[[#This Row],[TWh '[2020']]],Table1[[#This Row],[TWh by share]])*1000 -> -1686.5013
A24: NL | B24: Netherlands | C24: 36.094444 | D24: =Table1[[#This Row],[Mrd m3 '[2020']]]*9.77*-1 -> -352.64272 | E24: 17407.6 | F24: =IF(Table1[[#This Row],[TWh '[2020']]]=0,$D$27*(E24/$E$27),0) -> 0 | G24: =MIN(Table1[[#This Row],[TWh '[2020']]],Table1[[#This Row],[TWh by share]])*1000 -> -352642.72
A25: MK | B25: North Macedonia | C25: 0.32494654 | D25: =Table1[[#This Row],[Mrd m3 '[2020']]]*9.77*-1 -> -3.1747277 | E25: 2076.3 | F25: =IF(Table1[[#This Row],[TWh '[2020']]]=0,$D$27*(E25/$E$27),0) -> 0 | G25: =MIN(Table1[[#This Row],[TWh '[2020']]],Table1[[#This Row],[TWh by share]])*1000 -> -3174.7277
A26: NO | B26: Norway | C26: 4.4535246 | D26: =Table1[[#This Row],[Mrd m3 '[2020']]]*9.77*-1 -> -43.510935 | E26: 5367.6 | F26: =IF(Table1[[#This Row],[TWh '[2020']]]=0,$D$27*(E26/$E$27),0) -> 0 | G26: =MIN(Table1[[#This Row],[TWh '[2020']]],Table1[[#This Row],[TWh by share]])*1000 -> -43510.935
A27: OE | B27: Other Europe | C27: 5.454294 | D27: =Table1[[#This Row],[Mrd m3 '[2020']]]*9.77*-1 -> -53.288452 | E27: =SUMIF(D2:D26,"=0",E2:E26)+SUMIF(D28:D42,"=0",E28:E42) -> 19650.2 | F27: =IF(Table1[[#This Row],[TWh '[2020']]]=0,$D$27*(E27/$E$27),0) -> 0 | G27: =MIN(Table1[[#This Row],[TWh '[2020']]],Table1[[#This Row],[TWh by share]])*1000 -> -53288.452
A28: PL | B28: Poland | C28: 21.064583 | D28: =Table1[[#This Row],[Mrd m3 '[2020']]]*9.77*-1 -> -205.80098 | E28: 37958.1 | F28: =IF(Table1[[#This Row],[TWh '[2020']]]=0,$D$27*(E28/$E$27),0) -> 0 | G28: =MIN(Table1[[#This Row],[TWh '[2020']]],Table1[[#This Row],[TWh by share]])*1000 -> -205800.98
A29: PT | B29: Portugal | C29: 6.0366596 | D29: =Table1[[#This Row],[Mrd m3 '[2020']]]*9.77*-1 -> -58.978164 | E29: 10295.9 | F29: =IF(Table1[[#This Row],[TWh '[2020']]]=0,$D$27*(E29/$E$27),0) -> 0 | G29: =MIN(Table1[[#This Row],[TWh '[2020']]],Table1[[#This Row],[TWh by share]])*1000 -> -58978.164
A30: RO | B30: Romania | C30: 11.262553 | D30: =Table1[[#This Row],[Mrd m3 '[2020']]]*9.77*-1 -> -110.03514 | E30: 19318 | F30: =IF(Table1[[#This Row],[TWh '[2020']]]=0,$D$27*(E30/$E$27),0) -> 0 | G30: =MIN(Table1[[#This Row],[TWh '[2020']]],Table1[[#This Row],[TWh by share]])*1000 -> -110035.14
A31: SM | B31: San Marino | D31: =Table1[[#This Row],[Mrd m3 '[2020']]]*9.77*-1 -> 0 | E31: 0 | F31: =IF(Table1[[#This Row],[TWh '[2020']]]=0,$D$27*(E31/$E$27),0) -> 0 | G31: =MIN(Table1[[#This Row],[TWh '[2020']]],Table1[[#This Row],[TWh by share]])*1000 -> 0
A32: RS | B32: Serbia | D32: =Table1[[#This Row],[Mrd m3 '[2020']]]*9.77*-1 -> 0 | E32: 6926.7 | F32: =IF(Table1[[#This Row],[TWh '[2020']]]=0,$D$27*(E32/$E$27),0) -> -18.784192 | G32: =MIN(Table1[[#This Row],[TWh '[2020']]],Table1[[#This Row],[TWh by share]])*1000 -> -18784.192
A33: SK | B33: Slovakia | C33: 4.7546384 | D33: =Table1[[#This Row],[Mrd m3 '[2020']]]*9.77*-1 -> -46.452817 | E33: 5457.9 | F33: =IF(Table1[[#This Row],[TWh '[2020']]]=0,$D$27*(E33/$E$27),0) -> 0 | G33: =MIN(Table1[[#This Row],[TWh '[2020']]],Table1[[#This Row],[TWh by share]])*1000 -> -46452.817
A34: SI | B34: Slovenia | C34: 0.85516059 | D34: =Table1[[#This Row],[Mrd m3 '[2020']]]*9.77*-1 -> -8.354919 | E34: 2095.9 | F34: =IF(Table1[[#This Row],[TWh '[2020']]]=0,$D$27*(E34/$E$27),0) -> 0 | G34: =MIN(Table1[[#This Row],[TWh '[2020']]],Table1[[#This Row],[TWh by share]])*1000 -> -8354.919
A35: ES | B35: Spain | C35: 32.490231 | D35: =Table1[[#This Row],[Mrd m3 '[2020']]]*9.77*-1 -> -317.42956 | E35: 47330 | F35: =IF(Table1[[#This Row],[TWh '[2020']]]=0,$D$27*(E35/$E$27),0) -> 0 | G35: =MIN(Table1[[#This Row],[TWh '[2020']]],Table1[[#This Row],[TWh by share]])*1000 -> -317429.56
A36: SE | B36: Sweden | C36: 0.990925 | D36: =Table1[[#This Row],[Mrd m3 '[2020']]]*9.77*-1 -> -9.6813373 | E36: 10327.6 | F36: =IF(Table1[[#This Row],[TWh '[2020']]]=0,$D$27*(E36/$E$27),0) -> 0 | G36: =MIN(Table1[[#This Row],[TWh '[2020']]],Table1[[#This Row],[TWh by share]])*1000 -> -9681.3373
A37: CH | B37: Switzerland | C37: 3.3147222 | D37: =Table1[[#This Row],[Mrd m3 '[2020']]]*9.77*-1 -> -32.384836 | E37: 8606 | F37: =IF(Table1[[#This Row],[TWh '[2020']]]=0,$D$27*(E37/$E$27),0) -> 0 | G37: =MIN(Table1[[#This Row],[TWh '[2020']]],Table1[[#This Row],[TWh by share]])*1000 -> -32384.836
A38: TR | B38: Türkiye | C38: 46.209908 | D38: =Table1[[#This Row],[Mrd m3 '[2020']]]*9.77*-1 -> -451.4708 | E38: 83155 | F38: =IF(Table1[[#This Row],[TWh '[2020']]]=0,$D$27*(E38/$E$27),0) -> 0 | G38: =MIN(Table1[[#This Row],[TWh '[2020']]],Table1[[#This Row],[TWh by share]])*1000 -> -451470.8
A39: UK | B39: UK | C39: 73.145389 | D39: =Table1[[#This Row],[Mrd m3 '[2020']]]*9.77*-1 -> -714.63046 | E39: 67025.5 | F39: =IF(Table1[[#This Row],[TWh '[2020']]]=0,$D$27*(E39/$E$27),0) -> 0 | G39: =MIN(Table1[[#This Row],[TWh '[2020']]],Table1[[#This Row],[TWh by share]])*1000 -> -714630.46
A40: UA | B40: Ukraine | C40: 29.338741 | D40: =Table1[[#This Row],[Mrd m3 '[2020']]]*9.77*-1 -> -286.6395 | E40: 41733 | F40: =IF(Table1[[#This Row],[TWh '[2020']]]=0,$D$27*(E40/$E$27),0) -> 0 | G40: =MIN(Table1[[#This Row],[TWh '[2020']]],Table1[[#This Row],[TWh by share]])*1000 -> -286639.5
A41: ZY | B41: Zyprus | D41: =Table1[[#This Row],[Mrd m3 '[2020']]]*9.77*-1 -> 0 | E41: 888 | F41: =IF(Table1[[#This Row],[TWh '[2020']]]=0,$D$27*(E41/$E$27),0) -> -2.4081254 | G41: =MIN(Table1[[#This Row],[TWh '[2020']]],Table1[[#This Row],[TWh by share]])*1000 -> -2408.1254
B42: Kosovo | D42: =Table1[[#This Row],[Mrd m3 '[2020']]]*9.77*-1 -> 0 | E42: 1782 | F42: =IF(Table1[[#This Row],[TWh '[2020']]]=0,$D$27*(E42/$E$27),0) -> -4.8325219 | G42: =MIN(Table1[[#This Row],[TWh '[2020']]],Table1[[#This Row],[TWh by share]])*1000 -> -4832.5219
C44: =SUM(Table1[Mrd m3 '[2020']]) -> 541.77585
A50: https://www.energyinst.org/statistical-review
A51: https://ec.europa.eu/eurostat/documents/2995521/11081093/3-10072020-AP-EN.pdf/d2f799bf-4412-05cc-a357-7b49b93615f1
A52: https://ec.europa.eu/eurostat/statistics-explained/index.php?title=File:WBT23_Population,_2011-2022_(thousands).png | B52: for Bosnia
A53: https://ec.europa.eu/eurostat/statistics-explained/index.php?title=European_Neighbourhood_Policy_-_East_-_population_statistics#Number_of_inhabitants | B53: Ukraine, Moldova

Sheet nodes_demand_world_2020
A1: Country | B1: Long_name | C1: Mrd m3 [2020] | D1: Mil m3 [2020] | E1: Mrd m3 [2020]2 | F1: GWh [2020] | G1: TWh [2020]
A2: USA | B2: USA | C2: 834.54963 | E2: =Table7910[[#This Row],[Mil m3 '[2020']]]/1000 -> 0 | F2: =Table7910[[#This Row],[TWh '[2020']]]*1000 -> -8153549.9 | G2: =IF(Table7910[[#This Row],[Mil m3 '[2020']]]>0,Table7910[[#This Row],[Mrd m3 '[2020']2]],Table7910[[#This Row],[Mrd m3 '[2020']]])*9.77*(-1) -> -8153.5499
A3: CM | B3: North America | C3: =1042.08498320178-834.549627821157 -> 207.53536 | E3: =Table7910[[#This Row],[Mil m3 '[2020']]]/1000 -> 0 | F3: =Table7910[[#This Row],[TWh '[2020']]]*1000 -> -2027620.4 | G3: =IF(Table7910[[#This Row],[Mil m3 '[2020']]]>0,Table7910[[#This Row],[Mrd m3 '[2020']2]],Table7910[[#This Row],[Mrd m3 '[2020']]])*9.77*(-1) -> -2027.6204
A4: SA | B4: South America | C4: =148.570059919613-15.1856471767803 -> 133.38441 | E4: =Table7910[[#This Row],[Mil m3 '[2020']]]/1000 -> 0 | F4: =Table7910[[#This Row],[TWh '[2020']]]*1000 -> -1303165.7 | G4: =IF(Table7910[[#This Row],[Mil m3 '[2020']]]>0,Table7910[[#This Row],[Mrd m3 '[2020']2]],Table7910[[#This Row],[Mrd m3 '[2020']]])*9.77*(-1) -> -1303.1657
A5: TT | B5: Trinidad & Tobago | C5: =15.1856471767803 -> 15.185647 | E5: =Table7910[[#This Row],[Mil m3 '[2020']]]/1000 -> 0 | F5: =Table7910[[#This Row],[TWh '[2020']]]*1000 -> -148363.77 | G5: =IF(Table7910[[#This Row],[Mil m3 '[2020']]]>0,Table7910[[#This Row],[Mrd m3 '[2020']2]],Table7910[[#This Row],[Mrd m3 '[2020']]])*9.77*(-1) -> -148.36377
A6: ME | B6: Middle East | C6: =552.897499957585-38.4132347090566 -> 514.48427 | E6: =Table7910[[#This Row],[Mil m3 '[2020']]]/1000 -> 0 | F6: =Table7910[[#This Row],[TWh '[2020']]]*1000 -> -5026511.3 | G6: =IF(Table7910[[#This Row],[Mil m3 '[2020']]]>0,Table7910[[#This Row],[Mrd m3 '[2020']2]],Table7910[[#This Row],[Mrd m3 '[2020']]])*9.77*(-1) -> -5026.5113
A7: QA | B7: Qatar | C7: 38.413235 | E7: =Table7910[[#This Row],[Mil m3 '[2020']]]/1000 -> 0 | F7: =Table7910[[#This Row],[TWh '[2020']]]*1000 -> -375297.3 | G7: =IF(Table7910[[#This Row],[Mil m3 '[2020']]]>0,Table7910[[#This Row],[Mrd m3 '[2020']2]],Table7910[[#This Row],[Mrd m3 '[2020']]])*9.77*(-1) -> -375.2973
A8: AF | B8: Africa | C8: =154.184349315883-C16-C17-C18-C19-C20 -> 40.449273 | E8: =Table7910[[#This Row],[Mil m3 '[2020']]]/1000 -> 0 | F8: =Table7910[[#This Row],[TWh '[2020']]]*1000 -> -395189.4 | G8: =IF(Table7910[[#This Row],[Mil m3 '[2020']]]>0,Table7910[[#This Row],[Mrd m3 '[2020']2]],Table7910[[#This Row],[Mrd m3 '[2020']]])*9.77*(-1) -> -395.1894
A9: AU | B9: Australia | C9: 42.31734 | E9: =Table7910[[#This Row],[Mil m3 '[2020']]]/1000 -> 0 | F9: =Table7910[[#This Row],[TWh '[2020']]]*1000 -> -413440.41 | G9: =IF(Table7910[[#This Row],[Mil m3 '[2020']]]>0,Table7910[[#This Row],[Mrd m3 '[2020']2]],Table7910[[#This Row],[Mrd m3 '[2020']]])*9.77*(-1) -> -413.44041
A10: CN | B10: China | C10: 336.61726 | E10: =Table7910[[#This Row],[Mil m3 '[2020']]]/1000 -> 0 | F10: =Table7910[[#This Row],[TWh '[2020']]]*1000 -> -3288750.6 | G10: =IF(Table7910[[#This Row],[Mil m3 '[2020']]]>0,Table7910[[#This Row],[Mrd m3 '[2020']2]],Table7910[[#This Row],[Mrd m3 '[2020']]])*9.77*(-1) -> -3288.7506
A11: JS | B11: Japan & South Korea | C11: =104.1275049683+57.53730834 -> 161.66481 | E11: =Table7910[[#This Row],[Mil m3 '[2020']]]/1000 -> 0 | F11: =Table7910[[#This Row],[TWh '[2020']]]*1000 -> -1579465.2 | G11: =IF(Table7910[[#This Row],[Mil m3 '[2020']]]>0,Table7910[[#This Row],[Mrd m3 '[2020']2]],Table7910[[#This Row],[Mrd m3 '[2020']]])*9.77*(-1) -> -1579.4652
A12: IN | B12: India | C12: 60.360121 | E12: =Table7910[[#This Row],[Mil m3 '[2020']]]/1000 -> 0 | F12: =Table7910[[#This Row],[TWh '[2020']]]*1000 -> -589718.39 | G12: =IF(Table7910[[#This Row],[Mil m3 '[2020']]]>0,Table7910[[#This Row],[Mrd m3 '[2020']2]],Table7910[[#This Row],[Mrd m3 '[2020']]])*9.77*(-1) -> -589.71839
A13: AS | B13: Asia | C13: =876.9412368709-C12-C10-C9-C11-C21 -> 189.78751 | E13: =Table7910[[#This Row],[Mil m3 '[2020']]]/1000 -> 0 | F13: =Table7910[[#This Row],[TWh '[2020']]]*1000 -> -1854224 | G13: =IF(Table7910[[#This Row],[Mil m3 '[2020']]]>0,Table7910[[#This Row],[Mrd m3 '[2020']2]],Table7910[[#This Row],[Mrd m3 '[2020']]])*9.77*(-1) -> -1854.224
A14: CR | B14: Caspian Region | C14: =554.955290969357-423.483407079646-17.7510088495575 -> 113.72088 | E14: =Table7910[[#This Row],[Mil m3 '[2020']]]/1000 -> 0 | F14: =Table7910[[#This Row],[TWh '[2020']]]*1000 -> -1111052.9 | G14: =IF(Table7910[[#This Row],[Mil m3 '[2020']]]>0,Table7910[[#This Row],[Mrd m3 '[2020']2]],Table7910[[#This Row],[Mrd m3 '[2020']]])*9.77*(-1) -> -1111.0529
A15: RU | B15: Russia | C15: 423.48341 | E15: =Table7910[[#This Row],[Mil m3 '[2020']]]/1000 -> 0 | F15: =Table7910[[#This Row],[TWh '[2020']]]*1000 -> -4137432.9 | G15: =IF(Table7910[[#This Row],[Mil m3 '[2020']]]>0,Table7910[[#This Row],[Mrd m3 '[2020']2]],Table7910[[#This Row],[Mrd m3 '[2020']]])*9.77*(-1) -> -4137.4329
A16: DZ | B16: Algeria | C16: 43.350037 | E16: =Table7910[[#This Row],[Mil m3 '[2020']]]/1000 -> 0 | F16: =Table7910[[#This Row],[TWh '[2020']]]*1000 -> -423529.87 | G16: =IF(Table7910[[#This Row],[Mil m3 '[2020']]]>0,Table7910[[#This Row],[Mrd m3 '[2020']2]],Table7910[[#This Row],[Mrd m3 '[2020']]])*9.77*(-1) -> -423.52987
A17: LY | B17: Libya | C17: 7.7 | E17: =Table7910[[#This Row],[Mil m3 '[2020']]]/1000 -> 0 | F17: =Table7910[[#This Row],[TWh '[2020']]]*1000 -> -75229 | G17: =IF(Table7910[[#This Row],[Mil m3 '[2020']]]>0,Table7910[[#This Row],[Mrd m3 '[2020']2]],Table7910[[#This Row],[Mrd m3 '[2020']]])*9.77*(-1) -> -75.229
A18: TN | B18: Tunisia | C18: 3.5904531 | E18: =Table7910[[#This Row],[Mil m3 '[2020']]]/1000 -> 0 | F18: =Table7910[[#This Row],[TWh '[2020']]]*1000 -> -35078.727 | G18: =IF(Table7910[[#This Row],[Mil m3 '[2020']]]>0,Table7910[[#This Row],[Mrd m3 '[2020']2]],Table7910[[#This Row],[Mrd m3 '[2020']]])*9.77*(-1) -> -35.078727
A19: MA | B19: Morroco | C19: 0.78666131 | E19: =Table7910[[#This Row],[Mil m3 '[2020']]]/1000 -> 0 | F19: =Table7910[[#This Row],[TWh '[2020']]]*1000 -> -7685.681 | G19: =IF(Table7910[[#This Row],[Mil m3 '[2020']]]>0,Table7910[[#This Row],[Mrd m3 '[2020']2]],Table7910[[#This Row],[Mrd m3 '[2020']]])*9.77*(-1) -> -7.685681
A20: EG | B20: Egypt | C20: 58.307924 | E20: =Table7910[[#This Row],[Mil m3 '[2020']]]/1000 -> 0 | F20: =Table7910[[#This Row],[TWh '[2020']]]*1000 -> -569668.42 | G20: =IF(Table7910[[#This Row],[Mil m3 '[2020']]]>0,Table7910[[#This Row],[Mrd m3 '[2020']2]],Table7910[[#This Row],[Mrd m3 '[2020']]])*9.77*(-1) -> -569.66842
A21: IM | B21: Indonesia & Malaysia | C21: =42.5805321356392+43.613663 -> 86.194195 | E21: =Table7910[[#This Row],[Mil m3 '[2020']]]/1000 -> 0 | F21: =Table7910[[#This Row],[TWh '[2020']]]*1000 -> -842117.29 | G21: =IF(Table7910[[#This Row],[Mil m3 '[2020']]]>0,Table7910[[#This Row],[Mrd m3 '[2020']2]],Table7910[[#This Row],[Mrd m3 '[2020']]])*9.77*(-1) -> -842.11729
A22: BY | B22: Belarus | C22: 17.751009 | E22: =Table7910[[#This Row],[Mil m3 '[2020']]]/1000 -> 0 | F22: =Table7910[[#This Row],[TWh '[2020']]]*1000 -> -173427.36 | G22: =IF(Table7910[[#This Row],[Mil m3 '[2020']]]>0,Table7910[[#This Row],[Mrd m3 '[2020']2]],Table7910[[#This Row],[Mrd m3 '[2020']]])*9.77*(-1) -> -173.42736
A24: Tunisia | B24: https://www.ins.tn/sites/default/files-ftp3/files/publication/pdf/bms%20Aout%202024.pdf | I24: average
A25: Libya | B25: https://www.gecf.org/_resources/files/events/release-of-the-gecf-annual-statistical-bulletin-2023/gecf-asb-2023.pdf

Sheet nodes_demand_europe_2024
A1: Country | B1: Long_name | C1: Mrd m3 [2023] | D1: TWh [2023] | E1: Population 2020 [Tsd] | F1: GWh [2020] | G1: TWh by share
A2: AL | B2: Albania | D2: =Table15[[#This Row],[Mrd m3 '[2023']]]*9.77*-1 -> 0 | E2: 2846 | F2: =MIN(Table15[[#This Row],[TWh '[2023']]],Table15[[#This Row],[TWh by share]])*1000 -> -9856.3519 | G2: =IF(Table15[[#This Row],[TWh '[2023']]]=0,$D$27*(E2/$E$27),0) -> -9.8563519
A3: AT | B3: Austria | C3: 6.8812786 | D3: =Table15[[#This Row],[Mrd m3 '[2023']]]*9.77*-1 -> -67.230092 | E3: 8901.1 | F3: =MIN(Table15[[#This Row],[TWh '[2023']]],Table15[[#This Row],[TWh by share]])*1000 -> -67230.092 | G3: =IF(Table15[[#This Row],[TWh '[2023']]]=0,$D$27*(E3/$E$27),0) -> 0
A4: BE | B4: Belgium | C4: 13.706137 | D4: =Table15[[#This Row],[Mrd m3 '[2023']]]*9.77*-1 -> -133.90896 | E4: 11549.9 | F4: =MIN(Table15[[#This Row],[TWh '[2023']]],Table15[[#This Row],[TWh by share]])*1000 -> -133908.96 | G4: =IF(Table15[[#This Row],[TWh '[2023']]]=0,$D$27*(E4/$E$27),0) -> 0
A5: BA | B5: Bosnia and Herzegovina | D5: =Table15[[#This Row],[Mrd m3 '[2023']]]*9.77*-1 -> 0 | E5: 3492 | F5: -5110 | G5: =IF(Table15[[#This Row],[TWh '[2023']]]=0,$D$27*(E5/$E$27),0) -> -12.093598
A6: BG | B6: Bulgaria | C6: 2.526 | D6: =Table15[[#This Row],[Mrd m3 '[2023']]]*9.77*-1 -> -24.67902 | E6: 6951.5 | F6: =MIN(Table15[[#This Row],[TWh '[2023']]],Table15[[#This Row],[TWh by share]])*1000 -> -24679.02 | G6: =IF(Table15[[#This Row],[TWh '[2023']]]=0,$D$27*(E6/$E$27),0) -> 0
A7: HR | B7: Croatia | C7: 2.5001437 | D7: =Table15[[#This Row],[Mrd m3 '[2023']]]*9.77*-1 -> -24.426404 | E7: 4058.2 | F7: =MIN(Table15[[#This Row],[TWh '[2023']]],Table15[[#This Row],[TWh by share]])*1000 -> -24426.404 | G7: =IF(Table15[[#This Row],[TWh '[2023']]]=0,$D$27*(E7/$E$27),0) -> 0
A8: CZ | B8: Czech Republic | C8: 6.6975 | D8: =Table15[[#This Row],[Mrd m3 '[2023']]]*9.77*-1 -> -65.434575 | E8: 10693.9 | F8: =MIN(Table15[[#This Row],[TWh '[2023']]],Table15[[#This Row],[TWh by share]])*1000 -> -65434.575 | G8: =IF(Table15[[#This Row],[TWh '[2023']]]=0,$D$27*(E8/$E$27),0) -> 0
A9: DK | B9: Denmark | C9: 1.630251 | D9: =Table15[[#This Row],[Mrd m3 '[2023']]]*9.77*-1 -> -15.927552 | E9: 5822.8 | F9: =MIN(Table15[[#This Row],[TWh '[2023']]],Table15[[#This Row],[TWh by share]])*1000 -> -15927.552 | G9: =IF(Table15[[#This Row],[TWh '[2023']]]=0,$D$27*(E9/$E$27),0) -> 0
A10: EE | B10: Estonia | C10: 0.36988438 | D10: =Table15[[#This Row],[Mrd m3 '[2023']]]*9.77*-1 -> -3.6137704 | E10: 1329 | F10: =MIN(Table15[[#This Row],[TWh '[2023']]],Table15[[#This Row],[TWh by share]])*1000 -> -3613.7704 | G10: =IF(Table15[[#This Row],[TWh '[2023']]]=0,$D$27*(E10/$E$27),0) -> 0
A11: FI | B11: Finland | C11: 1.1944167 | D11: =Table15[[#This Row],[Mrd m3 '[2023']]]*9.77*-1 -> -11.669451 | E11: 5525.3 | F11: =MIN(Table15[[#This Row],[TWh '[2023']]],Table15[[#This Row],[TWh by share]])*1000 -> -11669.451 | G11: =IF(Table15[[#This Row],[TWh '[2023']]]=0,$D$27*(E11/$E$27),0) -> 0
A12: FR | B12: France | C12: 33.864162 | D12: =Table15[[#This Row],[Mrd m3 '[2023']]]*9.77*-1 -> -330.85287 | E12: 67098.8 | F12: =MIN(Table15[[#This Row],[TWh '[2023']]],Table15[[#This Row],[TWh by share]])*1000 -> -330852.87 | G12: =IF(Table15[[#This Row],[TWh '[2023']]]=0,$D$27*(E12/$E$27),0) -> 0
A13: DE | B13: Germany | C13: 75.663814 | D13: =Table15[[#This Row],[Mrd m3 '[2023']]]*9.77*-1 -> -739.23546 | E13: 83166.7 | F13: =MIN(Table15[[#This Row],[TWh '[2023']]],Table15[[#This Row],[TWh by share]])*1000 -> -739235.46 | G13: =IF(Table15[[#This Row],[TWh '[2023']]]=0,$D$27*(E13/$E$27),0) -> 0
A14: EL | B14: Greece | C14: 5.3822 | D14: =Table15[[#This Row],[Mrd m3 '[2023']]]*9.77*-1 -> -52.584094 | E14: 10709.7 | F14: =MIN(Table15[[#This Row],[TWh '[2023']]],Table15[[#This Row],[TWh by share]])*1000 -> -52584.094 | G14: =IF(Table15[[#This Row],[TWh '[2023']]]=0,$D$27*(E14/$E$27),0) -> 0
A15: HU | B15: Hungary | C15: 8.1848333 | D15: =Table15[[#This Row],[Mrd m3 '[2023']]]*9.77*-1 -> -79.965822 | E15: 9769.5 | F15: =MIN(Table15[[#This Row],[TWh '[2023']]],Table15[[#This Row],[TWh by share]])*1000 -> -79965.822 | G15: =IF(Table15[[#This Row],[TWh '[2023']]]=0,$D$27*(E15/$E$27),0) -> 0
A16: IE | B16: Irland | C16: 4.8234356 | D16: =Table15[[#This Row],[Mrd m3 '[2023']]]*9.77*-1 -> -47.124966 | E16: 4963.8 | F16: =MIN(Table15[[#This Row],[TWh '[2023']]],Table15[[#This Row],[TWh by share]])*1000 -> -47124.966 | G16: =IF(Table15[[#This Row],[TWh '[2023']]]=0,$D$27*(E16/$E$27),0) -> 0
A17: IT | B17: Italy | C17: 58.59764 | D17: =Table15[[#This Row],[Mrd m3 '[2023']]]*9.77*-1 -> -572.49894 | E17: 60244.6 | F17: =MIN(Table15[[#This Row],[TWh '[2023']]],Table15[[#This Row],[TWh by share]])*1000 -> -572498.94 | G17: =IF(Table15[[#This Row],[TWh '[2023']]]=0,$D$27*(E17/$E$27),0) -> 0
... A20: LU | B20: Luxemburg | C20: 0.57345708 | D20: =Table15[[#This Row],[Mrd m3 '[2023']]]*9.77*-1 -> -5.6026757 | E20: 626.1 | F20: =MIN(Table15[[#This Row],[TWh '[2023']]],Table15[[#This Row],[TWh by share]])*1000 -> -5602.6757 | G20: =IF(Table15[[#This Row],[TWh '[2023']]]=0,$D$27*(E20/$E$27),0) -> 0
A21: MT | B21: Malta | D21: =Table15[[#This Row],[Mrd m3 '[2023']]]*9.77*-1 -> 0 | E21: 514.6 | F21: =MIN(Table15[[#This Row],[TWh '[2023']]],Table15[[#This Row],[TWh by share]])*1000 -> -1782.178 | G21: =IF(Table15[[#This Row],[TWh '[2023']]]=0,$D$27*(E21/$E$27),0) -> -1.782178
A22: MD | B22: Moldova | D22: =Table15[[#This Row],[Mrd m3 '[2023']]]*9.77*-1 -> 0 | E22: 2579 | F22: =MIN(Table15[[#This Row],[TWh '[2023']]],Table15[[#This Row],[TWh by share]])*1000 -> -8931.6696 | G22: =IF(Table15[[#This Row],[TWh '[2023']]]=0,$D$27*(E22/$E$27),0) -> -8.9316696
B23: Montenegro | D23: =Table15[[#This Row],[Mrd m3 '[2023']]]*9.77*-1 -> 0 | E23: 621.9 | F23: =MIN(Table15[[#This Row],[TWh '[2023']]],Table15[[#This Row],[TWh by share]])*1000 -> -2153.7826 | G23: =IF(Table15[[#This Row],[TWh '[2023']]]=0,$D$27*(E23/$E$27),0) -> -2.1537826
A24: NL | B24: Netherlands | C24: 25.772222 | D24: =Table15[[#This Row],[Mrd m3 '[2023']]]*9.77*-1 -> -251.79461 | E24: 17407.6 | F24: =MIN(Table15[[#This Row],[TWh '[2023']]],Table15[[#This Row],[TWh by share]])*1000 -> -251794.61 | G24: =IF(Table15[[#This Row],[TWh '[2023']]]=0,$D$27*(E24/$E$27),0) -> 0
A25: MK | B25: North Macedonia | C25: 0.35287262 | D25: =Table15[[#This Row],[Mrd m3 '[2023']]]*9.77*-1 -> -3.4475655 | E25: 2076.3 | F25: =MIN(Table15[[#This Row],[TWh '[2023']]],Table15[[#This Row],[TWh by share]])*1000 -> -3447.5655 | G25: =IF(Table15[[#This Row],[TWh '[2023']]]=0,$D$27*(E25/$E$27),0) -> 0
A26: NO | B26: Norway | C26: 3.7932103 | D26: =Table15[[#This Row],[Mrd m3 '[2023']]]*9.77*-1 -> -37.059665 | E26: 5367.6 | F26: =MIN(Table15[[#This Row],[TWh '[2023']]],Table15[[#This Row],[TWh by share]])*1000 -> -37059.665 | G26: =IF(Table15[[#This Row],[TWh '[2023']]]=0,$D$27*(E26/$E$27),0) -> 0
A27: OE | B27: Other Europe | C27: 6.9655228 | D27: =Table15[[#This Row],[Mrd m3 '[2023']]]*9.77*-1 -> -68.053158 | E27: =SUMIF(D2:D26,"=0",E2:E26)+SUMIF(D28:D42,"=0",E28:E42) -> 19650.2 | F27: =MIN(Table15[[#This Row],[TWh '[2023']]],Table15[[#This Row],[TWh by share]])*1000 -> -68053.158 | G27: =IF(Table15[[#This Row],[TWh '[2023']]]=0,$D$27*(E27/$E$27),0) -> 0
A28: PL | B28: Poland | C28: 19.582713 | D28: =Table15[[#This Row],[Mrd m3 '[2023']]]*9.77*-1 -> -191.32311 | E28: 37958.1 | F28: =MIN(Table15[[#This Row],[TWh '[2023']]],Table15[[#This Row],[TWh by share]])*1000 -> -191323.11 | G28: =IF(Table15[[#This Row],[TWh '[2023']]]=0,$D$27*(E28/$E$27),0) -> 0
A29: PT | B29: Portugal | C29: 4.4804913 | D29: =Table15[[#This Row],[Mrd m3 '[2023']]]*9.77*-1 -> -43.7744 | E29: 10295.9 | F29: =MIN(Table15[[#This Row],[TWh '[2023']]],Table15[[#This Row],[TWh by share]])*1000 -> -43774.4 | G29: =IF(Table15[[#This Row],[TWh '[2023']]]=0,$D$27*(E29/$E$27),0) -> 0
A30: RO | B30: Romania | C30: 9.0859917 | D30: =Table15[[#This Row],[Mrd m3 '[2023']]]*9.77*-1 -> -88.770139 | E30: 19318 | F30: =MIN(Table15[[#This Row],[TWh '[2023']]],Table15[[#This Row],[TWh by share]])*1000 -> -88770.139 | G30: =IF(Table15[[#This Row],[TWh '[2023']]]=0,$D$27*(E30/$E$27),0) -> 0
A31: SM | B31: San Marino | D31: =Table15[[#This Row],[Mrd m3 '[2023']]]*9.77*-1 -> 0 | E31: 0 | F31: =MIN(Table15[[#This Row],[TWh '[2023']]],Table15[[#This Row],[TWh by share]])*1000 -> 0 | G31: =IF(Table15[[#This Row],[TWh '[2023']]]=0,$D$27*(E31/$E$27),0) -> 0
A32: RS | B32: Serbia | D32: =Table15[[#This Row],[Mrd m3 '[2023']]]*9.77*-1 -> 0 | E32: 6926.7 | F32: =MIN(Table15[[#This Row],[TWh '[2023']]],Table15[[#This Row],[TWh by share]])*1000 -> -23988.754 | G32: =IF(Table15[[#This Row],[TWh '[2023']]]=0,$D$27*(E32/$E$27),0) -> -23.988754
A33: SK | B33: Slovakia | C33: 4.1980545 | D33: =Table15[[#This Row],[Mrd m3 '[2023']]]*9.77*-1 -> -41.014992 | E33: 5457.9 | F33: =MIN(Table15[[#This Row],[TWh '[2023']]],Table15[[#This Row],[TWh by share]])*1000 -> -41014.992 | G33: =IF(Table15[[#This Row],[TWh '[2023']]]=0,$D$27*(E33/$E$27),0) -> 0
A34: SI | B34: Slovenia | C34: 0.7666729 | D34: =Table15[[#This Row],[Mrd m3 '[2023']]]*9.77*-1 -> -7.4903942 | E34: 2095.9 | F34: =MIN(Table15[[#This Row],[TWh '[2023']]],Table15[[#This Row],[TWh by share]])*1000 -> -7490.3942 | G34: =IF(Table15[[#This Row],[TWh '[2023']]]=0,$D$27*(E34/$E$27),0) -> 0
A35: ES | B35: Spain | C35: 29.298304 | D35: =Table15[[#This Row],[Mrd m3 '[2023']]]*9.77*-1 -> -286.24443 | E35: 47330 | F35: =MIN(Table15[[#This Row],[TWh '[2023']]],Table15[[#This Row],[TWh by share]])*1000 -> -286244.43 | G35: =IF(Table15[[#This Row],[TWh '[2023']]]=0,$D$27*(E35/$E$27),0) -> 0
A36: SE | B36: Sweden | C36: 0.71619918 | D36: =Table15[[#This Row],[Mrd m3 '[2023']]]*9.77*-1 -> -6.9972659 | E36: 10327.6 | F36: =MIN(Table15[[#This Row],[TWh '[2023']]],Table15[[#This Row],[TWh by share]])*1000 -> -6997.2659 | G36: =IF(Table15[[#This Row],[TWh '[2023']]]=0,$D$27*(E36/$E$27),0) -> 0
A37: CH | B37: Switzerland | C37: 2.7441228 | D37: =Table15[[#This Row],[Mrd m3 '[2023']]]*9.77*-1 -> -26.81008 | E37: 8606 | F37: =MIN(Table15[[#This Row],[TWh '[2023']]],Table15[[#This Row],[TWh by share]])*1000 -> -26810.08 | G37: =IF(Table15[[#This Row],[TWh '[2023']]]=0,$D$27*(E37/$E$27),0) -> 0
A38: TR | B38: Türkiye | C38: 48.429349 | D38: =Table15[[#This Row],[Mrd m3 '[2023']]]*9.77*-1 -> -473.15474 | E38: 83155 | F38: =MIN(Table15[[#This Row],[TWh '[2023']]],Table15[[#This Row],[TWh by share]])*1000 -> -473154.74 | G38: =IF(Table15[[#This Row],[TWh '[2023']]]=0,$D$27*(E38/$E$27),0) -> 0
A39: UK | B39: UK | C39: 63.503525 | D39: =Table15[[#This Row],[Mrd m3 '[2023']]]*9.77*-1 -> -620.42944 | E39: 67025.5 | F39: =MIN(Table15[[#This Row],[TWh '[2023']]],Table15[[#This Row],[TWh by share]])*1000 -> -620429.44 | G39: =IF(Table15[[#This Row],[TWh '[2023']]]=0,$D$27*(E39/$E$27),0) -> 0
A40: UA | B40: Ukraine | C40: 18.738938 | D40: =Table15[[#This Row],[Mrd m3 '[2023']]]*9.77*-1 -> -183.07942 | E40: 41733 | F40: =MIN(Table15[[#This Row],[TWh '[2023']]],Table15[[#This Row],[TWh by share]])*1000 -> -183079.42 | G40: =IF(Table15[[#This Row],[TWh '[2023']]]=0,$D$27*(E40/$E$27),0) -> 0
A41: ZY | B41: Zyprus | D41: =Table15[[#This Row],[Mrd m3 '[2023']]]*9.77*-1 -> 0 | E41: 888 | F41: =MIN(Table15[[#This Row],[TWh '[2023']]],Table15[[#This Row],[TWh by share]])*1000 -> -3075.348 | G41: =IF(Table15[[#This Row],[TWh '[2023']]]=0,$D$27*(E41/$E$27),0) -> -3.075348
B42: Kosovo | D42: =Table15[[#This Row],[Mrd m3 '[2023']]]*9.77*-1 -> 0 | E42: 1782 | F42: =MIN(Table15[[#This Row],[TWh '[2023']]],Table15[[#This Row],[TWh by share]])*1000 -> -6171.4755 | G42: =IF(Table15[[#This Row],[TWh '[2023']]]=0,$D$27*(E42/$E$27),0) -> -6.1714755
A50: https://www.energyinst.org/statistical-review
A51: https://ec.europa.eu/eurostat/documents/2995521/11081093/3-10072020-AP-EN.pdf/d2f799bf-4412-05cc-a357-7b49b93615f1
A52: https://ec.europa.eu/eurostat/statistics-explained/index.php?title=File:WBT23_Population,_2011-2022_(thousands).png | B52: for Bosnia
A53: https://ec.europa.eu/eurostat/statistics-explained/index.php?title=European_Neighbourhood_Policy_-_East_-_population_statistics#Number_of_inhabitants | B53: Ukraine, Moldova

Sheet nodes_demand_europe_2035
A1: Country | B1: Long_name | C1: Mrd m3 [2035] SP | D1: Mrd m3 [2035] AP | E1: Mrd m3 [2023] | F1: TWh [2023] | G1: Population 2020 [Tsd] | H1: GWh [2020] | I1: GWh [2035] SP | J1: GWh [2035] AP | K1: TWh by share | L1: EU
A2: AL | B2: Albania | C2: =IF(Table1515[[#This Row],[EU]]=1,$R$19*Table1515[[#This Row],[GWh '[2020']]]/$H$44,$R$18*Table1515[[#This Row],[GWh '[2020']]]/$H$45) -> 1.0069516 | D2: =IF(Table1515[[#This Row],[EU]]=1,$T$19*Table1515[[#This Row],[GWh '[2020']]]/$H$44,$T$18*Table1515[[#This Row],[GWh '[2020']]]/$H$45) -> 0.76528323 | F2: =Table1515[[#This Row],[Mrd m3 '[2023']]]*9.77*-1 -> 0 | G2: 2846 | H2: =MIN(Table1515[[#This Row],[TWh '[2023']]],Table1515[[#This Row],[TWh by share]])*1000 -> -9856.3519 | I2: =Table1515[[#This Row],[Mrd m3 '[2035'] SP]]*9.77*-1000 -> -9837.9173 | J2: =Table1515[[#This Row],[Mrd m3 '[2035'] AP]]*9.77*-1000 -> -7476.8172 | K2: =IF(Table1515[[#This Row],[TWh '[2023']]]=0,$F$27*(G2/$G$27),0) -> -9.8563519 | L2: 0
A3: AT | B3: Austria | C3: =IF(Table1515[[#This Row],[EU]]=1,$R$19*Table1515[[#This Row],[GWh '[2020']]]/$H$44,$R$18*Table1515[[#This Row],[GWh '[2020']]]/$H$45) -> 5.5381982 | D3: =IF(Table1515[[#This Row],[EU]]=1,$T$19*Table1515[[#This Row],[GWh '[2020']]]/$H$44,$T$18*Table1515[[#This Row],[GWh '[2020']]]/$H$45) -> 3.5987513 | E3: 6.8812786 | F3: =Table1515[[#This Row],[Mrd m3 '[2023']]]*9.77*-1 -> -67.230092 | G3: 8901.1 | H3: =MIN(Table1515[[#This Row],[TWh '[2023']]],Table1515[[#This Row],[TWh by share]])*1000 -> -67230.092 | I3: =Table1515[[#This Row],[Mrd m3 '[2035'] SP]]*9.77*-1000 -> -54108.196 | J3: =Table1515[[#This Row],[Mrd m3 '[2035'] AP]]*9.77*-1000 -> -35159.8 | K3: =IF(Table1515[[#This Row],[TWh '[2023']]]=0,$F$27*(G3/$G$27),0) -> 0 | L3: 1
A4: BE | B4: Belgium | C4: =IF(Table1515[[#This Row],[EU]]=1,$R$19*Table1515[[#This Row],[GWh '[2020']]]/$H$44,$R$18*Table1515[[#This Row],[GWh '[2020']]]/$H$45) -> 11.030988 | D4: =IF(Table1515[[#This Row],[EU]]=1,$T$19*Table1515[[#This Row],[GWh '[2020']]]/$H$44,$T$18*Table1515[[#This Row],[GWh '[2020']]]/$H$45) -> 7.1679964 | E4: 13.706137 | F4: =Table1515[[#This Row],[Mrd m3 '[2023']]]*9.77*-1 -> -133.90896 | G4: 11549.9 | H4: =MIN(Table1515[[#This Row],[TWh '[2023']]],Table1515[[#This Row],[TWh by share]])*1000 -> -133908.96 | I4: =Table1515[[#This Row],[Mrd m3 '[2035'] SP]]*9.77*-1000 -> -107772.76 | J4: =Table1515[[#This Row],[Mrd m3 '[2035'] AP]]*9.77*-1000 -> -70031.324 | K4: =IF(Table1515[[#This Row],[TWh '[2023']]]=0,$F$27*(G4/$G$27),0) -> 0 | L4: 1
A5: BA | B5: Bosnia and Herzegovina | C5: =IF(Table1515[[#This Row],[EU]]=1,$R$19*Table1515[[#This Row],[GWh '[2020']]]/$H$44,$R$18*Table1515[[#This Row],[GWh '[2020']]]/$H$45) -> 0.52205145 | D5: =IF(Table1515[[#This Row],[EU]]=1,$T$19*Table1515[[#This Row],[GWh '[2020']]]/$H$44,$T$18*Table1515[[#This Row],[GWh '[2020']]]/$H$45) -> 0.3967591 | F5: =Table1515[[#This Row],[Mrd m3 '[2023']]]*9.77*-1 -> 0 | G5: 3492 | H5: -5110 | I5: =Table1515[[#This Row],[Mrd m3 '[2035'] SP]]*9.77*-1000 -> -5100.4426 | J5: =Table1515[[#This Row],[Mrd m3 '[2035'] AP]]*9.77*-1000 -> -3876.3364 | K5: =IF(Table1515[[#This Row],[TWh '[2023']]]=0,$F$27*(G5/$G$27),0) -> -12.093598 | L5: 0
A6: BG | B6: Bulgaria | C6: =IF(Table1515[[#This Row],[EU]]=1,$R$19*Table1515[[#This Row],[GWh '[2020']]]/$H$44,$R$18*Table1515[[#This Row],[GWh '[2020']]]/$H$45) -> 2.0329781 | D6: =IF(Table1515[[#This Row],[EU]]=1,$T$19*Table1515[[#This Row],[GWh '[2020']]]/$H$44,$T$18*Table1515[[#This Row],[GWh '[2020']]]/$H$45) -> 1.3210402 | E6: 2.526 | F6: =Table1515[[#This Row],[Mrd m3 '[2023']]]*9.77*-1 -> -24.67902 | G6: 6951.5 | H6: =MIN(Table1515[[#This Row],[TWh '[2023']]],Table1515[[#This Row],[TWh by share]])*1000 -> -24679.02 | I6: =Table1515[[#This Row],[Mrd m3 '[2035'] SP]]*9.77*-1000 -> -19862.196 | J6: =Table1515[[#This Row],[Mrd m3 '[2035'] AP]]*9.77*-1000 -> -12906.563 | K6: =IF(Table1515[[#This Row],[TWh '[2023']]]=0,$F$27*(G6/$G$27),0) -> 0 | L6: 1
A7: HR | B7: Croatia | C7: =IF(Table1515[[#This Row],[EU]]=1,$R$19*Table1515[[#This Row],[GWh '[2020']]]/$H$44,$R$18*Table1515[[#This Row],[GWh '[2020']]]/$H$45) -> 2.0121684 | D7: =IF(Table1515[[#This Row],[EU]]=1,$T$19*Table1515[[#This Row],[GWh '[2020']]]/$H$44,$T$18*Table1515[[#This Row],[GWh '[2020']]]/$H$45) -> 1.307518 | E7: 2.5001437 | F7: =Table1515[[#This Row],[Mrd m3 '[2023']]]*9.77*-1 -> -24.426404 | G7: 4058.2 | H7: =MIN(Table1515[[#This Row],[TWh '[2023']]],Table1515[[#This Row],[TWh by share]])*1000 -> -24426.404 | I7: =Table1515[[#This Row],[Mrd m3 '[2035'] SP]]*9.77*-1000 -> -19658.885 | J7: =Table1515[[#This Row],[Mrd m3 '[2035'] AP]]*9.77*-1000 -> -12774.451 | K7: =IF(Table1515[[#This Row],[TWh '[2023']]]=0,$F$27*(G7/$G$27),0) -> 0 | L7: 1
A8: CZ | B8: Czech Republic | C8: =IF(Table1515[[#This Row],[EU]]=1,$R$19*Table1515[[#This Row],[GWh '[2020']]]/$H$44,$R$18*Table1515[[#This Row],[GWh '[2020']]]/$H$45) -> 5.3902893 | D8: =IF(Table1515[[#This Row],[EU]]=1,$T$19*Table1515[[#This Row],[GWh '[2020']]]/$H$44,$T$18*Table1515[[#This Row],[GWh '[2020']]]/$H$45) -> 3.5026393 | E8: 6.6975 | F8: =Table1515[[#This Row],[Mrd m3 '[2023']]]*9.77*-1 -> -65.434575 | G8: 10693.9 | H8: =MIN(Table1515[[#This Row],[TWh '[2023']]],Table1515[[#This Row],[TWh by share]])*1000 -> -65434.575 | I8: =Table1515[[#This Row],[Mrd m3 '[2035'] SP]]*9.77*-1000 -> -52663.126 | J8: =Table1515[[#This Row],[Mrd m3 '[2035'] AP]]*9.77*-1000 -> -34220.786 | K8: =IF(Table1515[[#This Row],[TWh '[2023']]]=0,$F$27*(G8/$G$27),0) -> 0 | L8: 1
A9: DK | B9: Denmark | C9: =IF(Table1515[[#This Row],[EU]]=1,$R$19*Table1515[[#This Row],[GWh '[2020']]]/$H$44,$R$18*Table1515[[#This Row],[GWh '[2020']]]/$H$45) -> 1.3120604 | D9: =IF(Table1515[[#This Row],[EU]]=1,$T$19*Table1515[[#This Row],[GWh '[2020']]]/$H$44,$T$18*Table1515[[#This Row],[GWh '[2020']]]/$H$45) -> 0.85258399 | E9: 1.630251 | F9: =Table1515[[#This Row],[Mrd m3 '[2023']]]*9.77*-1 -> -15.927552 | G9: 5822.8 | H9: =MIN(Table1515[[#This Row],[TWh '[2023']]],Table1515[[#This Row],[TWh by share]])*1000 -> -15927.552 | I9: =Table1515[[#This Row],[Mrd m3 '[2035'] SP]]*9.77*-1000 -> -12818.83 | J9: =Table1515[[#This Row],[Mrd m3 '[2035'] AP]]*9.77*-1000 -> -8329.7456 | K9: =IF(Table1515[[#This Row],[TWh '[2023']]]=0,$F$27*(G9/$G$27),0) -> 0 | L9: 1
A10: EE | B10: Estonia | C10: =IF(Table1515[[#This Row],[EU]]=1,$R$19*Table1515[[#This Row],[GWh '[2020']]]/$H$44,$R$18*Table1515[[#This Row],[GWh '[2020']]]/$H$45) -> 0.29769075 | D10: =IF(Table1515[[#This Row],[EU]]=1,$T$19*Table1515[[#This Row],[GWh '[2020']]]/$H$44,$T$18*Table1515[[#This Row],[GWh '[2020']]]/$H$45) -> 0.19344107 | E10: 0.36988438 | F10: =Table1515[[#This Row],[Mrd m3 '[2023']]]*9.77*-1 -> -3.6137704 | G10: 1329 | H10: =MIN(Table1515[[#This Row],[TWh '[2023']]],Table1515[[#This Row],[TWh by share]])*1000 -> -3613.7704 | I10: =Table1515[[#This Row],[Mrd m3 '[2035'] SP]]*9.77*-1000 -> -2908.4386 | J10: =Table1515[[#This Row],[Mrd m3 '[2035'] AP]]*9.77*-1000 -> -1889.9193 | K10: =IF(Table1515[[#This Row],[TWh '[2023']]]=0,$F$27*(G10/$G$27),0) -> 0 | L10: 1
A11: FI | B11: Finland | C11: =IF(Table1515[[#This Row],[EU]]=1,$R$19*Table1515[[#This Row],[GWh '[2020']]]/$H$44,$R$18*Table1515[[#This Row],[GWh '[2020']]]/$H$45) -> 0.96129173 | D11: =IF(Table1515[[#This Row],[EU]]=1,$T$19*Table1515[[#This Row],[GWh '[2020']]]/$H$44,$T$18*Table1515[[#This Row],[GWh '[2020']]]/$H$45) -> 0.6246526 | E11: 1.1944167 | F11: =Table1515[[#This Row],[Mrd m3 '[2023']]]*9.77*-1 -> -11.669451 | G11: 5525.3 | H11: =MIN(Table1515[[#This Row],[TWh '[2023']]],Table1515[[#This Row],[TWh by share]])*1000 -> -11669.451 | I11: =Table1515[[#This Row],[Mrd m3 '[2035'] SP]]*9.77*-1000 -> -9391.8202 | J11: =Table1515[[#This Row],[Mrd m3 '[2035'] AP]]*9.77*-1000 -> -6102.8559 | K11: =IF(Table1515[[#This Row],[TWh '[2023']]]=0,$F$27*(G11/$G$27),0) -> 0 | L11: 1
A12: FR | B12: France | C12: =IF(Table1515[[#This Row],[EU]]=1,$R$19*Table1515[[#This Row],[GWh '[2020']]]/$H$44,$R$18*Table1515[[#This Row],[GWh '[2020']]]/$H$45) -> 27.254592 | D12: =IF(Table1515[[#This Row],[EU]]=1,$T$19*Table1515[[#This Row],[GWh '[2020']]]/$H$44,$T$18*Table1515[[#This Row],[GWh '[2020']]]/$H$45) -> 17.710182 | E12: 33.864162 | F12: =Table1515[[#This Row],[Mrd m3 '[2023']]]*9.77*-1 -> -330.85287 | G12: 67098.8 | H12: =MIN(Table1515[[#This Row],[TWh '[2023']]],Table1515[[#This Row],[TWh by share]])*1000 -> -330852.87 | I12: =Table1515[[#This Row],[Mrd m3 '[2035'] SP]]*9.77*-1000 -> -266277.37 | J12: =Table1515[[#This Row],[Mrd m3 '[2035'] AP]]*9.77*-1000 -> -173028.48 | K12: =IF(Table1515[[#This Row],[TWh '[2023']]]=0,$F$27*(G12/$G$27),0) -> 0 | L12: 1
A13: DE | B13: Germany | C13: =IF(Table1515[[#This Row],[EU]]=1,$R$19*Table1515[[#This Row],[GWh '[2020']]]/$H$44,$R$18*Table1515[[#This Row],[GWh '[2020']]]/$H$45) -> 60.895833 | D13: =IF(Table1515[[#This Row],[EU]]=1,$T$19*Table1515[[#This Row],[GWh '[2020']]]/$H$44,$T$18*Table1515[[#This Row],[GWh '[2020']]]/$H$45) -> 39.570444 | E13: 75.663814 | F13: =Table1515[[#This Row],[Mrd m3 '[2023']]]*9.77*-1 -> -739.23546 | G13: 83166.7 | H13: =MIN(Table1515[[#This Row],[TWh '[2023']]],Table1515[[#This Row],[TWh by share]])*1000 -> -739235.46 | I13: =Table1515[[#This Row],[Mrd m3 '[2035'] SP]]*9.77*-1000 -> -594952.29 | J13: =Table1515[[#This Row],[Mrd m3 '[2035'] AP]]*9.77*-1000 -> -386603.24 | K13: =IF(Table1515[[#This Row],[TWh '[2023']]]=0,$F$27*(G13/$G$27),0) -> 0 | L13: 1
A14: EL | B14: Greece | C14: =IF(Table1515[[#This Row],[EU]]=1,$R$19*Table1515[[#This Row],[GWh '[2020']]]/$H$44,$R$18*Table1515[[#This Row],[GWh '[2020']]]/$H$45) -> 4.3317081 | D14: =IF(Table1515[[#This Row],[EU]]=1,$T$19*Table1515[[#This Row],[GWh '[2020']]]/$H$44,$T$18*Table1515[[#This Row],[GWh '[2020']]]/$H$45) -> 2.8147675 | E14: 5.3822 | F14: =Table1515[[#This Row],[Mrd m3 '[2023']]]*9.77*-1 -> -52.584094 | G14: 10709.7 | H14: =MIN(Table1515[[#This Row],[TWh '[2023']]],Table1515[[#This Row],[TWh by share]])*1000 -> -52584.094 | I14: =Table1515[[#This Row],[Mrd m3 '[2035'] SP]]*9.77*-1000 -> -42320.788 | J14: =Table1515[[#This Row],[Mrd m3 '[2035'] AP]]*9.77*-1000 -> -27500.279 | K14: =IF(Table1515[[#This Row],[TWh '[2023']]]=0,$F$27*(G14/$G$27),0) -> 0 | L14: 1
A15: HU | B15: Hungary | C15: =IF(Table1515[[#This Row],[EU]]=1,$R$19*Table1515[[#This Row],[GWh '[2020']]]/$H$44,$R$18*Table1515[[#This Row],[GWh '[2020']]]/$H$45) -> 6.5873265 | D15: =IF(Table1515[[#This Row],[EU]]=1,$T$19*Table1515[[#This Row],[GWh '[2020']]]/$H$44,$T$18*Table1515[[#This Row],[GWh '[2020']]]/$H$45) -> 4.2804807 | E15: 8.1848333 | F15: =Table1515[[#This Row],[Mrd m3 '[2023']]]*9.77*-1 -> -79.965822 | G15: 9769.5 | H15: =MIN(Table1515[[#This Row],[TWh '[2023']]],Table1515[[#This Row],[TWh by share]])*1000 -> -79965.822 | I15: =Table1515[[#This Row],[Mrd m3 '[2035'] SP]]*9.77*-1000 -> -64358.18 | J15: =Table1515[[#This Row],[Mrd m3 '[2035'] AP]]*9.77*-1000 -> -41820.296 | K15: =IF(Table1515[[#This Row],[TWh '[2023']]]=0,$F$27*(G15/$G$27),0) -> 0 | L15: 1
A16: IE | B16: Irland | C16: =IF(Table1515[[#This Row],[EU]]=1,$R$19*Table1515[[#This Row],[GWh '[2020']]]/$H$44,$R$18*Table1515[[#This Row],[GWh '[2020']]]/$H$45) -> 3.8820027 | D16: =IF(Table1515[[#This Row],[EU]]=1,$T$19*Table1515[[#This Row],[GWh '[2020']]]/$H$44,$T$18*Table1515[[#This Row],[GWh '[2020']]]/$H$45) -> 2.5225465 | E16: 4.8234356 | F16: =Table1515[[#This Row],[Mrd m3 '[2023']]]*9.77*-1 -> -47.124966 | G16: 4963.8 | H16: =MIN(Table1515[[#This Row],[TWh '[2023']]],Table1515[[#This Row],[TWh by share]])*1000 -> -47124.966 | I16: =Table1515[[#This Row],[Mrd m3 '[2035'] SP]]*9.77*-1000 -> -37927.167 | J16: =Table1515[[#This Row],[Mrd m3 '[2035'] AP]]*9.77*-1000 -> -24645.28 | K16: =IF(Table1515[[#This Row],[TWh '[2023']]]=0,$F$27*(G16/$G$27),0) -> 0 | L16: 1
A17: IT | B17: Italy | C17: =IF(Table1515[[#This Row],[EU]]=1,$R$19*Table1515[[#This Row],[GWh '[2020']]]/$H$44,$R$18*Table1515[[#This Row],[GWh '[2020']]]/$H$45) -> 47.160617 | D17: =IF(Table1515[[#This Row],[EU]]=1,$T$19*Table1515[[#This Row],[GWh '[2020']]]/$H$44,$T$18*Table1515[[#This Row],[GWh '[2020']]]/$H$45) -> 30.645226 | E17: 58.59764 | F17: =Table1515[[#This Row],[Mrd m3 '[2023']]]*9.77*-1 -> -572.49894 | G17: 60244.6 | H17: =MIN(Table1515[[#This Row],[TWh '[2023']]],Table1515[[#This Row],[TWh by share]])*1000 -> -572498.94 | I17: =Table1515[[#This Row],[Mrd m3 '[2035'] SP]]*9.77*-1000 -> -460759.23 | J17: =Table1515[[#This Row],[Mrd m3 '[2035'] AP]]*9.77*-1000 -> -299403.86 | K17: =IF(Table1515[[#This Row],[TWh '[2023']]]=0,$F$27*(G17/$G$27),0) -> 0 | L17: 1 | R17: Stated Policies | T17: Anounced Pledges
A18: LV | B18: Latvia | C18: =IF(Table1515[[#This Row],[EU]]=1,$R$19*Table1515[[#This Row],[GWh '[2020']]]/$H$44,$R$18*Table1515[[#This Row],[GWh '[2020']]]/$H$45) -> 0.61738832 | D18: =IF(Table1515[[#This Row],[EU]]=1,$T$19*Table1515[[#This Row],[GWh '[2020']]]/$H$44,$T$18*Table1515[[#This Row],[GWh '[2020']]]/$H$45) -> 0.40118229 | E18: 0.7671125 | F18: =Table1515[[#This Row],[Mrd m3 '[2023']]]*9.77*-1 -> -7.4946891 | G18: 1907.7 | H18: =MIN(Table1515[[#This Row],[TWh '[2023']]],Table1515[[#This Row],[TWh by share]])*1000 -> -7494.6891 | I18: =Table1515[[#This Row],[Mrd m3 '[2035'] SP]]*9.77*-1000 -> -6031.8839 | J18: =Table1515[[#This Row],[Mrd m3 '[2035'] AP]]*9.77*-1000 -> -3919.551 | K18: =IF(Table1515[[#This Row],[TWh '[2023']]]=0,$F$27*(G18/$G$27),0) -> 0 | L18: 1 | Q18: Europe | R18: =407-R19 -> 150 | S18: bcm | T18: =281-T19 -> 114
A19: LT | B19: Lithuania | C19: =IF(Table1515[[#This Row],[EU]]=1,$R$19*Table1515[[#This Row],[GWh '[2020']]]/$H$44,$R$18*Table1515[[#This Row],[GWh '[2020']]]/$H$45) -> 1.2599659 | D19: =IF(Table1515[[#This Row],[EU]]=1,$T$19*Table1515[[#This Row],[GWh '[2020']]]/$H$44,$T$18*Table1515[[#This Row],[GWh '[2020']]]/$H$45) -> 0.81873273 | E19: 1.565523 | F19: =Table1515[[#This Row],[Mrd m3 '[2023']]]*9.77*-1 -> -15.29516 | G19: 2794.1 | H19: =MIN(Table1515[[#This Row],[TWh '[2023']]],Table1515[[#This Row],[TWh by share]])*1000 -> -15295.16 | I19: =Table1515[[#This Row],[Mrd m3 '[2035'] SP]]*9.77*-1000 -> -12309.867 | J19: =Table1515[[#This Row],[Mrd m3 '[2035'] AP]]*9.77*-1000 -> -7999.0187 | K19: =IF(Table1515[[#This Row],[TWh '[2023']]]=0,$F$27*(G19/$G$27),0) -> 0 | L19: 1 | Q19: EU | R19: 257 | S19: bcm | T19: 167
A20: LU | B20: Luxemburg | C20: =IF(Table1515[[#This Row],[EU]]=1,$R$19*Table1515[[#This Row],[GWh '[2020']]]/$H$44,$R$18*Table1515[[#This Row],[GWh '[2020']]]/$H$45) -> 0.46153035 | D20: =IF(Table1515[[#This Row],[EU]]=1,$T$19*Table1515[[#This Row],[GWh '[2020']]]/$H$44,$T$18*Table1515[[#This Row],[GWh '[2020']]]/$H$45) -> 0.29990494 | E20: 0.57345708 | F20: =Table1515[[#This Row],[Mrd m3 '[2023']]]*9.77*-1 -> -5.6026757 | G20: 626.1 | H20: =MIN(Table1515[[#This Row],[TWh '[2023']]],Table1515[[#This Row],[TWh by share]])*1000 -> -5602.6757 | I20: =Table1515[[#This Row],[Mrd m3 '[2035'] SP]]*9.77*-1000 -> -4509.1516 | J20: =Table1515[[#This Row],[Mrd m3 '[2035'] AP]]*9.77*-1000 -> -2930.0712 | K20: =IF(Table1515[[#This Row],[TWh '[2023']]]=0,$F$27*(G20/$G$27),0) -> 0 | L20: 1
A21: MT | B21: Malta | C21: =IF(Table1515[[#This Row],[EU]]=1,$R$19*Table1515[[#This Row],[GWh '[2020']]]/$H$44,$R$18*Table1515[[#This Row],[GWh '[2020']]]/$H$45) -> 0.14681008 | D21: =IF(Table1515[[#This Row],[EU]]=1,$T$19*Table1515[[#This Row],[GWh '[2020']]]/$H$44,$T$18*Table1515[[#This Row],[GWh '[2020']]]/$H$45) -> 0.09539799 | F21: =Table1515[[#This Row],[Mrd m3 '[2023']]]*9.77*-1 -> 0 | G21: 514.6 | H21: =MIN(Table1515[[#This Row],[TWh '[2023']]],Table1515[[#This Row],[TWh by share]])*1000 -> -1782.178 | I21: =Table1515[[#This Row],[Mrd m3 '[2035'] SP]]*9.77*-1000 -> -1434.3345 | J21: =Table1515[[#This Row],[Mrd m3 '[2035'] AP]]*9.77*-1000 -> -932.03836 | K21: =IF(Table1515[[#This Row],[TWh '[2023']]]=0,$F$27*(G21/$G$27),0) -> -1.782178 | L21: 1
A22: MD | B22: Moldova | C22: =IF(Table1515[[#This Row],[EU]]=1,$R$19*Table1515[[#This Row],[GWh '[2020']]]/$H$44,$R$18*Table1515[[#This Row],[GWh '[2020']]]/$H$45) -> 0.91248357 | D22: =IF(Table1515[[#This Row],[EU]]=1,$T$19*Table1515[[#This Row],[GWh '[2020']]]/$H$44,$T$18*Table1515[[#This Row],[GWh '[2020']]]/$H$45) -> 0.69348751 | F22: =Table1515[[#This Row],[Mrd m3 '[2023']]]*9.77*-1 -> 0 | G22: 2579 | H22: =MIN(Table1515[[#This Row],[TWh '[2023']]],Table1515[[#This Row],[TWh by share]])*1000 -> -8931.6696 | I22: =Table1515[[#This Row],[Mrd m3 '[2035'] SP]]*9.77*-1000 -> -8914.9645 | J22: =Table1515[[#This Row],[Mrd m3 '[2035'] AP]]*9.77*-1000 -> -6775.373 | K22: =IF(Table1515[[#This Row],[TWh '[2023']]]=0,$F$27*(G22/$G$27),0) -> -8.9316696 | L22: 0
B23: Montenegro | C23: =IF(Table1515[[#This Row],[EU]]=1,$R$19*Table1515[[#This Row],[GWh '[2020']]]/$H$44,$R$18*Table1515[[#This Row],[GWh '[2020']]]/$H$45) -> 0.22003627 | D23: =IF(Table1515[[#This Row],[EU]]=1,$T$19*Table1515[[#This Row],[GWh '[2020']]]/$H$44,$T$18*Table1515[[#This Row],[GWh '[2020']]]/$H$45) -> 0.16722756 | F23: =Table1515[[#This Row],[Mrd m3 '[2023']]]*9.77*-1 -> 0 | G23: 621.9 | H23: =MIN(Table1515[[#This Row],[TWh '[2023']]],Table1515[[#This Row],[TWh by share]])*1000 -> -2153.7826 | I23: =Table1515[[#This Row],[Mrd m3 '[2035'] SP]]*9.77*-1000 -> -2149.7543 | J23: =Table1515[[#This Row],[Mrd m3 '[2035'] AP]]*9.77*-1000 -> -1633.8133 | K23: =IF(Table1515[[#This Row],[TWh '[2023']]]=0,$F$27*(G23/$G$27),0) -> -2.1537826 | L23: 0
A24: NL | B24: Netherlands | C24: =IF(Table1515[[#This Row],[EU]]=1,$R$19*Table1515[[#This Row],[GWh '[2020']]]/$H$44,$R$18*Table1515[[#This Row],[GWh '[2020']]]/$H$45) -> 20.742028 | D24: =IF(Table1515[[#This Row],[EU]]=1,$T$19*Table1515[[#This Row],[GWh '[2020']]]/$H$44,$T$18*Table1515[[#This Row],[GWh '[2020']]]/$H$45) -> 13.478283 | E24: 25.772222 | F24: =Table1515[[#This Row],[Mrd m3 '[2023']]]*9.77*-1 -> -251.79461 | G24: 17407.6 | H24: =MIN(Table1515[[#This Row],[TWh '[2023']]],Table1515[[#This Row],[TWh by share]])*1000 -> -251794.61 | I24: =Table1515[[#This Row],[Mrd m3 '[2035'] SP]]*9.77*-1000 -> -202649.61 | J24: =Table1515[[#This Row],[Mrd m3 '[2035'] AP]]*9.77*-1000 -> -131682.82 | K24: =IF(Table1515[[#This Row],[TWh '[2023']]]=0,$F$27*(G24/$G$27),0) -> 0 | L24: 1
A25: MK | B25: North Macedonia | C25: =IF(Table1515[[#This Row],[EU]]=1,$R$19*Table1515[[#This Row],[GWh '[2020']]]/$H$44,$R$18*Table1515[[#This Row],[GWh '[2020']]]/$H$45) -> 0.35221263 | D25: =IF(Table1515[[#This Row],[EU]]=1,$T$19*Table1515[[#This Row],[GWh '[2020']]]/$H$44,$T$18*Table1515[[#This Row],[GWh '[2020']]]/$H$45) -> 0.2676816 | E25: 0.35287262 | F25: =Table1515[[#This Row],[Mrd m3 '[2023']]]*9.77*-1 -> -3.4475655 | G25: 2076.3 | H25: =MIN(Table1515[[#This Row],[TWh '[2023']]],Table1515[[#This Row],[TWh by share]])*1000 -> -3447.5655 | I25: =Table1515[[#This Row],[Mrd m3 '[2035'] SP]]*9.77*-1000 -> -3441.1174 | J25: =Table1515[[#This Row],[Mrd m3 '[2035'] AP]]*9.77*-1000 -> -2615.2492 | K25: =IF(Table1515[[#This Row],[TWh '[2023']]]=0,$F$27*(G25/$G$27),0) -> 0 | L25: 0
A26: NO | B26: Norway | C26: =IF(Table1515[[#This Row],[EU]]=1,$R$19*Table1515[[#This Row],[GWh '[2020']]]/$H$44,$R$18*Table1515[[#This Row],[GWh '[2020']]]/$H$45) -> 3.7861158 | D26: =IF(Table1515[[#This Row],[EU]]=1,$T$19*Table1515[[#This Row],[GWh '[2020']]]/$H$44,$T$18*Table1515[[#This Row],[GWh '[2020']]]/$H$45) -> 2.877448 | E26: 3.7932103 | F26: =Table1515[[#This Row],[Mrd m3 '[2023']]]*9.77*-1 -> -37.059665 | G26: 5367.6 | H26: =MIN(Table1515[[#This Row],[TWh '[2023']]],Table1515[[#This Row],[TWh by share]])*1000 -> -37059.665 | I26: =Table1515[[#This Row],[Mrd m3 '[2035'] SP]]*9.77*-1000 -> -36990.351 | J26: =Table1515[[#This Row],[Mrd m3 '[2035'] AP]]*9.77*-1000 -> -28112.667 | K26: =IF(Table1515[[#This Row],[TWh '[2023']]]=0,$F$27*(G26/$G$27),0) -> 0 | L26: 0
A27: OE | B27: Other Europe | C27: =IF(Table1515[[#This Row],[EU]]=1,$R$19*Table1515[[#This Row],[GWh '[2020']]]/$H$44,$R$18*Table1515[[#This Row],[GWh '[2020']]]/$H$45) -> 6.952495 | D27: =IF(Table1515[[#This Row],[EU]]=1,$T$19*Table1515[[#This Row],[GWh '[2020']]]/$H$44,$T$18*Table1515[[#This Row],[GWh '[2020']]]/$H$45) -> 5.2838962 | E27: 6.9655228 | F27: =Table1515[[#This Row],[Mrd m3 '[2023']]]*9.77*-1 -> -68.053158 | G27: =SUMIF(F2:F26,"=0",G2:G26)+SUMIF(F28:F42,"=0",G28:G42) -> 19650.2 | H27: =MIN(Table1515[[#This Row],[TWh '[2023']]],Table1515[[#This Row],[TWh by share]])*1000 -> -68053.158 | I27: =Table1515[[#This Row],[Mrd m3 '[2035'] SP]]*9.77*-1000 -> -67925.876 | J27: =Table1515[[#This Row],[Mrd m3 '[2035'] AP]]*9.77*-1000 -> -51623.666 | K27: =IF(Table1515[[#This Row],[TWh '[2023']]]=0,$F$27*(G27/$G$27),0) -> 0 | L27: 0
A28: PL | B28: Poland | C28: =IF(Table1515[[#This Row],[EU]]=1,$R$19*Table1515[[#This Row],[GWh '[2020']]]/$H$44,$R$18*Table1515[[#This Row],[GWh '[2020']]]/$H$45) -> 15.76058 | D28: =IF(Table1515[[#This Row],[EU]]=1,$T$19*Table1515[[#This Row],[GWh '[2020']]]/$H$44,$T$18*Table1515[[#This Row],[GWh '[2020']]]/$H$45) -> 10.241311 | E28: 19.582713 | F28: =Table1515[[#This Row],[Mrd m3 '[2023']]]*9.77*-1 -> -191.32311 | G28: 37958.1 | H28: =MIN(Table1515[[#This Row],[TWh '[2023']]],Table1515[[#This Row],[TWh by share]])*1000 -> -191323.11 | I28: =Table1515[[#This Row],[Mrd m3 '[2035'] SP]]*9.77*-1000 -> -153980.87 | J28: =Table1515[[#This Row],[Mrd m3 '[2035'] AP]]*9.77*-1000 -> -100057.61 | K28: =IF(Table1515[[#This Row],[TWh '[2023']]]=0,$F$27*(G28/$G$27),0) -> 0 | L28: 1
A29: PT | B29: Portugal | C29: =IF(Table1515[[#This Row],[EU]]=1,$R$19*Table1515[[#This Row],[GWh '[2020']]]/$H$44,$R$18*Table1515[[#This Row],[GWh '[2020']]]/$H$45) -> 3.6059939 | D29: =IF(Table1515[[#This Row],[EU]]=1,$T$19*Table1515[[#This Row],[GWh '[2020']]]/$H$44,$T$18*Table1515[[#This Row],[GWh '[2020']]]/$H$45) -> 2.3431945 | E29: 4.4804913 | F29: =Table1515[[#This Row],[Mrd m3 '[2023']]]*9.77*-1 -> -43.7744 | G29: 10295.9 | H29: =MIN(Table1515[[#This Row],[TWh '[2023']]],Table1515[[#This Row],[TWh by share]])*1000 -> -43774.4 | I29: =Table1515[[#This Row],[Mrd m3 '[2035'] SP]]*9.77*-1000 -> -35230.56 | J29: =Table1515[[#This Row],[Mrd m3 '[2035'] AP]]*9.77*-1000 -> -22893.01 | K29: =IF(Table1515[[#This Row],[TWh '[2023']]]=0,$F$27*(G29/$G$27),0) -> 0 | L29: 1
A30: RO | B30: Romania | C30: =IF(Table1515[[#This Row],[EU]]=1,$R$19*Table1515[[#This Row],[GWh '[2020']]]/$H$44,$R$18*Table1515[[#This Row],[GWh '[2020']]]/$H$45) -> 7.3125977 | D30: =IF(Table1515[[#This Row],[EU]]=1,$T$19*Table1515[[#This Row],[GWh '[2020']]]/$H$44,$T$18*Table1515[[#This Row],[GWh '[2020']]]/$H$45) -> 4.7517659 | E30: 9.0859917 | F30: =Table1515[[#This Row],[Mrd m3 '[2023']]]*9.77*-1 -> -88.770139 | G30: 19318 | H30: =MIN(Table1515[[#This Row],[TWh '[2023']]],Table1515[[#This Row],[TWh by share]])*1000 -> -88770.139 | I30: =Table1515[[#This Row],[Mrd m3 '[2035'] SP]]*9.77*-1000 -> -71444.08 | J30: =Table1515[[#This Row],[Mrd m3 '[2035'] AP]]*9.77*-1000 -> -46424.752 | K30: =IF(Table1515[[#This Row],[TWh '[2023']]]=0,$F$27*(G30/$G$27),0) -> 0 | L30: 1
A31: SM | B31: San Marino | C31: =IF(Table1515[[#This Row],[EU]]=1,$R$19*Table1515[[#This Row],[GWh '[2020']]]/$H$44,$R$18*Table1515[[#This Row],[GWh '[2020']]]/$H$45) -> 0 | D31: =IF(Table1515[[#This Row],[EU]]=1,$T$19*Table1515[[#This Row],[GWh '[2020']]]/$H$44,$T$18*Table1515[[#This Row],[GWh '[2020']]]/$H$45) -> 0 | F31: =Table1515[[#This Row],[Mrd m3 '[2023']]]*9.77*-1 -> 0 | G31: 0 | H31: =MIN(Table1515[[#This Row],[TWh '[2023']]],Table1515[[#This Row],[TWh by share]])*1000 -> 0 | I31: =Table1515[[#This Row],[Mrd m3 '[2035'] SP]]*9.77*-1000 -> 0 | J31: =Table1515[[#This Row],[Mrd m3 '[2035'] AP]]*9.77*-1000 -> 0 | K31: =IF(Table1515[[#This Row],[TWh '[2023']]]=0,$F$27*(G31/$G$27),0) -> 0 | L31: 0
A32: RS | B32: Serbia | C32: =IF(Table1515[[#This Row],[EU]]=1,$R$19*Table1515[[#This Row],[GWh '[2020']]]/$H$44,$R$18*Table1515[[#This Row],[GWh '[2020']]]/$H$45) -> 2.4507561 | D32: =IF(Table1515[[#This Row],[EU]]=1,$T$19*Table1515[[#This Row],[GWh '[2020']]]/$H$44,$T$18*Table1515[[#This Row],[GWh '[2020']]]/$H$45) -> 1.8625746 | F32: =Table1515[[#This Row],[Mrd m3 '[2023']]]*9.77*-1 -> 0 | G32: 6926.7 | H32: =MIN(Table1515[[#This Row],[TWh '[2023']]],Table1515[[#This Row],[TWh by share]])*1000 -> -23988.754 | I32: =Table1515[[#This Row],[Mrd m3 '[2035'] SP]]*9.77*-1000 -> -23943.887 | J32: =Table1515[[#This Row],[Mrd m3 '[2035'] AP]]*9.77*-1000 -> -18197.354 | K32: =IF(Table1515[[#This Row],[TWh '[2023']]]=0,$F$27*(G32/$G$27),0) -> -23.988754 | L32: 0
A33: SK | B33: Slovakia | C33: =IF(Table1515[[#This Row],[EU]]=1,$R$19*Table1515[[#This Row],[GWh '[2020']]]/$H$44,$R$18*Table1515[[#This Row],[GWh '[2020']]]/$H$45) -> 3.3786828 | D33: =IF(Table1515[[#This Row],[EU]]=1,$T$19*Table1515[[#This Row],[GWh '[2020']]]/$H$44,$T$18*Table1515[[#This Row],[GWh '[2020']]]/$H$45) -> 2.1954865 | E33: 4.1980545 | F33: =Table1515[[#This Row],[Mrd m3 '[2023']]]*9.77*-1 -> -41.014992 | G33: 5457.9 | H33: =MIN(Table1515[[#This Row],[TWh '[2023']]],Table1515[[#This Row],[TWh by share]])*1000 -> -41014.992 | I33: =Table1515[[#This Row],[Mrd m3 '[2035'] SP]]*9.77*-1000 -> -33009.731 | J33: =Table1515[[#This Row],[Mrd m3 '[2035'] AP]]*9.77*-1000 -> -21449.903 | K33: =IF(Table1515[[#This Row],[TWh '[2023']]]=0,$F$27*(G33/$G$27),0) -> 0 | L33: 1
A34: SI | B34: Slovenia | C34: =IF(Table1515[[#This Row],[EU]]=1,$R$19*Table1515[[#This Row],[GWh '[2020']]]/$H$44,$R$18*Table1515[[#This Row],[GWh '[2020']]]/$H$45) -> 0.61703452 | D34: =IF(Table1515[[#This Row],[EU]]=1,$T$19*Table1515[[#This Row],[GWh '[2020']]]/$H$44,$T$18*Table1515[[#This Row],[GWh '[2020']]]/$H$45) -> 0.40095239 | E34: 0.7666729 | F34: =Table1515[[#This Row],[Mrd m3 '[2023']]]*9.77*-1 -> -7.4903942 | G34: 2095.9 | H34: =MIN(Table1515[[#This Row],[TWh '[2023']]],Table1515[[#This Row],[TWh by share]])*1000 -> -7490.3942 | I34: =Table1515[[#This Row],[Mrd m3 '[2035'] SP]]*9.77*-1000 -> -6028.4272 | J34: =Table1515[[#This Row],[Mrd m3 '[2035'] AP]]*9.77*-1000 -> -3917.3049 | K34: =IF(Table1515[[#This Row],[TWh '[2023']]]=0,$F$27*(G34/$G$27),0) -> 0 | L34: 1
A35: ES | B35: Spain | C35: =IF(Table1515[[#This Row],[EU]]=1,$R$19*Table1515[[#This Row],[GWh '[2020']]]/$H$44,$R$18*Table1515[[#This Row],[GWh '[2020']]]/$H$45) -> 23.579893 | D35: =IF(Table1515[[#This Row],[EU]]=1,$T$19*Table1515[[#This Row],[GWh '[2020']]]/$H$44,$T$18*Table1515[[#This Row],[GWh '[2020']]]/$H$45) -> 15.322343 | E35: 29.298304 | F35: =Table1515[[#This Row],[Mrd m3 '[2023']]]*9.77*-1 -> -286.24443 | G35: 47330 | H35: =MIN(Table1515[[#This Row],[TWh '[2023']]],Table1515[[#This Row],[TWh by share]])*1000 -> -286244.43 | I35: =Table1515[[#This Row],[Mrd m3 '[2035'] SP]]*9.77*-1000 -> -230375.56 | J35: =Table1515[[#This Row],[Mrd m3 '[2035'] AP]]*9.77*-1000 -> -149699.29 | K35: =IF(Table1515[[#This Row],[TWh '[2023']]]=0,$F$27*(G35/$G$27),0) -> 0 | L35: 1
A36: SE | B36: Sweden | C36: =IF(Table1515[[#This Row],[EU]]=1,$R$19*Table1515[[#This Row],[GWh '[2020']]]/$H$44,$R$18*Table1515[[#This Row],[GWh '[2020']]]/$H$45) -> 0.5764122 | D36: =IF(Table1515[[#This Row],[EU]]=1,$T$19*Table1515[[#This Row],[GWh '[2020']]]/$H$44,$T$18*Table1515[[#This Row],[GWh '[2020']]]/$H$45) -> 0.37455579 | E36: 0.71619918 | F36: =Table1515[[#This Row],[Mrd m3 '[2023']]]*9.77*-1 -> -6.9972659 | G36: 10327.6 | H36: =MIN(Table1515[[#This Row],[TWh '[2023']]],Table1515[[#This Row],[TWh by share]])*1000 -> -6997.2659 | I36: =Table1515[[#This Row],[Mrd m3 '[2035'] SP]]*9.77*-1000 -> -5631.5472 | J36: =Table1515[[#This Row],[Mrd m3 '[2035'] AP]]*9.77*-1000 -> -3659.4101 | K36: =IF(Table1515[[#This Row],[TWh '[2023']]]=0,$F$27*(G36/$G$27),0) -> 0 | L36: 1
A37: CH | B37: Switzerland | C37: =IF(Table1515[[#This Row],[EU]]=1,$R$19*Table1515[[#This Row],[GWh '[2020']]]/$H$44,$R$18*Table1515[[#This Row],[GWh '[2020']]]/$H$45) -> 2.7389904 | D37: =IF(Table1515[[#This Row],[EU]]=1,$T$19*Table1515[[#This Row],[GWh '[2020']]]/$H$44,$T$18*Table1515[[#This Row],[GWh '[2020']]]/$H$45) -> 2.0816327 | E37: 2.7441228 | F37: =Table1515[[#This Row],[Mrd m3 '[2023']]]*9.77*-1 -> -26.81008 | G37: 8606 | H37: =MIN(Table1515[[#This Row],[TWh '[2023']]],Table1515[[#This Row],[TWh by share]])*1000 -> -26810.08 | I37: =Table1515[[#This Row],[Mrd m3 '[2035'] SP]]*9.77*-1000 -> -26759.936 | J37: =Table1515[[#This Row],[Mrd m3 '[2035'] AP]]*9.77*-1000 -> -20337.551 | K37: =IF(Table1515[[#This Row],[TWh '[2023']]]=0,$F$27*(G37/$G$27),0) -> 0 | L37: 0
A38: TR | B38: Türkiye | C38: =IF(Table1515[[#This Row],[EU]]=1,$R$19*Table1515[[#This Row],[GWh '[2020']]]/$H$44,$R$18*Table1515[[#This Row],[GWh '[2020']]]/$H$45) -> 48.33877 | D38: =IF(Table1515[[#This Row],[EU]]=1,$T$19*Table1515[[#This Row],[GWh '[2020']]]/$H$44,$T$18*Table1515[[#This Row],[GWh '[2020']]]/$H$45) -> 36.737465 | E38: 48.429349 | F38: =Table1515[[#This Row],[Mrd m3 '[2023']]]*9.77*-1 -> -473.15474 | G38: 83155 | H38: =MIN(Table1515[[#This Row],[TWh '[2023']]],Table1515[[#This Row],[TWh by share]])*1000 -> -473154.74 | I38: =Table1515[[#This Row],[Mrd m3 '[2035'] SP]]*9.77*-1000 -> -472269.78 | J38: =Table1515[[#This Row],[Mrd m3 '[2035'] AP]]*9.77*-1000 -> -358925.03 | K38: =IF(Table1515[[#This Row],[TWh '[2023']]]=0,$F$27*(G38/$G$27),0) -> 0 | L38: 0
A39: UK | B39: UK | C39: =IF(Table1515[[#This Row],[EU]]=1,$R$19*Table1515[[#This Row],[GWh '[2020']]]/$H$44,$R$18*Table1515[[#This Row],[GWh '[2020']]]/$H$45) -> 63.384753 | D39: =IF(Table1515[[#This Row],[EU]]=1,$T$19*Table1515[[#This Row],[GWh '[2020']]]/$H$44,$T$18*Table1515[[#This Row],[GWh '[2020']]]/$H$45) -> 48.172412 | E39: 63.503525 | F39: =Table1515[[#This Row],[Mrd m3 '[2023']]]*9.77*-1 -> -620.42944 | G39: 67025.5 | H39: =MIN(Table1515[[#This Row],[TWh '[2023']]],Table1515[[#This Row],[TWh by share]])*1000 -> -620429.44 | I39: =Table1515[[#This Row],[Mrd m3 '[2035'] SP]]*9.77*-1000 -> -619269.03 | J39: =Table1515[[#This Row],[Mrd m3 '[2035'] AP]]*9.77*-1000 -> -470644.46 | K39: =IF(Table1515[[#This Row],[TWh '[2023']]]=0,$F$27*(G39/$G$27),0) -> 0 | L39: 0
A40: UA | B40: Ukraine | C40: =IF(Table1515[[#This Row],[EU]]=1,$R$19*Table1515[[#This Row],[GWh '[2020']]]/$H$44,$R$18*Table1515[[#This Row],[GWh '[2020']]]/$H$45) -> 18.70389 | D40: =IF(Table1515[[#This Row],[EU]]=1,$T$19*Table1515[[#This Row],[GWh '[2020']]]/$H$44,$T$18*Table1515[[#This Row],[GWh '[2020']]]/$H$45) -> 14.214957 | E40: 18.738938 | F40: =Table1515[[#This Row],[Mrd m3 '[2023']]]*9.77*-1 -> -183.07942 | G40: 41733 | H40: =MIN(Table1515[[#This Row],[TWh '[2023']]],Table1515[[#This Row],[TWh by share]])*1000 -> -183079.42 | I40: =Table1515[[#This Row],[Mrd m3 '[2035'] SP]]*9.77*-1000 -> -182737.01 | J40: =Table1515[[#This Row],[Mrd m3 '[2035'] AP]]*9.77*-1000 -> -138880.13 | K40: =IF(Table1515[[#This Row],[TWh '[2023']]]=0,$F$27*(G40/$G$27),0) -> 0 | L40: 0
A41: ZY | B41: Zyprus | C41: =IF(Table1515[[#This Row],[EU]]=1,$R$19*Table1515[[#This Row],[GWh '[2020']]]/$H$44,$R$18*Table1515[[#This Row],[GWh '[2020']]]/$H$45) -> 0.25333725 | D41: =IF(Table1515[[#This Row],[EU]]=1,$T$19*Table1515[[#This Row],[GWh '[2020']]]/$H$44,$T$18*Table1515[[#This Row],[GWh '[2020']]]/$H$45) -> 0.16461993 | F41: =Table1515[[#This Row],[Mrd m3 '[2023']]]*9.77*-1 -> 0 | G41: 888 | H41: =MIN(Table1515[[#This Row],[TWh '[2023']]],Table1515[[#This Row],[TWh by share]])*1000 -> -3075.348 | I41: =Table1515[[#This Row],[Mrd m3 '[2035'] SP]]*9.77*-1000 -> -2475.105 | J41: =Table1515[[#This Row],[Mrd m3 '[2035'] AP]]*9.77*-1000 -> -1608.3367 | K41: =IF(Table1515[[#This Row],[TWh '[2023']]]=0,$F$27*(G41/$G$27),0) -> -3.075348 | L41: 1
B42: Kosovo | C42: =IF(Table1515[[#This Row],[EU]]=1,$R$19*Table1515[[#This Row],[GWh '[2020']]]/$H$44,$R$18*Table1515[[#This Row],[GWh '[2020']]]/$H$45) -> 0.63049466 | D42: =IF(Table1515[[#This Row],[EU]]=1,$T$19*Table1515[[#This Row],[GWh '[2020']]]/$H$44,$T$18*Table1515[[#This Row],[GWh '[2020']]]/$H$45) -> 0.47917594 | F42: =Table1515[[#This Row],[Mrd m3 '[2023']]]*9.77*-1 -> 0 | G42: 1782 | H42: =MIN(Table1515[[#This Row],[TWh '[2023']]],Table1515[[#This Row],[TWh by share]])*1000 -> -6171.4755 | I42: =Table1515[[#This Row],[Mrd m3 '[2035'] SP]]*9.77*-1000 -> -6159.9328 | J42: =Table1515[[#This Row],[Mrd m3 '[2035'] AP]]*9.77*-1000 -> -4681.5489 | K42: =IF(Table1515[[#This Row],[TWh '[2023']]]=0,$F$27*(G42/$G$27),0) -> -6.1714755 | L42: 0
G44: Sum EU | H44: =SUMIF(Table1515[EU],"1",Table1515[GWh '[2020']]) -> -3119811.4
G45: Sum not EU | H45: =SUMIF(Table1515[EU],"0",Table1515[GWh '[2020']]) -> -1468246.1
A50: https://www.energyinst.org/statistical-review
A51: https://ec.europa.eu/eurostat/documents/2995521/11081093/3-10072020-AP-EN.pdf/d2f799bf-4412-05cc-a357-7b49b93615f1
A52: https://ec.europa.eu/eurostat/statistics-explained/index.php?title=File:WBT23_Population,_2011-2022_(thousands).png | B52: for Bosnia
A53: https://ec.europa.eu/eurostat/statistics-explained/index.php?title=European_Neighbourhood_Policy_-_East_-_population_statistics#Number_of_inhabitants | B53: Ukraine, Moldova
A54: https://iea.blob.core.windows.net/assets/140a0470-5b90-4922-a0e9-838b3ac6918c/WorldEnergyOutlook2024.pdf

Sheet nodes_demand_europe_2035_SP
A1: Country | B1: Long_name | C1: GWh [2035] SP | D1: TWh [2023] | E1: Population 2020 [Tsd] | F1: GWh [2020] | G1: TWh by share
A2: AL | B2: Albania | C2: =Table1515[[#This Row],[GWh '[2035'] SP]] -> -9837.9173 | D2: =Table1517[[#This Row],[GWh '[2035'] SP]]/1000 -> -9.8379173 | E2: 2846 | F2: =Table1517[[#This Row],[TWh '[2023']]]*1000 -> -9837.9173 | G2: =IF(Table1517[[#This Row],[TWh '[2023']]]=0,$D$27*(E2/$E$27),0) -> 0
A3: AT | B3: Austria | C3: =Table1515[[#This Row],[GWh '[2035'] SP]] -> -54108.196 | D3: =Table1517[[#This Row],[GWh '[2035'] SP]]/1000 -> -54.108196 | E3: 8901.1 | F3: =Table1517[[#This Row],[TWh '[2023']]]*1000 -> -54108.196 | G3: =IF(Table1517[[#This Row],[TWh '[2023']]]=0,$D$27*(E3/$E$27),0) -> 0
A4: BE | B4: Belgium | C4: =Table1515[[#This Row],[GWh '[2035'] SP]] -> -107772.76 | D4: =Table1517[[#This Row],[GWh '[2035'] SP]]/1000 -> -107.77276 | E4: 11549.9 | F4: =Table1517[[#This Row],[TWh '[2023']]]*1000 -> -107772.76 | G4: =IF(Table1517[[#This Row],[TWh '[2023']]]=0,$D$27*(E4/$E$27),0) -> 0
A5: BA | B5: Bosnia and Herzegovina | C5: =Table1515[[#This Row],[GWh '[2035'] SP]] -> -5100.4426 | D5: =Table1517[[#This Row],[GWh '[2035'] SP]]/1000 -> -5.1004426 | E5: 3492 | F5: =Table1517[[#This Row],[TWh '[2023']]]*1000 -> -5100.4426 | G5: =IF(Table1517[[#This Row],[TWh '[2023']]]=0,$D$27*(E5/$E$27),0) -> 0
A6: BG | B6: Bulgaria | C6: =Table1515[[#This Row],[GWh '[2035'] SP]] -> -19862.196 | D6: =Table1517[[#This Row],[GWh '[2035'] SP]]/1000 -> -19.862196 | E6: 6951.5 | F6: =Table1517[[#This Row],[TWh '[2023']]]*1000 -> -19862.196 | G6: =IF(Table1517[[#This Row],[TWh '[2023']]]=0,$D$27*(E6/$E$27),0) -> 0
A7: HR | B7: Croatia | C7: =Table1515[[#This Row],[GWh '[2035'] SP]] -> -19658.885 | D7: =Table1517[[#This Row],[GWh '[2035'] SP]]/1000 -> -19.658885 | E7: 4058.2 | F7: =Table1517[[#This Row],[TWh '[2023']]]*1000 -> -19658.885 | G7: =IF(Table1517[[#This Row],[TWh '[2023']]]=0,$D$27*(E7/$E$27),0) -> 0
A8: CZ | B8: Czech Republic | C8: =Table1515[[#This Row],[GWh '[2035'] SP]] -> -52663.126 | D8: =Table1517[[#This Row],[GWh '[2035'] SP]]/1000 -> -52.663126 | E8: 10693.9 | F8: =Table1517[[#This Row],[TWh '[2023']]]*1000 -> -52663.126 | G8: =IF(Table1517[[#This Row],[TWh '[2023']]]=0,$D$27*(E8/$E$27),0) -> 0
A9: DK | B9: Denmark | C9: =Table1515[[#This Row],[GWh '[2035'] SP]] -> -12818.83 | D9: =Table1517[[#This Row],[GWh '[2035'] SP]]/1000 -> -12.81883 | E9: 5822.8 | F9: =Table1517[[#This Row],[TWh '[2023']]]*1000 -> -12818.83 | G9: =IF(Table1517[[#This Row],[TWh '[2023']]]=0,$D$27*(E9/$E$27),0) -> 0
A10: EE | B10: Estonia | C10: =Table1515[[#This Row],[GWh '[2035'] SP]] -> -2908.4386 | D10: =Table1517[[#This Row],[GWh '[2035'] SP]]/1000 -> -2.9084386 | E10: 1329 | F10: =Table1517[[#This Row],[TWh '[2023']]]*1000 -> -2908.4386 | G10: =IF(Table1517[[#This Row],[TWh '[2023']]]=0,$D$27*(E10/$E$27),0) -> 0
A11: FI | B11: Finland | C11: =Table1515[[#This Row],[GWh '[2035'] SP]] -> -9391.8202 | D11: =Table1517[[#This Row],[GWh '[2035'] SP]]/1000 -> -9.3918202 | E11: 5525.3 | F11: =Table1517[[#This Row],[TWh '[2023']]]*1000 -> -9391.8202 | G11: =IF(Table1517[[#This Row],[TWh '[2023']]]=0,$D$27*(E11/$E$27),0) -> 0
A12: FR | B12: France | C12: =Table1515[[#This Row],[GWh '[2035'] SP]] -> -266277.37 | D12: =Table1517[[#This Row],[GWh '[2035'] SP]]/1000 -> -266.27737 | E12: 67098.8 | F12: =Table1517[[#This Row],[TWh '[2023']]]*1000 -> -266277.37 | G12: =IF(Table1517[[#This Row],[TWh '[2023']]]=0,$D$27*(E12/$E$27),0) -> 0
A13: DE | B13: Germany | C13: =Table1515[[#This Row],[GWh '[2035'] SP]] -> -594952.29 | D13: =Table1517[[#This Row],[GWh '[2035'] SP]]/1000 -> -594.95229 | E13: 83166.7 | F13: =Table1517[[#This Row],[TWh '[2023']]]*1000 -> -594952.29 | G13: =IF(Table1517[[#This Row],[TWh '[2023']]]=0,$D$27*(E13/$E$27),0) -> 0
... A22: MD | B22: Moldova | C22: =Table1515[[#This Row],[GWh '[2035'] SP]] -> -8914.9645 | D22: =Table1517[[#This Row],[GWh '[2035'] SP]]/1000 -> -8.9149645 | E22: 2579 | F22: =Table1517[[#This Row],[TWh '[2023']]]*1000 -> -8914.9645 | G22: =IF(Table1517[[#This Row],[TWh '[2023']]]=0,$D$27*(E22/$E$27),0) -> 0
B23: Montenegro | C23: =Table1515[[#This Row],[GWh '[2035'] SP]] -> -2149.7543 | D23: =Table1517[[#This Row],[GWh '[2035'] SP]]/1000 -> -2.1497543 | E23: 621.9 | F23: =Table1517[[#This Row],[TWh '[2023']]]*1000 -> -2149.7543 | G23: =IF(Table1517[[#This Row],[TWh '[2023']]]=0,$D$27*(E23/$E$27),0) -> 0
A24: NL | B24: Netherlands | C24: =Table1515[[#This Row],[GWh '[2035'] SP]] -> -202649.61 | D24: =Table1517[[#This Row],[GWh '[2035'] SP]]/1000 -> -202.64961 | E24: 17407.6 | F24: =Table1517[[#This Row],[TWh '[2023']]]*1000 -> -202649.61 | G24: =IF(Table1517[[#This Row],[TWh '[2023']]]=0,$D$27*(E24/$E$27),0) -> 0
A25: MK | B25: North Macedonia | C25: =Table1515[[#This Row],[GWh '[2035'] SP]] -> -3441.1174 | D25: =Table1517[[#This Row],[GWh '[2035'] SP]]/1000 -> -3.4411174 | E25: 2076.3 | F25: =Table1517[[#This Row],[TWh '[2023']]]*1000 -> -3441.1174 | G25: =IF(Table1517[[#This Row],[TWh '[2023']]]=0,$D$27*(E25/$E$27),0) -> 0
A26: NO | B26: Norway | C26: =Table1515[[#This Row],[GWh '[2035'] SP]] -> -36990.351 | D26: =Table1517[[#This Row],[GWh '[2035'] SP]]/1000 -> -36.990351 | E26: 5367.6 | F26: =Table1517[[#This Row],[TWh '[2023']]]*1000 -> -36990.351 | G26: =IF(Table1517[[#This Row],[TWh '[2023']]]=0,$D$27*(E26/$E$27),0) -> 0
A27: OE | B27: Other Europe | C27: =Table1515[[#This Row],[GWh '[2035'] SP]] -> -67925.876 | D27: =Table1517[[#This Row],[GWh '[2035'] SP]]/1000 -> -67.925876 | E27: =SUMIF(D2:D26,"=0",E2:E26)+SUMIF(D28:D42,"=0",E28:E42) -> 0 | F27: =Table1517[[#This Row],[TWh '[2023']]]*1000 -> -67925.876 | G27: =IF(Table1517[[#This Row],[TWh '[2023']]]=0,$D$27*(E27/$E$27),0) -> 0
A28: PL | B28: Poland | C28: =Table1515[[#This Row],[GWh '[2035'] SP]] -> -153980.87 | D28: =Table1517[[#This Row],[GWh '[2035'] SP]]/1000 -> -153.98087 | E28: 37958.1 | F28: =Table1517[[#This Row],[TWh '[2023']]]*1000 -> -153980.87 | G28: =IF(Table1517[[#This Row],[TWh '[2023']]]=0,$D$27*(E28/$E$27),0) -> 0
A29: PT | B29: Portugal | C29: =Table1515[[#This Row],[GWh '[2035'] SP]] -> -35230.56 | D29: =Table1517[[#This Row],[GWh '[2035'] SP]]/1000 -> -35.23056 | E29: 10295.9 | F29: =Table1517[[#This Row],[TWh '[2023']]]*1000 -> -35230.56 | G29: =IF(Table1517[[#This Row],[TWh '[2023']]]=0,$D$27*(E29/$E$27),0) -> 0
A30: RO | B30: Romania | C30: =Table1515[[#This Row],[GWh '[2035'] SP]] -> -71444.08 | D30: =Table1517[[#This Row],[GWh '[2035'] SP]]/1000 -> -71.44408 | E30: 19318 | F30: =Table1517[[#This Row],[TWh '[2023']]]*1000 -> -71444.08 | G30: =IF(Table1517[[#This Row],[TWh '[2023']]]=0,$D$27*(E30/$E$27),0) -> 0
A31: SM | B31: San Marino | C31: =Table1515[[#This Row],[GWh '[2035'] SP]] -> 0 | D31: =Table1517[[#This Row],[GWh '[2035'] SP]]/1000 -> 0 | E31: 0 | F31: =Table1517[[#This Row],[TWh '[2023']]]*1000 -> 0 | G31: =IF(Table1517[[#This Row],[TWh '[2023']]]=0,$D$27*(E31/$E$27),0) -> #DIV/0!
A32: RS | B32: Serbia | C32: =Table1515[[#This Row],[GWh '[2035'] SP]] -> -23943.887 | D32: =Table1517[[#This Row],[GWh '[2035'] SP]]/1000 -> -23.943887 | E32: 6926.7 | F32: =Table1517[[#This Row],[TWh '[2023']]]*1000 -> -23943.887 | G32: =IF(Table1517[[#This Row],[TWh '[2023']]]=0,$D$27*(E32/$E$27),0) -> 0
A33: SK | B33: Slovakia | C33: =Table1515[[#This Row],[GWh '[2035'] SP]] -> -33009.731 | D33: =Table1517[[#This Row],[GWh '[2035'] SP]]/1000 -> -33.009731 | E33: 5457.9 | F33: =Table1517[[#This Row],[TWh '[2023']]]*1000 -> -33009.731 | G33: =IF(Table1517[[#This Row],[TWh '[2023']]]=0,$D$27*(E33/$E$27),0) -> 0
A34: SI | B34: Slovenia | C34: =Table1515[[#This Row],[GWh '[2035'] SP]] -> -6028.4272 | D34: =Table1517[[#This Row],[GWh '[2035'] SP]]/1000 -> -6.0284272 | E34: 2095.9 | F34: =Table1517[[#This Row],[TWh '[2023']]]*1000 -> -6028.4272 | G34: =IF(Table1517[[#This Row],[TWh '[2023']]]=0,$D$27*(E34/$E$27),0) -> 0
A35: ES | B35: Spain | C35: =Table1515[[#This Row],[GWh '[2035'] SP]] -> -230375.56 | D35: =Table1517[[#This Row],[GWh '[2035'] SP]]/1000 -> -230.37556 | E35: 47330 | F35: =Table1517[[#This Row],[TWh '[2023']]]*1000 -> -230375.56 | G35: =IF(Table1517[[#This Row],[TWh '[2023']]]=0,$D$27*(E35/$E$27),0) -> 0
A36: SE | B36: Sweden | C36: =Table1515[[#This Row],[GWh '[2035'] SP]] -> -5631.5472 | D36: =Table1517[[#This Row],[GWh '[2035'] SP]]/1000 -> -5.6315472 | E36: 10327.6 | F36: =Table1517[[#This Row],[TWh '[2023']]]*1000 -> -5631.5472 | G36: =IF(Table1517[[#This Row],[TWh '[2023']]]=0,$D$27*(E36/$E$27),0) -> 0
A37: CH | B37: Switzerland | C37: =Table1515[[#This Row],[GWh '[2035'] SP]] -> -26759.936 | D37: =Table1517[[#This Row],[GWh '[2035'] SP]]/1000 -> -26.759936 | E37: 8606 | F37: =Table1517[[#This Row],[TWh '[2023']]]*1000 -> -26759.936 | G37: =IF(Table1517[[#This Row],[TWh '[2023']]]=0,$D$27*(E37/$E$27),0) -> 0
A38: TR | B38: Türkiye | C38: =Table1515[[#This Row],[GWh '[2035'] SP]] -> -472269.78 | D38: =Table1517[[#This Row],[GWh '[2035'] SP]]/1000 -> -472.26978 | E38: 83155 | F38: =Table1517[[#This Row],[TWh '[2023']]]*1000 -> -472269.78 | G38: =IF(Table1517[[#This Row],[TWh '[2023']]]=0,$D$27*(E38/$E$27),0) -> 0
A39: UK | B39: UK | C39: =Table1515[[#This Row],[GWh '[2035'] SP]] -> -619269.03 | D39: =Table1517[[#This Row],[GWh '[2035'] SP]]/1000 -> -619.26903 | E39: 67025.5 | F39: =Table1517[[#This Row],[TWh '[2023']]]*1000 -> -619269.03 | G39: =IF(Table1517[[#This Row],[TWh '[2023']]]=0,$D$27*(E39/$E$27),0) -> 0
... A41: ZY | B41: Zyprus | C41: =Table1515[[#This Row],[GWh '[2035'] SP]] -> -2475.105 | D41: =Table1517[[#This Row],[GWh '[2035'] SP]]/1000 -> -2.475105 | E41: 888 | F41: =Table1517[[#This Row],[TWh '[2023']]]*1000 -> -2475.105 | G41: =IF(Table1517[[#This Row],[TWh '[2023']]]=0,$D$27*(E41/$E$27),0) -> 0
B42: Kosovo | C42: =Table1515[[#This Row],[GWh '[2035'] SP]] -> -6159.9328 | D42: =Table1517[[#This Row],[GWh '[2035'] SP]]/1000 -> -6.1599328 | E42: 1782 | F42: =Table1517[[#This Row],[TWh '[2023']]]*1000 -> -6159.9328 | G42: =IF(Table1517[[#This Row],[TWh '[2023']]]=0,$D$27*(E42/$E$27),0) -> 0
A50: https://www.energyinst.org/statistical-review
A51: https://ec.europa.eu/eurostat/documents/2995521/11081093/3-10072020-AP-EN.pdf/d2f799bf-4412-05cc-a357-7b49b93615f1
A52: https://ec.europa.eu/eurostat/statistics-explained/index.php?title=File:WBT23_Population,_2011-2022_(thousands).png | B52: for Bosnia
A53: https://ec.europa.eu/eurostat/statistics-explained/index.php?title=European_Neighbourhood_Policy_-_East_-_population_statistics#Number_of_inhabitants | B53: Ukraine, Moldova

Sheet nodes_demand_europe_2035_AP
A1: Country | B1: Long_name | C1: GWh [2035] SP | D1: TWh [2023] | E1: Population 2020 [Tsd] | F1: GWh [2020] | G1: TWh by share
A2: AL | B2: Albania | C2: =Table1515[[#This Row],[GWh '[2035'] AP]] -> -7476.8172 | D2: =Table151718[[#This Row],[GWh '[2035'] SP]]/1000 -> -7.4768172 | E2: 2846 | F2: =Table151718[[#This Row],[TWh '[2023']]]*1000 -> -7476.8172 | G2: =IF(Table151718[[#This Row],[TWh '[2023']]]=0,$D$27*(E2/$E$27),0) -> 0
A3: AT | B3: Austria | C3: =Table1515[[#This Row],[GWh '[2035'] AP]] -> -35159.8 | D3: =Table151718[[#This Row],[GWh '[2035'] SP]]/1000 -> -35.1598 | E3: 8901.1 | F3: =Table151718[[#This Row],[TWh '[2023']]]*1000 -> -35159.8 | G3: =IF(Table151718[[#This Row],[TWh '[2023']]]=0,$D$27*(E3/$E$27),0) -> 0
A4: BE | B4: Belgium | C4: =Table1515[[#This Row],[GWh '[2035'] AP]] -> -70031.324 | D4: =Table151718[[#This Row],[GWh '[2035'] SP]]/1000 -> -70.031324 | E4: 11549.9 | F4: =Table151718[[#This Row],[TWh '[2023']]]*1000 -> -70031.324 | G4: =IF(Table151718[[#This Row],[TWh '[2023']]]=0,$D$27*(E4/$E$27),0) -> 0
A5: BA | B5: Bosnia and Herzegovina | C5: =Table1515[[#This Row],[GWh '[2035'] AP]] -> -3876.3364 | D5: =Table151718[[#This Row],[GWh '[2035'] SP]]/1000 -> -3.8763364 | E5: 3492 | F5: =Table151718[[#This Row],[TWh '[2023']]]*1000 -> -3876.3364 | G5: =IF(Table151718[[#This Row],[TWh '[2023']]]=0,$D$27*(E5/$E$27),0) -> 0
A6: BG | B6: Bulgaria | C6: =Table1515[[#This Row],[GWh '[2035'] AP]] -> -12906.563 | D6: =Table151718[[#This Row],[GWh '[2035'] SP]]/1000 -> -12.906563 | E6: 6951.5 | F6: =Table151718[[#This Row],[TWh '[2023']]]*1000 -> -12906.563 | G6: =IF(Table151718[[#This Row],[TWh '[2023']]]=0,$D$27*(E6/$E$27),0) -> 0
A7: HR | B7: Croatia | C7: =Table1515[[#This Row],[GWh '[2035'] AP]] -> -12774.451 | D7: =Table151718[[#This Row],[GWh '[2035'] SP]]/1000 -> -12.774451 | E7: 4058.2 | F7: =Table151718[[#This Row],[TWh '[2023']]]*1000 -> -12774.451 | G7: =IF(Table151718[[#This Row],[TWh '[2023']]]=0,$D$27*(E7/$E$27),0) -> 0
A8: CZ | B8: Czech Republic | C8: =Table1515[[#This Row],[GWh '[2035'] AP]] -> -34220.786 | D8: =Table151718[[#This Row],[GWh '[2035'] SP]]/1000 -> -34.220786 | E8: 10693.9 | F8: =Table151718[[#This Row],[TWh '[2023']]]*1000 -> -34220.786 | G8: =IF(Table151718[[#This Row],[TWh '[2023']]]=0,$D$27*(E8/$E$27),0) -> 0
A9: DK | B9: Denmark | C9: =Table1515[[#This Row],[GWh '[2035'] AP]] -> -8329.7456 | D9: =Table151718[[#This Row],[GWh '[2035'] SP]]/1000 -> -8.3297456 | E9: 5822.8 | F9: =Table151718[[#This Row],[TWh '[2023']]]*1000 -> -8329.7456 | G9: =IF(Table151718[[#This Row],[TWh '[2023']]]=0,$D$27*(E9/$E$27),0) -> 0
A10: EE | B10: Estonia | C10: =Table1515[[#This Row],[GWh '[2035'] AP]] -> -1889.9193 | D10: =Table151718[[#This Row],[GWh '[2035'] SP]]/1000 -> -1.8899193 | E10: 1329 | F10: =Table151718[[#This Row],[TWh '[2023']]]*1000 -> -1889.9193 | G10: =IF(Table151718[[#This Row],[TWh '[2023']]]=0,$D$27*(E10/$E$27),0) -> 0
A11: FI | B11: Finland | C11: =Table1515[[#This Row],[GWh '[2035'] AP]] -> -6102.8559 | D11: =Table151718[[#This Row],[GWh '[2035'] SP]]/1000 -> -6.1028559 | E11: 5525.3 | F11: =Table151718[[#This Row],[TWh '[2023']]]*1000 -> -6102.8559 | G11: =IF(Table151718[[#This Row],[TWh '[2023']]]=0,$D$27*(E11/$E$27),0) -> 0
A12: FR | B12: France | C12: =Table1515[[#This Row],[GWh '[2035'] AP]] -> -173028.48 | D12: =Table151718[[#This Row],[GWh '[2035'] SP]]/1000 -> -173.02848 | E12: 67098.8 | F12: =Table151718[[#This Row],[TWh '[2023']]]*1000 -> -173028.48 | G12: =IF(Table151718[[#This Row],[TWh '[2023']]]=0,$D$27*(E12/$E$27),0) -> 0
A13: DE | B13: Germany | C13: =Table1515[[#This Row],[GWh '[2035'] AP]] -> -386603.24 | D13: =Table151718[[#This Row],[GWh '[2035'] SP]]/1000 -> -386.60324 | E13: 83166.7 | F13: =Table151718[[#This Row],[TWh '[2023']]]*1000 -> -386603.24 | G13: =IF(Table151718[[#This Row],[TWh '[2023']]]=0,$D$27*(E13/$E$27),0) -> 0
... A22: MD | B22: Moldova | C22: =Table1515[[#This Row],[GWh '[2035'] AP]] -> -6775.373 | D22: =Table151718[[#This Row],[GWh '[2035'] SP]]/1000 -> -6.775373 | E22: 2579 | F22: =Table151718[[#This Row],[TWh '[2023']]]*1000 -> -6775.373 | G22: =IF(Table151718[[#This Row],[TWh '[2023']]]=0,$D$27*(E22/$E$27),0) -> 0
B23: Montenegro | C23: =Table1515[[#This Row],[GWh '[2035'] AP]] -> -1633.8133 | D23: =Table151718[[#This Row],[GWh '[2035'] SP]]/1000 -> -1.6338133 | E23: 621.9 | F23: =Table151718[[#This Row],[TWh '[2023']]]*1000 -> -1633.8133 | G23: =IF(Table151718[[#This Row],[TWh '[2023']]]=0,$D$27*(E23/$E$27),0) -> 0
A24: NL | B24: Netherlands | C24: =Table1515[[#This Row],[GWh '[2035'] AP]] -> -131682.82 | D24: =Table151718[[#This Row],[GWh '[2035'] SP]]/1000 -> -131.68282 | E24: 17407.6 | F24: =Table151718[[#This Row],[TWh '[2023']]]*1000 -> -131682.82 | G24: =IF(Table151718[[#This Row],[TWh '[2023']]]=0,$D$27*(E24/$E$27),0) -> 0
A25: MK | B25: North Macedonia | C25: =Table1515[[#This Row],[GWh '[2035'] AP]] -> -2615.2492 | D25: =Table151718[[#This Row],[GWh '[2035'] SP]]/1000 -> -2.6152492 | E25: 2076.3 | F25: =Table151718[[#This Row],[TWh '[2023']]]*1000 -> -2615.2492 | G25: =IF(Table151718[[#This Row],[TWh '[2023']]]=0,$D$27*(E25/$E$27),0) -> 0
A26: NO | B26: Norway | C26: =Table1515[[#This Row],[GWh '[2035'] AP]] -> -28112.667 | D26: =Table151718[[#This Row],[GWh '[2035'] SP]]/1000 -> -28.112667 | E26: 5367.6 | F26: =Table151718[[#This Row],[TWh '[2023']]]*1000 -> -28112.667 | G26: =IF(Table151718[[#This Row],[TWh '[2023']]]=0,$D$27*(E26/$E$27),0) -> 0
A27: OE | B27: Other Europe | C27: =Table1515[[#This Row],[GWh '[2035'] AP]] -> -51623.666 | D27: =Table151718[[#This Row],[GWh '[2035'] SP]]/1000 -> -51.623666 | E27: =SUMIF(D2:D26,"=0",E2:E26)+SUMIF(D28:D42,"=0",E28:E42) -> 0 | F27: =Table151718[[#This Row],[TWh '[2023']]]*1000 -> -51623.666 | G27: =IF(Table151718[[#This Row],[TWh '[2023']]]=0,$D$27*(E27/$E$27),0) -> 0
A28: PL | B28: Poland | C28: =Table1515[[#This Row],[GWh '[2035'] AP]] -> -100057.61 | D28: =Table151718[[#This Row],[GWh '[2035'] SP]]/1000 -> -100.05761 | E28: 37958.1 | F28: =Table151718[[#This Row],[TWh '[2023']]]*1000 -> -100057.61 | G28: =IF(Table151718[[#This Row],[TWh '[2023']]]=0,$D$27*(E28/$E$27),0) -> 0
A29: PT | B29: Portugal | C29: =Table1515[[#This Row],[GWh '[2035'] AP]] -> -22893.01 | D29: =Table151718[[#This Row],[GWh '[2035'] SP]]/1000 -> -22.89301 | E29: 10295.9 | F29: =Table151718[[#This Row],[TWh '[2023']]]*1000 -> -22893.01 | G29: =IF(Table151718[[#This Row],[TWh '[2023']]]=0,$D$27*(E29/$E$27),0) -> 0
A30: RO | B30: Romania | C30: =Table1515[[#This Row],[GWh '[2035'] AP]] -> -46424.752 | D30: =Table151718[[#This Row],[GWh '[2035'] SP]]/1000 -> -46.424752 | E30: 19318 | F30: =Table151718[[#This Row],[TWh '[2023']]]*1000 -> -46424.752 | G30: =IF(Table151718[[#This Row],[TWh '[2023']]]=0,$D$27*(E30/$E$27),0) -> 0
A31: SM | B31: San Marino | C31: =Table1515[[#This Row],[GWh '[2035'] AP]] -> 0 | D31: =Table151718[[#This Row],[GWh '[2035'] SP]]/1000 -> 0 | E31: 0 | F31: =Table151718[[#This Row],[TWh '[2023']]]*1000 -> 0 | G31: =IF(Table151718[[#This Row],[TWh '[2023']]]=0,$D$27*(E31/$E$27),0) -> #DIV/0!
A32: RS | B32: Serbia | C32: =Table1515[[#This Row],[GWh '[2035'] AP]] -> -18197.354 | D32: =Table151718[[#This Row],[GWh '[2035'] SP]]/1000 -> -18.197354 | E32: 6926.7 | F32: =Table151718[[#This Row],[TWh '[2023']]]*1000 -> -18197.354 | G32: =IF(Table151718[[#This Row],[TWh '[2023']]]=0,$D$27*(E32/$E$27),0) -> 0
A33: SK | B33: Slovakia | C33: =Table1515[[#This Row],[GWh '[2035'] AP]] -> -21449.903 | D33: =Table151718[[#This Row],[GWh '[2035'] SP]]/1000 -> -21.449903 | E33: 5457.9 | F33: =Table151718[[#This Row],[TWh '[2023']]]*1000 -> -21449.903 | G33: =IF(Table151718[[#This Row],[TWh '[2023']]]=0,$D$27*(E33/$E$27),0) -> 0
A34: SI | B34: Slovenia | C34: =Table1515[[#This Row],[GWh '[2035'] AP]] -> -3917.3049 | D34: =Table151718[[#This Row],[GWh '[2035'] SP]]/1000 -> -3.9173049 | E34: 2095.9 | F34: =Table151718[[#This Row],[TWh '[2023']]]*1000 -> -3917.3049 | G34: =IF(Table151718[[#This Row],[TWh '[2023']]]=0,$D$27*(E34/$E$27),0) -> 0
A35: ES | B35: Spain | C35: =Table1515[[#This Row],[GWh '[2035'] AP]] -> -149699.29 | D35: =Table151718[[#This Row],[GWh '[2035'] SP]]/1000 -> -149.69929 | E35: 47330 | F35: =Table151718[[#This Row],[TWh '[2023']]]*1000 -> -149699.29 | G35: =IF(Table151718[[#This Row],[TWh '[2023']]]=0,$D$27*(E35/$E$27),0) -> 0
A36: SE | B36: Sweden | C36: =Table1515[[#This Row],[GWh '[2035'] AP]] -> -3659.4101 | D36: =Table151718[[#This Row],[GWh '[2035'] SP]]/1000 -> -3.6594101 | E36: 10327.6 | F36: =Table151718[[#This Row],[TWh '[2023']]]*1000 -> -3659.4101 | G36: =IF(Table151718[[#This Row],[TWh '[2023']]]=0,$D$27*(E36/$E$27),0) -> 0
A37: CH | B37: Switzerland | C37: =Table1515[[#This Row],[GWh '[2035'] AP]] -> -20337.551 | D37: =Table151718[[#This Row],[GWh '[2035'] SP]]/1000 -> -20.337551 | E37: 8606 | F37: =Table151718[[#This Row],[TWh '[2023']]]*1000 -> -20337.551 | G37: =IF(Table151718[[#This Row],[TWh '[2023']]]=0,$D$27*(E37/$E$27),0) -> 0
A38: TR | B38: Türkiye | C38: =Table1515[[#This Row],[GWh '[2035'] AP]] -> -358925.03 | D38: =Table151718[[#This Row],[GWh '[2035'] SP]]/1000 -> -358.92503 | E38: 83155 | F38: =Table151718[[#This Row],[TWh '[2023']]]*1000 -> -358925.03 | G38: =IF(Table151718[[#This Row],[TWh '[2023']]]=0,$D$27*(E38/$E$27),0) -> 0
A39: UK | B39: UK | C39: =Table1515[[#This Row],[GWh '[2035'] AP]] -> -470644.46 | D39: =Table151718[[#This Row],[GWh '[2035'] SP]]/1000 -> -470.64446 | E39: 67025.5 | F39: =Table151718[[#This Row],[TWh '[2023']]]*1000 -> -470644.46 | G39: =IF(Table151718[[#This Row],[TWh '[2023']]]=0,$D$27*(E39/$E$27),0) -> 0
... A41: ZY | B41: Zyprus | C41: =Table1515[[#This Row],[GWh '[2035'] AP]] -> -1608.3367 | D41: =Table151718[[#This Row],[GWh '[2035'] SP]]/1000 -> -1.6083367 | E41: 888 | F41: =Table151718[[#This Row],[TWh '[2023']]]*1000 -> -1608.3367 | G41: =IF(Table151718[[#This Row],[TWh '[2023']]]=0,$D$27*(E41/$E$27),0) -> 0
B42: Kosovo | C42: =Table1515[[#This Row],[GWh '[2035'] AP]] -> -4681.5489 | D42: =Table151718[[#This Row],[GWh '[2035'] SP]]/1000 -> -4.6815489 | E42: 1782 | F42: =Table151718[[#This Row],[TWh '[2023']]]*1000 -> -4681.5489 | G42: =IF(Table151718[[#This Row],[TWh '[2023']]]=0,$D$27*(E42/$E$27),0) -> 0
A50: https://www.energyinst.org/statistical-review
A51: https://ec.europa.eu/eurostat/documents/2995521/11081093/3-10072020-AP-EN.pdf/d2f799bf-4412-05cc-a357-7b49b93615f1
A52: https://ec.europa.eu/eurostat/statistics-explained/index.php?title=File:WBT23_Population,_2011-2022_(thousands).png | B52: for Bosnia
A53: https://ec.europa.eu/eurostat/statistics-explained/index.php?title=European_Neighbourhood_Policy_-_East_-_population_statistics#Number_of_inhabitants | B53: Ukraine, Moldova

Sheet nodes_demand_world_2024
A1: Country | B1: Long_name | C1: Mrd m3 [2020] | D1: Mil m3 [2020] | E1: Mrd m3 [2020]2 | F1: GWh [2020] | G1: TWh [2020]
A2: USA | B2: USA | C2: 886.46721 | E2: =Table791011[[#This Row],[Mil m3 '[2020']]]/1000 -> 0 | F2: =Table791011[[#This Row],[TWh '[2020']]]*1000 -> -8660784.7 | G2: =IF(Table791011[[#This Row],[Mil m3 '[2020']]]>0,Table791011[[#This Row],[Mrd m3 '[2020']2]],Table791011[[#This Row],[Mrd m3 '[2020']]])*9.77*(-1) -> -8660.7847
A3: CM | B3: North America | C3: =1104.76718773088-886.467211862827 -> 218.29998 | E3: =Table791011[[#This Row],[Mil m3 '[2020']]]/1000 -> 0 | F3: =Table791011[[#This Row],[TWh '[2020']]]*1000 -> -2132790.8 | G3: =IF(Table791011[[#This Row],[Mil m3 '[2020']]]>0,Table791011[[#This Row],[Mrd m3 '[2020']2]],Table791011[[#This Row],[Mrd m3 '[2020']]])*9.77*(-1) -> -2132.7908
A4: SA | B4: South America | C4: =161.703504900654-14.503954775876 -> 147.19955 | E4: =Table791011[[#This Row],[Mil m3 '[2020']]]/1000 -> 0 | F4: =Table791011[[#This Row],[TWh '[2020']]]*1000 -> -1438139.6 | G4: =IF(Table791011[[#This Row],[Mil m3 '[2020']]]>0,Table791011[[#This Row],[Mrd m3 '[2020']2]],Table791011[[#This Row],[Mrd m3 '[2020']]])*9.77*(-1) -> -1438.1396
A5: TT | B5: Trinidad & Tobago | C5: 14.503955 | E5: =Table791011[[#This Row],[Mil m3 '[2020']]]/1000 -> 0 | F5: =Table791011[[#This Row],[TWh '[2020']]]*1000 -> -141703.64 | G5: =IF(Table791011[[#This Row],[Mil m3 '[2020']]]>0,Table791011[[#This Row],[Mrd m3 '[2020']2]],Table791011[[#This Row],[Mrd m3 '[2020']]])*9.77*(-1) -> -141.70364
A6: ME | B6: Middle East | C6: =577.716724870969-44.2013179565956 -> 533.51541 | E6: =Table791011[[#This Row],[Mil m3 '[2020']]]/1000 -> 0 | F6: =Table791011[[#This Row],[TWh '[2020']]]*1000 -> -5212445.5 | G6: =IF(Table791011[[#This Row],[Mil m3 '[2020']]]>0,Table791011[[#This Row],[Mrd m3 '[2020']2]],Table791011[[#This Row],[Mrd m3 '[2020']]])*9.77*(-1) -> -5212.4455
A7: QA | B7: Qatar | C7: 44.201318 | E7: =Table791011[[#This Row],[Mil m3 '[2020']]]/1000 -> 0 | F7: =Table791011[[#This Row],[TWh '[2020']]]*1000 -> -431846.88 | G7: =IF(Table791011[[#This Row],[Mil m3 '[2020']]]>0,Table791011[[#This Row],[Mrd m3 '[2020']2]],Table791011[[#This Row],[Mrd m3 '[2020']]])*9.77*(-1) -> -431.84688
A8: AF | B8: Africa | C8: =171.229082457489-C16-C17-C18-C19-C20 -> 46.932795 | E8: =Table791011[[#This Row],[Mil m3 '[2020']]]/1000 -> 0 | F8: =Table791011[[#This Row],[TWh '[2020']]]*1000 -> -458533.41 | G8: =IF(Table791011[[#This Row],[Mil m3 '[2020']]]>0,Table791011[[#This Row],[Mrd m3 '[2020']2]],Table791011[[#This Row],[Mrd m3 '[2020']]])*9.77*(-1) -> -458.53341
A9: AU | B9: Australia | C9: 40.121503 | E9: =Table791011[[#This Row],[Mil m3 '[2020']]]/1000 -> 0 | F9: =Table791011[[#This Row],[TWh '[2020']]]*1000 -> -391987.08 | G9: =IF(Table791011[[#This Row],[Mil m3 '[2020']]]>0,Table791011[[#This Row],[Mrd m3 '[2020']2]],Table791011[[#This Row],[Mrd m3 '[2020']]])*9.77*(-1) -> -391.98708
A10: CN | B10: China | C10: =404.838112094395+4.84678040562862 -> 409.68489 | E10: =Table791011[[#This Row],[Mil m3 '[2020']]]/1000 -> 0 | F10: =Table791011[[#This Row],[TWh '[2020']]]*1000 -> -4002621.4 | G10: =IF(Table791011[[#This Row],[Mil m3 '[2020']]]>0,Table791011[[#This Row],[Mrd m3 '[2020']2]],Table791011[[#This Row],[Mrd m3 '[2020']]])*9.77*(-1) -> -4002.6214
A11: JS | B11: Japan & South Korea | C11: =92.4207922536915+60.0747038262 -> 152.4955 | E11: =Table791011[[#This Row],[Mil m3 '[2020']]]/1000 -> 0 | F11: =Table791011[[#This Row],[TWh '[2020']]]*1000 -> -1489881 | G11: =IF(Table791011[[#This Row],[Mil m3 '[2020']]]>0,Table791011[[#This Row],[Mrd m3 '[2020']2]],Table791011[[#This Row],[Mrd m3 '[2020']]])*9.77*(-1) -> -1489.881
A12: IN | B12: India | C12: 62.610307 | E12: =Table791011[[#This Row],[Mil m3 '[2020']]]/1000 -> 0 | F12: =Table791011[[#This Row],[TWh '[2020']]]*1000 -> -611702.7 | G12: =IF(Table791011[[#This Row],[Mil m3 '[2020']]]>0,Table791011[[#This Row],[Mrd m3 '[2020']2]],Table791011[[#This Row],[Mrd m3 '[2020']]])*9.77*(-1) -> -611.7027
A13: AS | B13: Asia | C13: =935.383807806868-C12-C10-C9-C11-C21 -> 178.95512 | E13: =Table791011[[#This Row],[Mil m3 '[2020']]]/1000 -> 0 | F13: =Table791011[[#This Row],[TWh '[2020']]]*1000 -> -1748391.5 | G13: =IF(Table791011[[#This Row],[Mil m3 '[2020']]]>0,Table791011[[#This Row],[Mrd m3 '[2020']2]],Table791011[[#This Row],[Mrd m3 '[2020']]])*9.77*(-1) -> -1748.3915
A14: CR | B14: Caspian Region | C14: =596.017542286885-453.370943952802-16.7840359905841 -> 125.86256 | E14: =Table791011[[#This Row],[Mil m3 '[2020']]]/1000 -> 0 | F14: =Table791011[[#This Row],[TWh '[2020']]]*1000 -> -1229677.2 | G14: =IF(Table791011[[#This Row],[Mil m3 '[2020']]]>0,Table791011[[#This Row],[Mrd m3 '[2020']2]],Table791011[[#This Row],[Mrd m3 '[2020']]])*9.77*(-1) -> -1229.6772
A15: RU | B15: Russia | C15: 453.37094 | E15: =Table791011[[#This Row],[Mil m3 '[2020']]]/1000 -> 0 | F15: =Table791011[[#This Row],[TWh '[2020']]]*1000 -> -4429434.1 | G15: =IF(Table791011[[#This Row],[Mil m3 '[2020']]]>0,Table791011[[#This Row],[Mrd m3 '[2020']2]],Table791011[[#This Row],[Mrd m3 '[2020']]])*9.77*(-1) -> -4429.4341
A16: DZ | B16: Algeria | C16: 50.33875 | E16: =Table791011[[#This Row],[Mil m3 '[2020']]]/1000 -> 0 | F16: =Table791011[[#This Row],[TWh '[2020']]]*1000 -> -491809.59 | G16: =IF(Table791011[[#This Row],[Mil m3 '[2020']]]>0,Table791011[[#This Row],[Mrd m3 '[2020']2]],Table791011[[#This Row],[Mrd m3 '[2020']]])*9.77*(-1) -> -491.80959
A17: LY | B17: Libya | C17: 10.1 | E17: =Table791011[[#This Row],[Mil m3 '[2020']]]/1000 -> 0 | F17: =Table791011[[#This Row],[TWh '[2020']]]*1000 -> -98677 | G17: =IF(Table791011[[#This Row],[Mil m3 '[2020']]]>0,Table791011[[#This Row],[Mrd m3 '[2020']2]],Table791011[[#This Row],[Mrd m3 '[2020']]])*9.77*(-1) -> -98.677
A18: TN | B18: Tunisia | C18: 3.5904531 | E18: =Table791011[[#This Row],[Mil m3 '[2020']]]/1000 -> 0 | F18: =Table791011[[#This Row],[TWh '[2020']]]*1000 -> -35078.727 | G18: =IF(Table791011[[#This Row],[Mil m3 '[2020']]]>0,Table791011[[#This Row],[Mrd m3 '[2020']2]],Table791011[[#This Row],[Mrd m3 '[2020']]])*9.77*(-1) -> -35.078727
A19: MA | B19: Morroco | C19: 0.22269575 | E19: =Table791011[[#This Row],[Mil m3 '[2020']]]/1000 -> 0 | F19: =Table791011[[#This Row],[TWh '[2020']]]*1000 -> -2175.7375 | G19: =IF(Table791011[[#This Row],[Mil m3 '[2020']]]>0,Table791011[[#This Row],[Mrd m3 '[2020']2]],Table791011[[#This Row],[Mrd m3 '[2020']]])*9.77*(-1) -> -2.1757375
A20: EG | B20: Egypt | C20: 60.044389 | E20: =Table791011[[#This Row],[Mil m3 '[2020']]]/1000 -> 0 | F20: =Table791011[[#This Row],[TWh '[2020']]]*1000 -> -586633.68 | G20: =IF(Table791011[[#This Row],[Mil m3 '[2020']]]>0,Table791011[[#This Row],[Mrd m3 '[2020']2]],Table791011[[#This Row],[Mrd m3 '[2020']]])*9.77*(-1) -> -586.63368
A21: IM | B21: Indonesia & Malaysia | C21: =45.4449851278232+46.0715052691446 -> 91.51649 | E21: =Table791011[[#This Row],[Mil m3 '[2020']]]/1000 -> 0 | F21: =Table791011[[#This Row],[TWh '[2020']]]*1000 -> -894116.11 | G21: =IF(Table791011[[#This Row],[Mil m3 '[2020']]]>0,Table791011[[#This Row],[Mrd m3 '[2020']2]],Table791011[[#This Row],[Mrd m3 '[2020']]])*9.77*(-1) -> -894.11611
A22: BY | B22: Belarus | C22: 16.784036 | E22: =Table791011[[#This Row],[Mil m3 '[2020']]]/1000 -> 0 | F22: =Table791011[[#This Row],[TWh '[2020']]]*1000 -> -163980.03 | G22: =IF(Table791011[[#This Row],[Mil m3 '[2020']]]>0,Table791011[[#This Row],[Mrd m3 '[2020']2]],Table791011[[#This Row],[Mrd m3 '[2020']]])*9.77*(-1) -> -163.98003
A24: Tunisia | B24: https://www.ins.tn/sites/default/files-ftp3/files/publication/pdf/bms%20Aout%202024.pdf
A25: Libya | B25: https://www.gecf.org/_resources/files/events/release-of-the-gecf-annual-statistical-bulletin-2023/gecf-asb-2023.pdf

Sheet nodes_demand_world_2035
A1: Country | B1: Long_name | C1: Mrd m3 [2035] | D1: values 2024 | E1: Mrd m3 [2020]2 | F1: GWh [2020] | G1: TWh [2020]
A2: USA | B2: USA | C2: 791 | E2: =Table79101116[[#This Row],[values 2024]]/1000 -> 0 | F2: =Table79101116[[#This Row],[TWh '[2020']]]*1000 -> -7728070 | G2: =Table79101116[[#This Row],[Mrd m3 '[2035']]]*9.77*(-1) -> -7728.07
A3: CM | B3: North America | C3: =1028-791 -> 237 | E3: =Table79101116[[#This Row],[values 2024]]/1000 -> 0 | F3: =Table79101116[[#This Row],[TWh '[2020']]]*1000 -> -2315490 | G3: =Table79101116[[#This Row],[Mrd m3 '[2035']]]*9.77*(-1) -> -2315.49
A4: SA | B4: South America | C4: =180*(Table79101116[[#This Row],[values 2024]]/(D4+D5)) -> 163.85495 | D4: 147.19955 | E4: =Table79101116[[#This Row],[values 2024]]/1000 -> 0.14719955 | F4: =Table79101116[[#This Row],[TWh '[2020']]]*1000 -> -1600862.8 | G4: =Table79101116[[#This Row],[Mrd m3 '[2035']]]*9.77*(-1) -> -1600.8628
A5: TT | B5: Trinidad & Tobago | C5: =180*(Table79101116[[#This Row],[values 2024]]/(D5+D4)) -> 16.145054 | D5: 14.503955 | E5: =Table79101116[[#This Row],[values 2024]]/1000 -> 0.014503955 | F5: =Table79101116[[#This Row],[TWh '[2020']]]*1000 -> -157737.18 | G5: =Table79101116[[#This Row],[Mrd m3 '[2035']]]*9.77*(-1) -> -157.73718
A6: ME | B6: Middle East | C6: =750*(Table79101116[[#This Row],[values 2024]]/(D6+D7)) -> 692.61723 | D6: 533.51541 | E6: =Table79101116[[#This Row],[values 2024]]/1000 -> 0.53351541 | F6: =Table79101116[[#This Row],[TWh '[2020']]]*1000 -> -6766870.3 | G6: =Table79101116[[#This Row],[Mrd m3 '[2035']]]*9.77*(-1) -> -6766.8703
A7: QA | B7: Qatar | C7: =750*(Table79101116[[#This Row],[values 2024]]/(D7+D6)) -> 57.382774 | D7: 44.201318 | E7: =Table79101116[[#This Row],[values 2024]]/1000 -> 0.044201318 | F7: =Table79101116[[#This Row],[TWh '[2020']]]*1000 -> -560629.71 | G7: =Table79101116[[#This Row],[Mrd m3 '[2035']]]*9.77*(-1) -> -560.62971
A8: AF | B8: Africa | C8: =219*(Table79101116[[#This Row],[values 2024]]/(D8+D16+D17+D18+D19+D20)) -> 60.026498 | D8: 46.932795 | E8: =Table79101116[[#This Row],[values 2024]]/1000 -> 0.046932795 | F8: =Table79101116[[#This Row],[TWh '[2020']]]*1000 -> -586458.88 | G8: =Table79101116[[#This Row],[Mrd m3 '[2035']]]*9.77*(-1) -> -586.45888
A9: AU | B9: Australia | C9: =1131*Table79101116[[#This Row],[values 2024]]/(D9+D10+D11+D12+D13+D21) -> 48.512086 | D9: 40.121503 | E9: =Table79101116[[#This Row],[values 2024]]/1000 -> 0.040121503 | F9: =Table79101116[[#This Row],[TWh '[2020']]]*1000 -> -473963.08 | G9: =Table79101116[[#This Row],[Mrd m3 '[2035']]]*9.77*(-1) -> -473.96308
A10: CN | B10: China | C10: 522 | D10: 409.68489 | E10: =Table79101116[[#This Row],[values 2024]]/1000 -> 0.40968489 | F10: =Table79101116[[#This Row],[TWh '[2020']]]*1000 -> -5099940 | G10: =Table79101116[[#This Row],[Mrd m3 '[2035']]]*9.77*(-1) -> -5099.94
A11: JS | B11: Japan & South Korea | C11: =49/(92.4207922536915/Table79101116[[#This Row],[values 2024]]) -> 80.85063 | D11: =92.4207922536915+60.0747038262 -> 152.4955 | E11: =Table79101116[[#This Row],[values 2024]]/1000 -> 0.1524955 | F11: =Table79101116[[#This Row],[TWh '[2020']]]*1000 -> -789910.66 | G11: =Table79101116[[#This Row],[Mrd m3 '[2035']]]*9.77*(-1) -> -789.91066
A12: IN | B12: India | C12: 125 | D12: 62.610307 | E12: =Table79101116[[#This Row],[values 2024]]/1000 -> 0.062610307 | F12: =Table79101116[[#This Row],[TWh '[2020']]]*1000 -> -1221250 | G12: =Table79101116[[#This Row],[Mrd m3 '[2035']]]*9.77*(-1) -> -1221.25
A13: AS | B13: Asia | C13: =1131*Table79101116[[#This Row],[values 2024]]/(D9+D10+D11+D12+D13+D21) -> 216.37988 | D13: 178.95512 | E13: =Table79101116[[#This Row],[values 2024]]/1000 -> 0.17895512 | F13: =Table79101116[[#This Row],[TWh '[2020']]]*1000 -> -2114031.5 | G13: =Table79101116[[#This Row],[Mrd m3 '[2035']]]*9.77*(-1) -> -2114.0315
A14: CR | B14: Caspian Region | C14: =671*(Table79101116[[#This Row],[values 2024]]/(D14+D15+D22)) -> 141.6968 | D14: 125.86256 | E14: =Table79101116[[#This Row],[values 2024]]/1000 -> 0.12586256 | F14: =Table79101116[[#This Row],[TWh '[2020']]]*1000 -> -1384377.7 | G14: =Table79101116[[#This Row],[Mrd m3 '[2035']]]*9.77*(-1) -> -1384.3777
A15: RU | B15: Russia | C15: 513 | D15: 453.37094 | E15: =Table79101116[[#This Row],[values 2024]]/1000 -> 0.45337094 | F15: =Table79101116[[#This Row],[TWh '[2020']]]*1000 -> -5012010 | G15: =Table79101116[[#This Row],[Mrd m3 '[2035']]]*9.77*(-1) -> -5012.01
A16: DZ | B16: Algeria | C16: =219*(Table79101116[[#This Row],[values 2024]]/(D8+D16+D17+D18+D19+D20)) -> 64.382674 | D16: 50.33875 | E16: =Table79101116[[#This Row],[values 2024]]/1000 -> 0.05033875 | F16: =Table79101116[[#This Row],[TWh '[2020']]]*1000 -> -629018.73 | G16: =Table79101116[[#This Row],[Mrd m3 '[2035']]]*9.77*(-1) -> -629.01873
A17: LY | B17: Libya | C17: =219*(Table79101116[[#This Row],[values 2024]]/(D8+D16+D17+D18+D19+D20)) -> 12.917782 | D17: 10.1 | E17: =Table79101116[[#This Row],[values 2024]]/1000 -> 0.0101 | F17: =Table79101116[[#This Row],[TWh '[2020']]]*1000 -> -126206.73 | G17: =Table79101116[[#This Row],[Mrd m3 '[2035']]]*9.77*(-1) -> -126.20673
A18: TN | B18: Tunisia | C18: =219*(Table79101116[[#This Row],[values 2024]]/(D8+D16+D17+D18+D19+D20)) -> 4.5921477 | D18: 3.5904531 | E18: =Table79101116[[#This Row],[values 2024]]/1000 -> 0.0035904531 | F18: =Table79101116[[#This Row],[TWh '[2020']]]*1000 -> -44865.283 | G18: =Table79101116[[#This Row],[Mrd m3 '[2035']]]*9.77*(-1) -> -44.865283
A19: MA | B19: Morroco | C19: =219*(Table79101116[[#This Row],[values 2024]]/(D8+D16+D17+D18+D19+D20)) -> 0.28482527 | D19: 0.22269575 | E19: =Table79101116[[#This Row],[values 2024]]/1000 -> 0.00022269575 | F19: =Table79101116[[#This Row],[TWh '[2020']]]*1000 -> -2782.7429 | G19: =Table79101116[[#This Row],[Mrd m3 '[2035']]]*9.77*(-1) -> -2.7827429
A20: EG | B20: Egypt | C20: =219*(Table79101116[[#This Row],[values 2024]]/(D8+D16+D17+D18+D19+D20)) -> 76.796073 | D20: 60.044389 | E20: =Table79101116[[#This Row],[values 2024]]/1000 -> 0.060044389 | F20: =Table79101116[[#This Row],[TWh '[2020']]]*1000 -> -750297.63 | G20: =Table79101116[[#This Row],[Mrd m3 '[2035']]]*9.77*(-1) -> -750.29763
A21: IM | B21: Indonesia & Malaysia | C21: =1131*Table79101116[[#This Row],[values 2024]]/(D9+D10+D11+D12+D13+D21) -> 110.65527 | D21: 91.51649 | E21: =Table79101116[[#This Row],[values 2024]]/1000 -> 0.09151649 | F21: =Table79101116[[#This Row],[TWh '[2020']]]*1000 -> -1081102 | G21: =Table79101116[[#This Row],[Mrd m3 '[2035']]]*9.77*(-1) -> -1081.102
A22: BY | B22: Belarus | C22: =671*(Table79101116[[#This Row],[values 2024]]/(D14+D15+D22)) -> 18.895565 | D22: 16.784036 | E22: =Table79101116[[#This Row],[values 2024]]/1000 -> 0.016784036 | F22: =Table79101116[[#This Row],[TWh '[2020']]]*1000 -> -184609.67 | G22: =Table79101116[[#This Row],[Mrd m3 '[2035']]]*9.77*(-1) -> -184.60967
A23: 2035 values | B23: https://iea.blob.core.windows.net/assets/140a0470-5b90-4922-a0e9-838b3ac6918c/WorldEnergyOutlook2024.pdf
A24: Tunisia | B24: https://www.ins.tn/sites/default/files-ftp3/files/publication/pdf/bms%20Aout%202024.pdf
A25: Libya | B25: https://www.gecf.org/_resources/files/events/release-of-the-gecf-annual-statistical-bulletin-2023/gecf-asb-2023.pdf

Sheet Connections_2020
A1: From | B1: To | C1: GWh/d [capacity map] | D1: GWh/d [gasdashboard] | E1: GWh/d [transparency map] | F1: GWh/a | G1: TWh/a | H1: Comment
A2: AL | B2: IT | C2: 487.1 | D2: 549.9 | F2: =MIN(Table3[[#This Row],[GWh/d '[capacity map']]:[GWh/d '[transparency map']]])*365 -> 177791.5 | G2: =F2/1000 -> 177.7915
A3: AT | B3: DE | C3: 339.968 | F3: =MIN(Table3[[#This Row],[GWh/d '[capacity map']]:[GWh/d '[transparency map']]])*365 -> 124088.32 | G3: =F3/1000 -> 124.08832
A4: AT | B4: HU | C4: 153.1 | F4: =MIN(Table3[[#This Row],[GWh/d '[capacity map']]:[GWh/d '[transparency map']]])*365 -> 55881.5 | G4: =F4/1000 -> 55.8815
A5: AT | B5: IT | C5: 1150 | F5: =MIN(Table3[[#This Row],[GWh/d '[capacity map']]:[GWh/d '[transparency map']]])*365 -> 419750 | G5: =F5/1000 -> 419.75
A6: AT | B6: SI | C6: 112.5 | F6: =MIN(Table3[[#This Row],[GWh/d '[capacity map']]:[GWh/d '[transparency map']]])*365 -> 41062.5 | G6: =F6/1000 -> 41.0625
A7: AT | B7: SK | C7: 246.5 | F7: =MIN(Table3[[#This Row],[GWh/d '[capacity map']]:[GWh/d '[transparency map']]])*365 -> 89972.5 | G7: =F7/1000 -> 89.9725
A8: BE | B8: DE | C8: 322.77 | F8: =MIN(Table3[[#This Row],[GWh/d '[capacity map']]:[GWh/d '[transparency map']]])*365 -> 117811.05 | G8: =F8/1000 -> 117.81105
A9: BE | B9: FR | C9: 870 | F9: =MIN(Table3[[#This Row],[GWh/d '[capacity map']]:[GWh/d '[transparency map']]])*365 -> 317550 | G9: =F9/1000 -> 317.55
A10: BE | B10: LU | E10: 41.973542 | F10: =MIN(Table3[[#This Row],[GWh/d '[capacity map']]:[GWh/d '[transparency map']]])*365 -> 15320.343 | G10: =F10/1000 -> 15.320343
A11: BE | B11: NL | C11: 331.2 | F11: =MIN(Table3[[#This Row],[GWh/d '[capacity map']]:[GWh/d '[transparency map']]])*365 -> 120888 | G11: =F11/1000 -> 120.888
A12: BE | B12: UK | C12: 803.4 | D12: 261.1 | F12: =MIN(Table3[[#This Row],[GWh/d '[capacity map']]:[GWh/d '[transparency map']]])*365 -> 95301.5 | G12: =F12/1000 -> 95.3015
A13: BG | B13: EL | C13: 117.8 | F13: =MIN(Table3[[#This Row],[GWh/d '[capacity map']]:[GWh/d '[transparency map']]])*365 -> 42997 | G13: =F13/1000 -> 42.997
A14: BG | B14: MK | C14: 27.38 | D14: 33.38 | F14: =MIN(Table3[[#This Row],[GWh/d '[capacity map']]:[GWh/d '[transparency map']]])*365 -> 9993.7 | G14: =F14/1000 -> 9.9937
A15: BG | B15: RO | C15: 148.15 | F15: =MIN(Table3[[#This Row],[GWh/d '[capacity map']]:[GWh/d '[transparency map']]])*365 -> 54074.75 | G15: =F15/1000 -> 54.07475
A16: BG | B16: RS | C16: 398.13 | D16: 467.5 | F16: =MIN(Table3[[#This Row],[GWh/d '[capacity map']]:[GWh/d '[transparency map']]])*365 -> 145317.45 | G16: =F16/1000 -> 145.31745
A17: BG | B17: TR | C17: 497.16 | D17: 576 | F17: =MIN(Table3[[#This Row],[GWh/d '[capacity map']]:[GWh/d '[transparency map']]])*365 -> 181463.4 | G17: =F17/1000 -> 181.4634
A18: BY | B18: LT | C18: 325.4 | D18: 325.4 | F18: =MIN(Table3[[#This Row],[GWh/d '[capacity map']]:[GWh/d '[transparency map']]])*365 -> 118771 | G18: =F18/1000 -> 118.771
A19: BY | B19: PL | C19: 1203.5 | D19: 1203.5 | F19: =MIN(Table3[[#This Row],[GWh/d '[capacity map']]:[GWh/d '[transparency map']]])*365 -> 439277.5 | G19: =F19/1000 -> 439.2775
A20: BY | B20: UA | E20: 35.531711 | F20: =MIN(Table3[[#This Row],[GWh/d '[capacity map']]:[GWh/d '[transparency map']]])*365 -> 12969.074 | G20: =F20/1000 -> 12.969074
A21: CH | B21: DE | C21: 172.8 | F21: =MIN(Table3[[#This Row],[GWh/d '[capacity map']]:[GWh/d '[transparency map']]])*365 -> 63072 | G21: =F21/1000 -> 63.072
A22: CH | B22: FR | C22: 100 | F22: =MIN(Table3[[#This Row],[GWh/d '[capacity map']]:[GWh/d '[transparency map']]])*365 -> 36500 | G22: =F22/1000 -> 36.5
A23: CH | B23: IT | C23: 640.4 | F23: =MIN(Table3[[#This Row],[GWh/d '[capacity map']]:[GWh/d '[transparency map']]])*365 -> 233746 | G23: =F23/1000 -> 233.746
A24: CZ | B24: DE | C24: 1231.759 | F24: =MIN(Table3[[#This Row],[GWh/d '[capacity map']]:[GWh/d '[transparency map']]])*365 -> 449592.04 | G24: =F24/1000 -> 449.59204
A25: CZ | B25: PL | C25: 28 | F25: =MIN(Table3[[#This Row],[GWh/d '[capacity map']]:[GWh/d '[transparency map']]])*365 -> 10220 | G25: =F25/1000 -> 10.22
A26: CZ | B26: SK | C26: 1246.4 | F26: =MIN(Table3[[#This Row],[GWh/d '[capacity map']]:[GWh/d '[transparency map']]])*365 -> 454936 | G26: =F26/1000 -> 454.936
A27: DE | B27: AT | C27: 344.248 | F27: =MIN(Table3[[#This Row],[GWh/d '[capacity map']]:[GWh/d '[transparency map']]])*365 -> 125650.52 | G27: =F27/1000 -> 125.65052
A28: DE | B28: BE | C28: 396.15 | F28: =MIN(Table3[[#This Row],[GWh/d '[capacity map']]:[GWh/d '[transparency map']]])*365 -> 144594.75 | G28: =F28/1000 -> 144.59475
A29: DE | B29: CH | C29: 328 | F29: =MIN(Table3[[#This Row],[GWh/d '[capacity map']]:[GWh/d '[transparency map']]])*365 -> 119720 | G29: =F29/1000 -> 119.72
A30: DE | B30: CZ | C30: 1803.77 | F30: =MIN(Table3[[#This Row],[GWh/d '[capacity map']]:[GWh/d '[transparency map']]])*365 -> 658376.05 | G30: =F30/1000 -> 658.37605
A31: DE | B31: DK | C31: 136.112 | F31: =MIN(Table3[[#This Row],[GWh/d '[capacity map']]:[GWh/d '[transparency map']]])*365 -> 49680.88 | G31: =F31/1000 -> 49.68088
A32: DE | B32: FR | C32: 613.716 | F32: =MIN(Table3[[#This Row],[GWh/d '[capacity map']]:[GWh/d '[transparency map']]])*365 -> 224006.34 | G32: =F32/1000 -> 224.00634
... A36: DK | B36: DE | C36: 4.119 | F36: =MIN(Table3[[#This Row],[GWh/d '[capacity map']]:[GWh/d '[transparency map']]])*365 -> 1503.435 | G36: =F36/1000 -> 1.503435
A37: DK | B37: SE | E37: 41 | F37: =MIN(Table3[[#This Row],[GWh/d '[capacity map']]:[GWh/d '[transparency map']]])*365 -> 14965 | G37: =F37/1000 -> 14.965 | H37: Assumption, as SE is supplied by DK, must be high enough
A38: DZ | B38: ES | C38: 731.7 | D38: 337.1 | F38: =MIN(Table3[[#This Row],[GWh/d '[capacity map']]:[GWh/d '[transparency map']]])*365 -> 123041.5 | G38: =F38/1000 -> 123.0415
A39: DZ | B39: MA | D39: 337.1 | F39: =MIN(Table3[[#This Row],[GWh/d '[capacity map']]:[GWh/d '[transparency map']]])*365 -> 123041.5 | G39: =F39/1000 -> 123.0415 | H39: Assumption, same as MA to ES
A40: DZ | B40: TN | C40: 1138.1 | D40: 1154 | F40: =MIN(Table3[[#This Row],[GWh/d '[capacity map']]:[GWh/d '[transparency map']]])*365 -> 415406.5 | G40: =F40/1000 -> 415.4065 | H40: Assumption, same as TN to IT
A41: EE | B41: FI | E41: 61.341321 | F41: =MIN(Table3[[#This Row],[GWh/d '[capacity map']]:[GWh/d '[transparency map']]])*365 -> 22389.582 | G41: =F41/1000 -> 22.389582
A42: EE | B42: LV | E42: 67.7 | F42: =MIN(Table3[[#This Row],[GWh/d '[capacity map']]:[GWh/d '[transparency map']]])*365 -> 24710.5 | G42: =F42/1000 -> 24.7105
A43: EL | B43: AL | C43: 487.1 | D43: 549.9 | F43: =MIN(Table3[[#This Row],[GWh/d '[capacity map']]:[GWh/d '[transparency map']]])*365 -> 177791.5 | G43: =F43/1000 -> 177.7915 | H43: same as AL to IT
A44: EL | B44: BG | C44: 64.82 | F44: =MIN(Table3[[#This Row],[GWh/d '[capacity map']]:[GWh/d '[transparency map']]])*365 -> 23659.3 | G44: =F44/1000 -> 23.6593
A45: ES | B45: FR | C45: 224.4 | F45: =MIN(Table3[[#This Row],[GWh/d '[capacity map']]:[GWh/d '[transparency map']]])*365 -> 81906 | G45: =F45/1000 -> 81.906
A46: ES | B46: PT | C46: 144 | F46: =MIN(Table3[[#This Row],[GWh/d '[capacity map']]:[GWh/d '[transparency map']]])*365 -> 52560 | G46: =F46/1000 -> 52.56
A47: FI | B47: EE | E47: 32.80225 | F47: =MIN(Table3[[#This Row],[GWh/d '[capacity map']]:[GWh/d '[transparency map']]])*365 -> 11972.821 | G47: =F47/1000 -> 11.972821
A48: FR | B48: BE | C48: 270 | F48: =MIN(Table3[[#This Row],[GWh/d '[capacity map']]:[GWh/d '[transparency map']]])*365 -> 98550 | G48: =F48/1000 -> 98.55
A49: FR | B49: CH | C49: 223 | F49: =MIN(Table3[[#This Row],[GWh/d '[capacity map']]:[GWh/d '[transparency map']]])*365 -> 81395 | G49: =F49/1000 -> 81.395
A50: FR | B50: ES | C50: 164.572 | F50: =MIN(Table3[[#This Row],[GWh/d '[capacity map']]:[GWh/d '[transparency map']]])*365 -> 60068.78 | G50: =F50/1000 -> 60.06878
A51: HR | B51: HU | C51: 48.57 | F51: =MIN(Table3[[#This Row],[GWh/d '[capacity map']]:[GWh/d '[transparency map']]])*365 -> 17728.05 | G51: =F51/1000 -> 17.72805
A52: HR | B52: SI | C52: 7.7 | F52: =MIN(Table3[[#This Row],[GWh/d '[capacity map']]:[GWh/d '[transparency map']]])*365 -> 2810.5 | G52: =F52/1000 -> 2.8105
A53: HU | B53: HR | C53: 77.4 | F53: =MIN(Table3[[#This Row],[GWh/d '[capacity map']]:[GWh/d '[transparency map']]])*365 -> 28251 | G53: =F53/1000 -> 28.251
A54: HU | B54: RO | C54: 77.5 | F54: =MIN(Table3[[#This Row],[GWh/d '[capacity map']]:[GWh/d '[transparency map']]])*365 -> 28287.5 | G54: =F54/1000 -> 28.2875
A55: HU | B55: RS | C55: 142 | D55: 142 | F55: =MIN(Table3[[#This Row],[GWh/d '[capacity map']]:[GWh/d '[transparency map']]])*365 -> 51830 | G55: =F55/1000 -> 51.83
A56: HU | B56: SK | C56: 50.883 | F56: =MIN(Table3[[#This Row],[GWh/d '[capacity map']]:[GWh/d '[transparency map']]])*365 -> 18572.295 | G56: =F56/1000 -> 18.572295
A57: IT | B57: AT | C57: 193.5 | F57: =MIN(Table3[[#This Row],[GWh/d '[capacity map']]:[GWh/d '[transparency map']]])*365 -> 70627.5 | G57: =F57/1000 -> 70.6275
A58: IT | B58: CH | C58: 431.4 | F58: =MIN(Table3[[#This Row],[GWh/d '[capacity map']]:[GWh/d '[transparency map']]])*365 -> 157461 | G58: =F58/1000 -> 157.461
A59: IT | B59: SI | C59: 28.5 | F59: =MIN(Table3[[#This Row],[GWh/d '[capacity map']]:[GWh/d '[transparency map']]])*365 -> 10402.5 | G59: =F59/1000 -> 10.4025
A60: LT | B60: LV | C60: 67.6 | F60: =MIN(Table3[[#This Row],[GWh/d '[capacity map']]:[GWh/d '[transparency map']]])*365 -> 24674 | G60: =F60/1000 -> 24.674
A61: LT | B61: RU | C61: 114.2 | F61: =MIN(Table3[[#This Row],[GWh/d '[capacity map']]:[GWh/d '[transparency map']]])*365 -> 41683 | G61: =F61/1000 -> 41.683
A62: LU | B62: BE | E62: 41.973542 | F62: =MIN(Table3[[#This Row],[GWh/d '[capacity map']]:[GWh/d '[transparency map']]])*365 -> 15320.343 | G62: =F62/1000 -> 15.320343
A63: LV | B63: EE | E63: 67.7 | F63: =MIN(Table3[[#This Row],[GWh/d '[capacity map']]:[GWh/d '[transparency map']]])*365 -> 24710.5 | G63: =F63/1000 -> 24.7105
A64: LV | B64: LT | C64: 65.1 | F64: =MIN(Table3[[#This Row],[GWh/d '[capacity map']]:[GWh/d '[transparency map']]])*365 -> 23761.5 | G64: =F64/1000 -> 23.7615
A65: LV | B65: RU | C65: 85 | D65: 118 | F65: =MIN(Table3[[#This Row],[GWh/d '[capacity map']]:[GWh/d '[transparency map']]])*365 -> 31025 | G65: =F65/1000 -> 31.025
A66: LY | B66: IT | C66: 475.8 | D66: 493.7 | F66: =MIN(Table3[[#This Row],[GWh/d '[capacity map']]:[GWh/d '[transparency map']]])*365 -> 173667 | G66: =F66/1000 -> 173.667
A67: MA | B67: ES | D67: 442.8 | F67: =MIN(Table3[[#This Row],[GWh/d '[capacity map']]:[GWh/d '[transparency map']]])*365 -> 161622 | G67: =F67/1000 -> 161.622
A68: MD | B68: RO | C68: 2.2 | F68: =MIN(Table3[[#This Row],[GWh/d '[capacity map']]:[GWh/d '[transparency map']]])*365 -> 803 | G68: =F68/1000 -> 0.803
A69: MD | B69: UA | E69: 80.846504 | F69: =MIN(Table3[[#This Row],[GWh/d '[capacity map']]:[GWh/d '[transparency map']]])*365 -> 29508.974 | G69: =F69/1000 -> 29.508974
