Workbook

Sheet Sheet1
B1: Commodity | C1: Edge | D1: Flow | E1: Capacity | F1: Share_Used
A2: 0 | B2: Methane | C2: ('BE_LNG', 'BE') | D2: 111.378 | E2: =VLOOKUP(C2,Sheet2!$C$1:$D$149,2,FALSE) -> 111.378 | F2: =D2/E2 -> 1
A3: 1 | B3: Methane | C3: ('FR_LNG', 'FR') | D3: 322.41 | E3: =VLOOKUP(C3,Sheet2!$C$1:$D$149,2,FALSE) -> 322.41 | F3: =D3/E3 -> 1
A4: 2 | B4: Methane | C4: ('GR_LNG', 'GR') | D4: 73.275 | E4: =VLOOKUP(C4,Sheet2!$C$1:$D$149,2,FALSE) -> 73.275 | F4: =D4/E4 -> 1
A5: 3 | B5: Methane | C5: ('IT_LNG', 'IT') | D5: 155.8315 | E5: =VLOOKUP(C5,Sheet2!$C$1:$D$149,2,FALSE) -> 155.8315 | F5: =D5/E5 -> 1
A6: 4 | B6: Methane | C6: ('HR_LNG', 'HR') | D6: 25.402 | E6: =VLOOKUP(C6,Sheet2!$C$1:$D$149,2,FALSE) -> 25.402 | F6: =D6/E6 -> 1
A7: 5 | B7: Methane | C7: ('LT_LNG', 'LT') | D7: 39.08 | E7: =VLOOKUP(C7,Sheet2!$C$1:$D$149,2,FALSE) -> 39.08 | F7: =D7/E7 -> 1
A8: 6 | B8: Methane | C8: ('NL_LNG', 'NL') | D8: 122.125 | E8: =VLOOKUP(C8,Sheet2!$C$1:$D$149,2,FALSE) -> 122.125 | F8: =D8/E8 -> 1
A9: 7 | B9: Methane | C9: ('PL_LNG', 'PL') | D9: 60.574 | E9: =VLOOKUP(C9,Sheet2!$C$1:$D$149,2,FALSE) -> 60.574 | F9: =D9/E9 -> 1
A10: 8 | B10: Methane | C10: ('PT_LNG', 'PT') | D10: 58.62 | E10: =VLOOKUP(C10,Sheet2!$C$1:$D$149,2,FALSE) -> 74.252 | F10: =D10/E10 -> 0.78947368
A11: 9 | B11: Methane | C11: ('ES_LNG', 'ES') | D11: 398.454 | E11: =VLOOKUP(C11,Sheet2!$C$1:$D$149,2,FALSE) -> 655.567 | F11: =D11/E11 -> 0.60780058
A12: 10 | B12: Methane | C12: ('TR_LNG', 'TR') | D12: 425.972 | E12: =VLOOKUP(C12,Sheet2!$C$1:$D$149,2,FALSE) -> 425.972 | F12: =D12/E12 -> 1
A13: 11 | B13: Methane | C13: ('UK_LNG', 'UK') | D13: 425.48234 | E13: =VLOOKUP(C13,Sheet2!$C$1:$D$149,2,FALSE) -> 510.971 | F13: =D13/E13 -> 0.83269371
... A149: 147 | B149: Methane | C149: ('ES_Prod', 'ES') | D149: 0 | E149: =VLOOKUP(C149,Sheet2!$C$1:$D$149,2,FALSE) -> 10000 | F149: =D149/E149 -> 0

Sheet Sheet2
A1: BE_LNG | B1: BE | C1: =_xlfn.CONCAT("('",A1,"', '",B1,"')") -> ('BE_LNG', 'BE') | D1: 111.378 | F1: ('BE_LNG', 'BE') | H1: =EXACT(C1,F1) -> TRUE | J1: ('BE_LNG','BE') | L1: =EXACT(F1,J1) -> FALSE | M1: =EXACT(C1,J1) -> FALSE
A2: FR_LNG | B2: FR | C2: =_xlfn.CONCAT("('",A2,"', '",B2,"')") -> ('FR_LNG', 'FR') | D2: 322.41
A3: GR_LNG | B3: GR | C3: =_xlfn.CONCAT("('",A3,"', '",B3,"')") -> ('GR_LNG', 'GR') | D3: 73.275
A4: IT_LNG | B4: IT | C4: =_xlfn.CONCAT("('",A4,"', '",B4,"')") -> ('IT_LNG', 'IT') | D4: 155.8315
A5: HR_LNG | B5: HR | C5: =_xlfn.CONCAT("('",A5,"', '",B5,"')") -> ('HR_LNG', 'HR') | D5: 25.402
A6: LT_LNG | B6: LT | C6: =_xlfn.CONCAT("('",A6,"', '",B6,"')") -> ('LT_LNG', 'LT') | D6: 39.08
A7: NL_LNG | B7: NL | C7: =_xlfn.CONCAT("('",A7,"', '",B7,"')") -> ('NL_LNG', 'NL') | D7: 122.125
A8: PL_LNG | B8: PL | C8: =_xlfn.CONCAT("('",A8,"', '",B8,"')") -> ('PL_LNG', 'PL') | D8: 60.574
A9: PT_LNG | B9: PT | C9: =_xlfn.CONCAT("('",A9,"', '",B9,"')") -> ('PT_LNG', 'PT') | D9: 74.252
A10: ES_LNG | B10: ES | C10: =_xlfn.CONCAT("('",A10,"', '",B10,"')") -> ('ES_LNG', 'ES') | D10: 655.567
A11: TR_LNG | B11: TR | C11: =_xlfn.CONCAT("('",A11,"', '",B11,"')") -> ('TR_LNG', 'TR') | D11: 425.972
A12: UK_LNG | B12: UK | C12: =_xlfn.CONCAT("('",A12,"', '",B12,"')") -> ('UK_LNG', 'UK') | D12: 510.971
A13: EE_LNG | B13: EE | C13: =_xlfn.CONCAT("('",A13,"', '",B13,"')") -> ('EE_LNG', 'EE') | D13: 24.425
... A149: LV | B149: EE | C149: =_xlfn.CONCAT("('",A149,"', '",B149,"')") -> ('LV', 'EE') | D149: 24.425
