Workbook

Sheet Raw
A1: Column1 | B1: Commodity | C1: Edge | D1: Flow (GWh) | E1: Share
A2: 129 | B2: Methane | C2: AF', 'AF_LNG_exp' | D2: 361199.6 | E2: 0.036119964
A3: 314 | B3: Methane | C3: AF_LNG_exp', 'AS_LNG_imp' | D3: 0 | E3: 0
A4: 163 | B4: Methane | C4: AF_LNG_exp', 'BE_LNG_imp' | D4: 0 | E4: 0
A5: 177 | B5: Methane | C5: AF_LNG_exp', 'CN_LNG_imp' | D5: 0 | E5: 0
A6: 296 | B6: Methane | C6: AF_LNG_exp', 'EG_LNG_imp' | D6: 0 | E6: 0
A7: 241 | B7: Methane | C7: AF_LNG_exp', 'EL_LNG_imp' | D7: 0 | E7: 0
A8: 229 | B8: Methane | C8: AF_LNG_exp', 'ES_LNG_imp' | D8: 356106.02 | E8: 0.035610605
A9: 201 | B9: Methane | C9: AF_LNG_exp', 'FR_LNG_imp' | D9: 0 | E9: 0
A10: 299 | B10: Methane | C10: AF_LNG_exp', 'HR_LNG_imp' | D10: 0 | E10: 0
A11: 198 | B11: Methane | C11: AF_LNG_exp', 'IN_LNG_imp' | D11: 0 | E11: 0
A12: 176 | B12: Methane | C12: AF_LNG_exp', 'IT_LNG_imp' | D12: 0 | E12: 0
A13: 167 | B13: Methane | C13: AF_LNG_exp', 'JS_LNG_imp' | D13: 0 | E13: 0
... A372: 355 | B372: Methane | C372: USA_Prod', 'USA' | D372: 9035422.3 | E372: 0.90354232

Sheet Network_use_over_90%
A1: Edge | B1: Flow (GWh) | C1: Share
A2: BE', 'DE' | B2: 117811.05 | C2: 1
A3: BE_LNG_imp', 'BE' | B3: 111378 | C3: 1
A4: BG', 'RO' | B4: 54074.75 | C4: 1
A5: CR', 'TR' | B5: 293100 | C5: 1
A6: DE', 'PL' | B6: 85227.5 | C6: 1
A7: EL_LNG_imp', 'EL' | B7: 73275 | C7: 1
A8: ES', 'FR' | B8: 81906 | C8: 1
A9: FR_LNG_imp', 'FR' | B9: 322410 | C9: 1
A10: HR_LNG_imp', 'HR' | B10: 25402 | C10: 1
A11: IT_LNG_imp', 'IT' | B11: 155831.5 | C11: 1
A12: LT_LNG_imp', 'LT' | B12: 39080 | C12: 1
A13: NL_LNG_imp', 'NL' | B13: 122125 | C13: 1
... A28: USA_Prod', 'USA' | B28: 9035422.3 | C28: 0.90354232

Sheet LNG_Import_use
A1: Edge | B1: Flow (GWh) | C1: Share
A2: EL_LNG_imp', 'EL' | B2: =VLOOKUP(LNG_Import_use!$A2,Raw!$C$3:$E$372,2,FALSE) -> 73275 | C2: =VLOOKUP(LNG_Import_use!$A2,Raw!$C$3:$E$372,3,FALSE) -> 1
A3: IT_LNG_imp', 'IT' | B3: =VLOOKUP(LNG_Import_use!$A3,Raw!$C$3:$E$372,2,FALSE) -> 155831.5 | C3: =VLOOKUP(LNG_Import_use!$A3,Raw!$C$3:$E$372,3,FALSE) -> 1
A4: BE_LNG_imp', 'BE' | B4: =VLOOKUP(LNG_Import_use!$A4,Raw!$C$3:$E$372,2,FALSE) -> 111378 | C4: =VLOOKUP(LNG_Import_use!$A4,Raw!$C$3:$E$372,3,FALSE) -> 1
A5: TR_LNG_imp', 'TR' | B5: =VLOOKUP(LNG_Import_use!$A5,Raw!$C$3:$E$372,2,FALSE) -> 425972 | C5: =VLOOKUP(LNG_Import_use!$A5,Raw!$C$3:$E$372,3,FALSE) -> 1
A6: ES_LNG_imp', 'ES' | B6: =VLOOKUP(LNG_Import_use!$A6,Raw!$C$3:$E$372,2,FALSE) -> 398886.14 | C6: =VLOOKUP(LNG_Import_use!$A6,Raw!$C$3:$E$372,3,FALSE) -> 0.60845975
A7: HR_LNG_imp', 'HR' | B7: =VLOOKUP(LNG_Import_use!$A7,Raw!$C$3:$E$372,2,FALSE) -> 25402 | C7: =VLOOKUP(LNG_Import_use!$A7,Raw!$C$3:$E$372,3,FALSE) -> 1
A8: PL_LNG_imp', 'PL' | B8: =VLOOKUP(LNG_Import_use!$A8,Raw!$C$3:$E$372,2,FALSE) -> 60574 | C8: =VLOOKUP(LNG_Import_use!$A8,Raw!$C$3:$E$372,3,FALSE) -> 1
A9: UK_LNG_imp', 'UK' | B9: =VLOOKUP(LNG_Import_use!$A9,Raw!$C$3:$E$372,2,FALSE) -> 510971 | C9: =VLOOKUP(LNG_Import_use!$A9,Raw!$C$3:$E$372,3,FALSE) -> 1
A10: LT_LNG_imp', 'LT' | B10: =VLOOKUP(LNG_Import_use!$A10,Raw!$C$3:$E$372,2,FALSE) -> 39080 | C10: =VLOOKUP(LNG_Import_use!$A10,Raw!$C$3:$E$372,3,FALSE) -> 1
A11: NL_LNG_imp', 'NL' | B11: =VLOOKUP(LNG_Import_use!$A11,Raw!$C$3:$E$372,2,FALSE) -> 122125 | C11: =VLOOKUP(LNG_Import_use!$A11,Raw!$C$3:$E$372,3,FALSE) -> 1
A12: FR_LNG_imp', 'FR' | B12: =VLOOKUP(LNG_Import_use!$A12,Raw!$C$3:$E$372,2,FALSE) -> 322410 | C12: =VLOOKUP(LNG_Import_use!$A12,Raw!$C$3:$E$372,3,FALSE) -> 1
A13: PT_LNG_imp', 'PT' | B13: =VLOOKUP(LNG_Import_use!$A13,Raw!$C$3:$E$372,2,FALSE) -> 58978.164 | C13: =VLOOKUP(LNG_Import_use!$A13,Raw!$C$3:$E$372,3,FALSE) -> 0.79429732
A14: TR_LNG_imp', 'TR' | B14: =VLOOKUP(LNG_Import_use!$A14,Raw!$C$3:$E$372,2,FALSE) -> 425972 | C14: =VLOOKUP(LNG_Import_use!$A14,Raw!$C$3:$E$372,3,FALSE) -> 1

Sheet LNG_Sources
A1: Edge | B1: Flow (GWh) | D1: Region | E1: Flow (GWh)
A2: AF_LNG_exp', 'ES_LNG_imp' | B2: =SUMIFS(Raw!$D$2:$D$371,Raw!$C$2:$C$371,"*"&LNG_Sources!$A2&"*") -> 356106.02 | D2: AF | E2: =SUMIF(Table6[Edge],"*AF*",Table6[Flow (GWh)]) -> 361199.6
A3: AF_LNG_exp', 'PT_LNG_imp' | B3: =SUMIFS(Raw!$D$2:$D$371,Raw!$C$2:$C$371,"*"&LNG_Sources!$A3&"*") -> 5093.5871 | D3: EG | E3: =SUMIF(Table6[Edge],"*EG*",Table6[Flow (GWh)]) -> 1536.3353
A4: EG_LNG_exp', 'FR_LNG_imp' | B4: =SUMIFS(Raw!$D$2:$D$371,Raw!$C$2:$C$371,"*"&LNG_Sources!$A4&"*") -> 1536.3353 | D4: QA | E4: =SUMIF(Table6[Edge],"*QA*",Table6[Flow (GWh)]) -> 1044134.3
A5: QA_LNG_exp', 'EL_LNG_imp' | B5: =SUMIFS(Raw!$D$2:$D$371,Raw!$C$2:$C$371,"*"&LNG_Sources!$A5&"*") -> 73275 | D5: TT | E5: =SUMIF(Table6[Edge],"*TT*",Table6[Flow (GWh)]) -> 78639.565
A6: QA_LNG_exp', 'ES_LNG_imp' | B6: =SUMIFS(Raw!$D$2:$D$371,Raw!$C$2:$C$371,"*"&LNG_Sources!$A6&"*") -> 42780.121 | D6: USA | E6: =SUMIF(Table6[Edge],"*USA*",Table6[Flow (GWh)]) -> 819373.01
A7: QA_LNG_exp', 'FR_LNG_imp' | B7: =SUMIFS(Raw!$D$2:$D$371,Raw!$C$2:$C$371,"*"&LNG_Sources!$A7&"*") -> 320873.66
A8: QA_LNG_exp', 'HR_LNG_imp' | B8: =SUMIFS(Raw!$D$2:$D$371,Raw!$C$2:$C$371,"*"&LNG_Sources!$A8&"*") -> 25402
A9: QA_LNG_exp', 'IT_LNG_imp' | B9: =SUMIFS(Raw!$D$2:$D$371,Raw!$C$2:$C$371,"*"&LNG_Sources!$A9&"*") -> 155831.5
A10: QA_LNG_exp', 'TR_LNG_imp' | B10: =SUMIFS(Raw!$D$2:$D$371,Raw!$C$2:$C$371,"*"&LNG_Sources!$A10&"*") -> 425972
A11: TT_LNG_exp', 'BE_LNG_imp' | B11: =SUMIFS(Raw!$D$2:$D$371,Raw!$C$2:$C$371,"*"&LNG_Sources!$A11&"*") -> 24754.988
A12: TT_LNG_exp', 'PT_LNG_imp' | B12: =SUMIFS(Raw!$D$2:$D$371,Raw!$C$2:$C$371,"*"&LNG_Sources!$A12&"*") -> 53884.577
A13: USA_LNG_exp', 'BE_LNG_imp' | B13: =SUMIFS(Raw!$D$2:$D$371,Raw!$C$2:$C$371,"*"&LNG_Sources!$A13&"*") -> 86623.012
A14: USA_LNG_exp', 'LT_LNG_imp' | B14: =SUMIFS(Raw!$D$2:$D$371,Raw!$C$2:$C$371,"*"&LNG_Sources!$A14&"*") -> 39080
A15: USA_LNG_exp', 'NL_LNG_imp' | B15: =SUMIFS(Raw!$D$2:$D$371,Raw!$C$2:$C$371,"*"&LNG_Sources!$A15&"*") -> 122125
A16: USA_LNG_exp', 'PL_LNG_imp' | B16: =SUMIFS(Raw!$D$2:$D$371,Raw!$C$2:$C$371,"*"&LNG_Sources!$A16&"*") -> 60574
A17: USA_LNG_exp', 'UK_LNG_imp' | B17: =SUMIFS(Raw!$D$2:$D$371,Raw!$C$2:$C$371,"*"&LNG_Sources!$A17&"*") -> 510971

Sheet Russian_Supply_Europe
A1: Edge | B1: Flow (GWh)
A2: RU', 'BY' | B2: =VLOOKUP($A2,Raw!$C$3:$E$372,2,FALSE) -> 173427.36
A3: RU', 'CN' | B3: =VLOOKUP($A3,Raw!$C$3:$E$372,2,FALSE) -> 371260
A4: RU', 'CR' | B4: =VLOOKUP($A4,Raw!$C$3:$E$372,2,FALSE) -> 0
A5: RU', 'DE' | B5: =VLOOKUP($A5,Raw!$C$3:$E$372,2,FALSE) -> 0
A6: RU', 'FI' | B6: =VLOOKUP($A6,Raw!$C$3:$E$372,2,FALSE) -> 18910.099
A7: RU', 'LV' | B7: =VLOOKUP($A7,Raw!$C$3:$E$372,2,FALSE) -> 0
A8: RU', 'RU_LNG_exp' | B8: =VLOOKUP($A8,Raw!$C$3:$E$372,2,FALSE) -> 1459821.8
A9: RU', 'TR' | B9: =VLOOKUP($A9,Raw!$C$3:$E$372,2,FALSE) -> 0
A10: RU', 'UA' | B10: =VLOOKUP($A10,Raw!$C$3:$E$372,2,FALSE) -> 76771.668
A11: RU_LNG_exp', 'AF_LNG_imp' | B11: =VLOOKUP($A11,Raw!$C$3:$E$372,2,FALSE) -> 0
A12: RU_LNG_exp', 'AS_LNG_imp' | B12: =VLOOKUP($A12,Raw!$C$3:$E$372,2,FALSE) -> 0
A13: RU_LNG_exp', 'BE_LNG_imp' | B13: =VLOOKUP($A13,Raw!$C$3:$E$372,2,FALSE) -> 0
... A33: BY', 'LT' | B33: =VLOOKUP($A33,Raw!$C$3:$E$372,2,FALSE) -> 0
