Workbook
Name Beschriftung: OFFSET([1]Daten!$B$10,0,0,COUNTA([1]Daten!$B$10:$B$24),-1)
Name Beschriftung2: OFFSET(#REF!,0,0,COUNTA(#REF!),-1)
Name CRF_CountryName: [2]Sheet1!$C$4
Name CRF_InventoryYear: [2]Sheet1!$C$6
Name CRF_Submission: [2]Sheet1!$C$30
Name CRF_Table10s5_Main1: #REF!
Name CRF_Table10s5_Main2: #REF!
Name CRF_Table3.A_D_Doc: '[2]Table3.A-D'!#REF!
Name Daten01: OFFSET([1]Daten!$C$10,0,0,COUNTA([1]Daten!$C$10:$C$24),-1)
Name Daten02: OFFSET([1]Daten!$D$10,0,0,COUNTA([1]Daten!$D$10:$D$24),-1)
Name Daten03: OFFSET([1]Daten!$E$10,0,0,COUNTA([1]Daten!$E$10:$E$24),-1)
Name Daten04: OFFSET([1]Daten!$F$10,0,0,COUNTA([1]Daten!$F$10:$F$24),-1)
Name Daten05: OFFSET([1]Daten!$G$10,0,0,COUNTA([1]Daten!$G$10:$G$24),-1)
Name Daten06: OFFSET([1]Daten!$H$10,0,0,COUNTA([1]Daten!$H$10:$H$24),-1)
Name Daten07: OFFSET([1]Daten!$I$10,0,0,COUNTA([1]Daten!$I$10:$I$24),-1)
Name Daten08: OFFSET([1]Daten!$J$10,0,0,COUNTA([1]Daten!$J$10:$J$24),-1)
Name Daten09: OFFSET([1]Daten!$K$10,0,0,COUNTA([1]Daten!$K$10:$K$24),-1)
Name Daten10: OFFSET([1]Daten!$L$10,0,0,COUNTA([1]Daten!$L$10:$L$24),-1)

Sheet Overview
A1: Overview Input Data for Optimization
B4: 2045 | D4: 2045
B5: Peak hour | D5: Annual Demand | E5: Percentage | J5: TXT | K5: Input
A6: Industry | B6: MWh/h | D6: TWh/a | F6: Äquivalence in dena | J6: TXT | K6: Referenced from other sheet
A7: Refineries | B7: =Refineries!B6 -> 0 | D7: =E71 -> 0 | F7: - | J7: TXT | K7: Hardcoded data
A8: Chemicals | B8: =Chemicals!B6 -> 9589 | D8: =SUM(E69,E70) -> 82 | E8: =D8/$D$28 -> 0.17864924 | F8: Chemie
A9: Steel | B9: =Steel!B6 -> 8562 | D9: =SUM(E67,E68) -> 75 | E9: =D9/$D$28 -> 0.16339869 | F9: Stahl & EisenMetalle
A10: Paper | B10: =Paper!B6 -> 223 | D10: =E64 -> 2 | E10: =D10/$D$28 -> 0.0043572985 | F10: Papier
A11: Mineral Processing | B11: =Mineral_Processing!B6 -> 1256 | D11: =E62 -> 11 | E11: =D11/$D$28 -> 0.023965142 | F11: Steine & Erden
A12: Metal Processing | B12: =Metal_Processing!B6 -> 456 | D12: =E65 -> 4 | E12: =D12/$D$28 -> 0.0087145969 | F12: Nichteisenmetalle
A13: Non Metallic Minerals | B13: =Non_Metallic_Minerals!B6 -> 226 | D13: =E66 -> 2 | E13: =D13/$D$28 -> 0.0043572985 | F13: Glas & Keramik
A14: Other Industry | B14: =Other_Industry!B4 -> 1598 | D14: =E63 -> 14 | E14: =D14/$D$28 -> 0.030501089 | F14: Sonstige Industrie
D15: =SUM(D7:D14) -> 190 | E15: =D15/$D$28 -> 0.41394336
A16: Heat & Power
A17: Residential Heat | B17: ='Residential Heat '!B7 -> 21603 | D17: =F81 -> 79 | E17: =D17/$D$28 -> 0.17211329
A18: District Heat & Power | B18: ='District Heat'!B8 -> 36098 | D18: =F121+F97+39 -> 132 | E18: =D18/$D$28 -> 0.2875817
D19: =SUM(D17:D18) -> 211 | E19: =D19/$D$28 -> 0.45969499
A20: Mobility
A21: Passenger | B21: =Passenger!B7 -> 2062 | D21: =F47 -> 6 | E21: =D21/$D$28 -> 0.013071895
A22: Air | B22: =Air!B6 -> 342 | D22: =F48 -> 3 | E22: =D22/$D$28 -> 0.0065359477
A23: Train | B23: =Train!B5 -> 348 | D23: =F49 -> 3 | E23: =D23/$D$28 -> 0.0065359477
A24: Public | B24: =Public!B6 -> 199 | D24: =F51 -> 2 | E24: =D24/$D$28 -> 0.0043572985
A25: Long distance | B25: =Trucks!B6 -> 5040 | D25: =SUM(F52:F54) -> 44 | E25: =D25/$D$28 -> 0.095860566
D26: 58 | E26: =D26/$D$28 -> 0.12636166
A28: Demand | B28: =SUM(B7:B25) -> 87602 | D28: =SUM(D7:D25)-D15-D19 -> 459
A30: Storage | B30: =Storage!B3 -> -30627
A32: Production
A33: Domestic Wasserstoffatlas | B33: =Electrolyser_Wasserstoffatlas!B6 -> 5700 | D33: =E146 -> 60
A34: Domestic Industry | B34: =Industry_Electrolyser!B15 -> 5689 | E34: =D33/$D$37 -> 0.13071895
A35: LH2 | B35: ='LH2'!B5 -> 11003 | D35: =E156 -> 96.39 | E35: =D35/$D$37 -> 0.21
A36: IC | B36: =IC!B5 -> 34583 | D36: =E159 -> 302.61 | E36: =D36/$D$37 -> 0.65928105
A37: Supply | B37: =B33+B34+B35+B36 -> 56975 | D37: =SUM(D33:D36) -> 459
A39: Balance | B39: =B28-B37+B30 -> 0
A40: Ratio Demand/Supply | D40: =D28/D37 -> 1
A43: Dena Input Data
A44: Mobility
A45: Abbildung 24: Wasserstoffbedarf nach Verkehrsträgern
A46: TWh | B46: 2018 | C46: 2030 | D46: 2035 | E46: 2040 | F46: 2045 | G46: 2050
A47: PKW | B47: 0 | C47: 0 | D47: 2 | E47: 4 | F47: 6 | G47: 7
A48: Luft | B48: 0 | C48: 0 | D48: 1 | E48: 2 | F48: 3 | G48: 3
A49: Schiene | B49: 0 | C49: 1 | D49: 2 | E49: 2 | F49: 3 | G49: 3
A50: Schiff | B50: 0 | C50: 0 | D50: 0 | E50: 0 | F50: 0 | G50: 0
A51: ÖSPV | B51: 0 | C51: 1 | D51: 1 | E51: 2 | F51: 2 | G51: 3
A52: LNF | B52: 0 | C52: 0 | D52: 1 | E52: 2 | F52: 3 | G52: 4
A53: LKW (3,5-12t) | B53: 0 | C53: 0 | D53: 2 | E53: 3 | F53: 6 | G53: 9
A54: LKW (>12t) | B54: 0 | C54: 3 | D54: 11 | E54: 22 | F54: 35 | G54: 46
A56: Gesamt | B56: 0 | C56: 6 | D56: 19 | E56: 37 | F56: 59 | G56: 75
A57: Quelle (historische Daten): AGEB (2020)
A59: Industry
A60: Abbildung 42: Energetischer und nichtenergetischer Verbrauch von CO2-armem Wasserstoff nach Industriebranchen
A61: TWh | B61: 2030 | C61: 2035 | D61: 2040 | E61: 2045 | F61: 2050
A62: Steine & Erden | B62: 5 | C62: 7 | D62: 9 | E62: 11 | F62: 11
A63: Sonstige Industrie | B63: 2 | C63: 7 | D63: 12 | E63: 14 | F63: 15
A64: Papier | B64: 2 | C64: 2 | D64: 2 | E64: 2 | F64: 2
A65: Nichteisenmetalle | B65: 1 | C65: 2 | D65: 3 | E65: 4 | F65: 5
A66: Glas & Keramik | B66: 0 | C66: 1 | D66: 2 | E66: 2 | F66: 2
A67: Eisen & Stahl (nichtenerg.) | B67: 17 | C67: 26 | D67: 35 | E67: 43 | F67: 42
A68: Eisen & Stahl | B68: 9 | C68: 12 | D68: 17 | E68: 32 | F68: 31
A69: Chemie (nichtenerg.) | B69: 11 | C69: 27 | D69: 42 | E69: 59 | F69: 58
A70: Chemie | B70: 4 | C70: 11 | D70: 18 | E70: 23 | F70: 26
A71: Raffinerien | E71: 0 | G71: Added
A72: Gesamt | B72: 52 | C72: 94 | D72: 138 | E72: 190 | F72: 192
E73: =SUM(E62:E70) -> 190
A75: Heat
A76: Abbildung 56: Endenergieverbrauch im Gebäudesektor nach Energieträger
A77: TWh | B77: 2018 | C77: 2030 | D77: 2035 | E77: 2040 | F77: 2045
A78: Kohle | B78: 6 | C78: 0 | D78: 0 | E78: 0 | F78: 0
A79: Öle | B79: 177 | C79: 87 | D79: 43 | E79: 16 | F79: 11
A80: Gase (methanbasiert) | B80: 378 | C80: 245 | D80: 170 | E80: 101 | F80: 40
A81: Wasserstoff | B81: 0 | C81: 5 | D81: 20 | E81: 45 | F81: 79
A82: Strom | B82: 276 | C82: 298 | D82: 309 | E82: 309 | F82: 303
A83: Biomasse (fest) | B83: 89 | C83: 96 | D83: 96 | E83: 94 | F83: 90
A84: Fernwärme | B84: 56 | C84: 58 | D84: 56 | E84: 53 | F84: 48
A85: Sonstige | B85: 23 | C85: 0 | D85: 0 | E85: 0 | F85: 0
A87: Gesamt | B87: 1005.3 | C87: 788.60658 | D87: 693.42443 | E87: 618.68497 | F87: 571.20196
A88: Quelle (historische Daten): AGEB (2020)
A90: Power
A91: Abbildung 62: Nettostromerzeugung nach Energieträgern
A92: TWh | B92: 2019 | C92: 2030 | D92: 2035 | E92: 2040 | F92: 2045 | G92: 2050
A93: Kernenergie | B93: 71 | C93: 0 | D93: 0 | E93: 0 | F93: 0 | G93: 0
A94: Braunkohle | B94: 105 | C94: 5 | D94: 0 | E94: 0 | F94: 0 | G94: 0
A95: Steinkohle | B95: 52 | C95: 11 | D95: 2 | E95: 0 | F95: 0 | G95: 0
A96: Gase (methanbasiert inkl. Biomethan) | B96: 87 | C96: 137 | D96: 94 | E96: 32 | F96: 3 | G96: 0
A97: Wasserstoff | B97: 0 | C97: 0 | D97: 0 | E97: 28 | F97: 65 | G97: 63
A98: Sonstige Konv. | B98: 14 | C98: 0 | D98: 0 | E98: 0 | F98: 0 | G98: 0
A99: Abfall | B99: 9 | C99: 5 | D99: 2 | E99: 1 | F99: 1 | G99: 1
A100: Wind Offshore | B100: 24 | C100: 93 | D100: 140 | E100: 168 | F100: 199 | G100: 215
A101: Wind Onshore | B101: 99 | C101: 216 | D101: 243 | E101: 293 | F101: 303 | G101: 311
A102: Photovoltaik | B102: 46 | C102: 123 | D102: 176 | E102: 219 | F102: 235 | G102: 241
A103: Biomasse (fest und Rohbiogas) | B103: 42 | C103: 24 | D103: 25 | E103: 26 | F103: 21 | G103: 26
A104: Wasserkraft | B104: 20 | C104: 17 | D104: 16 | E104: 16 | F104: 16 | G104: 16
A105: Sonst. Erneuerbare | B105: 0 | C105: 0 | D105: 0 | E105: 0 | F105: 0 | G105: 0
A107: Gesamt | B107: =SUM(B93:B105) -> 569 | C107: =SUM(C93:C105) -> 631 | D107: =SUM(D93:D105) -> 698 | E107: =SUM(E93:E105) -> 783 | F107: =SUM(F93:F105) -> 843 | G107: =SUM(G93:G105) -> 873
A109: Stromhandelsbilanz | B109: -33 | C109: 41 | D109: 45 | E109: 63 | F109: 26 | G109: -7
A111: Gesamt, inkl. Stromhandel | B111: =SUM(B107:B109) -> 536 | C111: =SUM(C107:C109) -> 672 | D111: =SUM(D107:D109) -> 743 | E111: =SUM(E107:E109) -> 846 | F111: =SUM(F107:F109) -> 869 | G111: =SUM(G107:G109) -> 866
A112: Quelle (historische Daten): AGEB (2021b)
A114: District Heat
A115: Abbildung 74: Fernwärmeerzeugung nach Energieträgern
A116: TWh | B116: 2018 | C116: 2030 | D116: 2035 | E116: 2040 | F116: 2045 | G116: 2050
A117: Biomasse (fest und Rohbiogas) | B117: 10 | C117: 11 | D117: 13 | E117: 14 | F117: 14 | G117: 14
...

Sheet Storage
A2: Balance between Demand and Supply in Peak Load Hour [MWh/h] | B2: =Overview!B37-Overview!B28 -> -30627 | C2: Negative - Supply, Positive - Demand | E2: TXT | F2: Input
A3: Balance Rounded | B3: =Table22[[#Totals],[Peak Load '[MWh/h']]] -> -30627 | E3: TXT | F3: Calculation
E4: TXT | F4: Referenced from other sheet
A5: Manually manipulated cells - Roundup | B5: 0 | E5: TXT | F5: Hardcoded data
A8: Country | B8: Concatenate | C8: Country Code | D8: Company code | E8: Facility code | F8: Operator | G8: geometry | H8: Latitude | I8: Longitude | J8: Facility/Location | K8: Status | L8: Investment | M8: Start-up year | N8: Closing year | O8: Type | P8: Notes | Q8: onshore/ offshore | R8: Working gas (technical) TWh | S8: Working gas TPA TWh | T8: Working gas no TPA TWh | U8: Injection technical GWh/day | V8: Injection TPA GWh/day | W8: Injection no TPA GWh/day | X8: Withdrawal technical GWh/day | Y8: Withdrawal TPA GWh/day | Z8: Withdrawal no TPA GWh/day | AA8: Access regime | AB8: in number | AC8: in sum | AD8: EU filter | AE8: GIE | AF8: Normiert Injection | AG8: Normiert Withdrawal2 | AH8: Peak Load [MWh/h] | AI8: Manually Roundup to balance
A9: Germany | B9: DE0101 | C9: DE | D9: 1 | E9: 1 | F9: astora | G9: POINT (7.40786 53.25724) | H9: 53.25724 | I9: 7.40786 | J9: Jemgum | K9: operational | L9: existing | M9: 2013 | O9: Salt cavern | Q9: Onshore | R9: =S9+T9 -> 6.86 | S9: 6.86 | U9: =V9+W9 -> 99.9 | V9: 99.9 | X9: =Y9+Z9 -> 145.8 | Y9: 145.8 | AA9: TPA | AB9: y | AC9: y | AD9: YES | AE9: y | AF9: =Table22[[#This Row],[Injection technical GWh/day]]/Table22[[#Totals],[Injection technical GWh/day]] -> 0.04333433 | AG9: =Table22[[#This Row],[Withdrawal technical GWh/day]]/Table22[[#Totals],[Withdrawal technical GWh/day]] -> 0.031378962 | AH9: =ROUND(IF($B$2>=0,$B$2*Table22[[#This Row],[Normiert Injection]],$B$2*Table22[[#This Row],[Normiert Withdrawal2]]),0) -> -961
A10: Germany | B10: DE0102 | C10: DE | D10: 1 | E10: 2 | F10: astora | G10: POINT (7.40786 53.25724) | H10: 53.25724 | I10: 7.40786 | J10: Jemgum | K10: operational | L10: extension | M10: 2018 | O10: Salt cavern | Q10: Onshore | R10: =S10+T10 -> 1.43 | S10: =8.29-S9 -> 1.43 | U10: =V10+W10 -> 36.23 | V10: =136.13-V9 -> 36.23 | X10: =Y10+Z10 -> 63.45 | Y10: =209.25-Y9 -> 63.45 | AA10: TPA | AB10: n | AC10: y | AD10: YES | AE10: y | AF10: =Table22[[#This Row],[Injection technical GWh/day]]/Table22[[#Totals],[Injection technical GWh/day]] -> 0.015715743 | AG10: =Table22[[#This Row],[Withdrawal technical GWh/day]]/Table22[[#Totals],[Withdrawal technical GWh/day]] -> 0.013655659 | AH10: =ROUND(IF($B$2>=0,$B$2*Table22[[#This Row],[Normiert Injection]],$B$2*Table22[[#This Row],[Normiert Withdrawal2]]),0) -> -418
A11: Germany | B11: =C11&TEXT(D11,"0#")&TEXT(E11,"0#") -> DE0301 | C11: DE | D11: 3 | E11: 1 | F11: Crystal, Friedeburger Speicherbetriebsgesellschaft | G11: POINT (7.91209 53.46106) | H11: 53.746106 | I11: 7.91209 | J11: Etzel Crystal | K11: operational | L11: existing | M11: 2012 | O11: Salt cavern | Q11: Onshore | R11: =S11+T11 -> 2.421 | S11: 2.421 | U11: =V11+W11 -> 54 | V11: =2.25*24 -> 54 | X11: =Y11+Z11 -> 94.08 | Y11: =3.92*24 -> 94.08 | AA11: TPA | AB11: y | AC11: y | AD11: YES | AF11: =Table22[[#This Row],[Injection technical GWh/day]]/Table22[[#Totals],[Injection technical GWh/day]] -> 0.023423962 | AG11: =Table22[[#This Row],[Withdrawal technical GWh/day]]/Table22[[#Totals],[Withdrawal technical GWh/day]] -> 0.020247824 | AH11: =ROUND(IF($B$2>=0,$B$2*Table22[[#This Row],[Normiert Injection]],$B$2*Table22[[#This Row],[Normiert Withdrawal2]]),0) -> -620
A12: Germany | B12: =C12&TEXT(D12,"0#")&TEXT(E12,"0#") -> DE0501 | C12: DE | D12: 5 | E12: 1 | F12: EKB (Etzel-Kavernenbetriebsgesellschaft) | G12: POINT (7.91209 53.46106) | H12: 53.46106 | I12: 7.91209 | J12: Etzel EKB | K12: operational | L12: existing | M12: 2012 | O12: Salt cavern | Q12: Onshore | R12: =S12+T12 -> 11.202 | S12: 11.202 | U12: =V12+W12 -> 122.04 | V12: 122.04 | X12: =Y12+Z12 -> 216.96 | Y12: 216.96 | AA12: TPA | AB12: y | AC12: y | AD12: YES | AF12: =Table22[[#This Row],[Injection technical GWh/day]]/Table22[[#Totals],[Injection technical GWh/day]] -> 0.052938154 | AG12: =Table22[[#This Row],[Withdrawal technical GWh/day]]/Table22[[#Totals],[Withdrawal technical GWh/day]] -> 0.046693961 | AH12: =ROUND(IF($B$2>=0,$B$2*Table22[[#This Row],[Normiert Injection]],$B$2*Table22[[#This Row],[Normiert Withdrawal2]]),0) -> -1430
A13: Germany | B13: =C13&TEXT(D13,"0#")&TEXT(E13,"0#") -> DE0601 | C13: DE | D13: 6 | E13: 1 | F13: EnBW Energie Baden-Württemberg | G13: POINT (7.91209 53.46106) | H13: 53.46106 | I13: 7.91209 | J13: Etzel | K13: operational | L13: existing | M13: 2012 | O13: Salt cavern | Q13: Onshore | R13: =S13+T13 -> 2.32 | S13: 2.32 | U13: =V13+W13 -> 54 | V13: =2250*24/1000 -> 54 | X13: =Y13+Z13 -> 94.08 | Y13: =3920*24/1000 -> 94.08 | AA13: TPA | AB13: y | AC13: y | AD13: YES | AF13: =Table22[[#This Row],[Injection technical GWh/day]]/Table22[[#Totals],[Injection technical GWh/day]] -> 0.023423962 | AG13: =Table22[[#This Row],[Withdrawal technical GWh/day]]/Table22[[#Totals],[Withdrawal technical GWh/day]] -> 0.020247824 | AH13: =ROUND(IF($B$2>=0,$B$2*Table22[[#This Row],[Normiert Injection]],$B$2*Table22[[#This Row],[Normiert Withdrawal2]]),0) -> -620
A14: Germany | B14: =C14&TEXT(D14,"0#")&TEXT(E14,"0#") -> DE0701 | C14: DE | D14: 7 | E14: 1 | F14: Eneco | G14: POINT (7.02868 52.17597) | H14: 52.17597 | I14: 7.02868 | J14: Epe Eneco | K14: operational | L14: existing | M14: 2012 | O14: Salt cavern | Q14: Onshore | R14: =S14+T14 -> 1.4352 | S14: 1.4352 | U14: =V14+W14 -> 46.8 | V14: 46.8 | X14: =Y14+Z14 -> 93.6 | Y14: 93.6 | AA14: TPA | AB14: y | AC14: y | AD14: YES | AF14: =Table22[[#This Row],[Injection technical GWh/day]]/Table22[[#Totals],[Injection technical GWh/day]] -> 0.020300767 | AG14: =Table22[[#This Row],[Withdrawal technical GWh/day]]/Table22[[#Totals],[Withdrawal technical GWh/day]] -> 0.020144519 | AH14: =ROUND(IF($B$2>=0,$B$2*Table22[[#This Row],[Normiert Injection]],$B$2*Table22[[#This Row],[Normiert Withdrawal2]]),0) -> -617
A15: Germany | B15: =C15&TEXT(D15,"0#")&TEXT(E15,"0#") -> DE0901 | C15: DE | D15: 9 | E15: 1 | F15: Erdgasspeicher Peissen | G15: POINT (11.75922 51.75025) | H15: 51.75025 | I15: 11.75922 | J15: Katharina | K15: operational | L15: existing | M15: 2012 | O15: Salt cavern | Q15: Onshore | R15: =S15+T15 -> 5.4315366 | S15: =484.31*11.215/1000 -> 5.4315366 | U15: =V15+W16 -> 135.04 | V15: 135.04 | X15: =Y15+Z16 -> 270.07 | Y15: 270.07 | AA15: TPA | AB15: y | AC15: y | AD15: YES | AF15: =Table22[[#This Row],[Injection technical GWh/day]]/Table22[[#Totals],[Injection technical GWh/day]] -> 0.058577256 | AG15: =Table22[[#This Row],[Withdrawal technical GWh/day]]/Table22[[#Totals],[Withdrawal technical GWh/day]] -> 0.058124253 | AH15: =ROUND(IF($B$2>=0,$B$2*Table22[[#This Row],[Normiert Injection]],$B$2*Table22[[#This Row],[Normiert Withdrawal2]]),0) -> -1780
A16: =A15 -> Germany | B16: =C16&TEXT(D16,"0#")&TEXT(E16,"0#") -> DE0902 | C16: DE | D16: 9 | E16: 2 | F16: =F15 -> Erdgasspeicher Peissen | G16: POINT (11.75922 51.75025) | H16: 51.75025 | I16: 11.75922 | J16: =J15 -> Katharina | K16: planned | L16: extension | M16: 2025 | O16: =O15 -> Salt cavern | Q16: Onshore | R16: =S16+T16 -> 1.2974634 | S16: =600*11.215/1000-S15 -> 1.2974634 | AA16: TPA | AB16: n | AC16: y | AD16: YES | AF16: =Table22[[#This Row],[Injection technical GWh/day]]/Table22[[#Totals],[Injection technical GWh/day]] -> 0 | AG16: =Table22[[#This Row],[Withdrawal technical GWh/day]]/Table22[[#Totals],[Withdrawal technical GWh/day]] -> 0 | AH16: =ROUND(IF($B$2>=0,$B$2*Table22[[#This Row],[Normiert Injection]],$B$2*Table22[[#This Row],[Normiert Withdrawal2]]),0) -> 0
A17: Germany | B17: =C17&TEXT(D17,"0#")&TEXT(E17,"0#") -> DE1001 | C17: DE | D17: 10 | E17: 1 | F17: EWE Gasspeicher | G17: POINT (7.40786 53.25724) | H17: 53.25724 | I17: 7.40786 | J17: EWE-Zone L | K17: operational | L17: existing | M17: 1972 | O17: Salt cavern | Q17: Onshore | R17: =S17+T17 -> 9.1 | S17: 9.1 | U17: =V17+W17 -> 98.78 | V17: 98.78 | X17: =Y17+Z17 -> 258.72 | Y17: 258.72 | AA17: TPA | AB17: y | AC17: y | AD17: YES | AF17: =Table22[[#This Row],[Injection technical GWh/day]]/Table22[[#Totals],[Injection technical GWh/day]] -> 0.042848499 | AG17: =Table22[[#This Row],[Withdrawal technical GWh/day]]/Table22[[#Totals],[Withdrawal technical GWh/day]] -> 0.055681515 | AH17: =ROUND(IF($B$2>=0,$B$2*Table22[[#This Row],[Normiert Injection]],$B$2*Table22[[#This Row],[Normiert Withdrawal2]]),0) -> -1705
A18: Germany | B18: =C18&TEXT(D18,"0#")&TEXT(E18,"0#") -> DE1009 | C18: DE | D18: 10 | E18: 9 | F18: EWE Gasspeicher | G18: POINT (8.40070 53.19426) | H18: 53.19426 | I18: 8.4007 | J18: EWE H-Gas Zone | K18: operational | L18: existing | O18: Salt cavern | R18: =S18+T18 -> 0.81 | S18: 0.81 | U18: =V18+W18 -> 13.8 | V18: 13.8 | X18: =Y18+Z18 -> 27.6 | Y18: 27.6 | AA18: TPA | AB18: y | AC18: y | AD18: YES | AF18: =Table22[[#This Row],[Injection technical GWh/day]]/Table22[[#Totals],[Injection technical GWh/day]] -> 0.0059861236 | AG18: =Table22[[#This Row],[Withdrawal technical GWh/day]]/Table22[[#Totals],[Withdrawal technical GWh/day]] -> 0.0059400503 | AH18: =ROUND(IF($B$2>=0,$B$2*Table22[[#This Row],[Normiert Injection]],$B$2*Table22[[#This Row],[Normiert Withdrawal2]]),0) -> -182
A19: Germany | B19: =C19&TEXT(D19,"0#")&TEXT(E19,"0#") -> DE1002 | C19: DE | D19: 10 | E19: 2 | F19: EWE Gasspeicher | G19: POINT (7.40786 53.25724) | H19: 53.25724 | I19: 7.40786 | J19: Jemgum H | K19: operational | L19: existing | M19: 2013 | O19: Salt cavern | Q19: Onshore | R19: =S19+T19 -> 3.5 | S19: 3.5 | U19: =V19+W19 -> 55.2 | V19: 55.2 | X19: =Y19+Z19 -> 69 | Y19: 69 | AA19: TPA | AB19: y | AC19: y | AD19: YES | AF19: =Table22[[#This Row],[Injection technical GWh/day]]/Table22[[#Totals],[Injection technical GWh/day]] -> 0.023944494 | AG19: =Table22[[#This Row],[Withdrawal technical GWh/day]]/Table22[[#Totals],[Withdrawal technical GWh/day]] -> 0.014850126 | AH19: =ROUND(IF($B$2>=0,$B$2*Table22[[#This Row],[Normiert Injection]],$B$2*Table22[[#This Row],[Normiert Withdrawal2]]),0) -> -455
A20: Germany | B20: =C20&TEXT(D20,"0#")&TEXT(E20,"0#") -> DE1004 | C20: DE | D20: 10 | E20: 4 | F20: EWE Gasspeicher | G20: POINT (7.40786 53.25724) | H20: 53.25724 | I20: 7.40786 | J20: Nüttermoor H-1 | K20: operational | L20: existing | M20: 1979 | O20: Salt cavern | Q20: Onshore | R20: =S20+T20 -> 1.832 | S20: 1.832 | U20: =V20+W20 -> 48.72 | V20: 48.72 | X20: =Y20+Z20 -> 69.6 | Y20: 69.6 | AA20: TPA | AB20: y | AC20: y | AD20: YES | AF20: =Table22[[#This Row],[Injection technical GWh/day]]/Table22[[#Totals],[Injection technical GWh/day]] -> 0.021133619 | AG20: =Table22[[#This Row],[Withdrawal technical GWh/day]]/Table22[[#Totals],[Withdrawal technical GWh/day]] -> 0.014979257 | AH20: =ROUND(IF($B$2>=0,$B$2*Table22[[#This Row],[Normiert Injection]],$B$2*Table22[[#This Row],[Normiert Withdrawal2]]),0) -> -459
A21: Germany | B21: =C21&TEXT(D21,"0#")&TEXT(E21,"0#") -> DE1005 | C21: DE | D21: 10 | E21: 5 | F21: EWE Gasspeicher | G21: POINT (7.40786 53.25724) | H21: 53.25724 | I21: 7.40786 | J21: Nüttermoor H-2 | K21: operational | L21: existing | M21: 1979 | O21: Salt cavern | Q21: Onshore | R21: =S21+T21 -> 1.955 | S21: 1.955 | U21: =V21+W21 -> 24.84 | V21: 24.84 | X21: =Y21+Z21 -> 49.68 | Y21: 49.68 | AA21: TPA | AB21: y | AC21: y | AD21: YES | AF21: =Table22[[#This Row],[Injection technical GWh/day]]/Table22[[#Totals],[Injection technical GWh/day]] -> 0.010775023 | AG21: =Table22[[#This Row],[Withdrawal technical GWh/day]]/Table22[[#Totals],[Withdrawal technical GWh/day]] -> 0.010692091 | AH21: =ROUND(IF($B$2>=0,$B$2*Table22[[#This Row],[Normiert Injection]],$B$2*Table22[[#This Row],[Normiert Withdrawal2]]),0) -> -327
A22: Germany | B22: =C22&TEXT(D22,"0#")&TEXT(E22,"0#") -> DE1006 | C22: DE | D22: 10 | E22: 6 | F22: EWE Gasspeicher | G22: POINT (7.40786 53.25724) | H22: 53.25724 | I22: 7.40786 | J22: Nüttermoor H-3 | K22: operational | L22: existing | M22: 1979 | O22: Salt cavern | Q22: Onshore | R22: =S22+T22 -> 2.69 | S22: 2.69 | U22: =V22+W22 -> 41.04 | V22: 41.04 | X22: =Y22+Z22 -> 82.08 | Y22: 82.08 | AA22: TPA | AB22: y | AC22: y | AD22: YES | AF22: =Table22[[#This Row],[Injection technical GWh/day]]/Table22[[#Totals],[Injection technical GWh/day]] -> 0.017802211 | AG22: =Table22[[#This Row],[Withdrawal technical GWh/day]]/Table22[[#Totals],[Withdrawal technical GWh/day]] -> 0.017665193 | AH22: =ROUND(IF($B$2>=0,$B$2*Table22[[#This Row],[Normiert Injection]],$B$2*Table22[[#This Row],[Normiert Withdrawal2]]),0) -> -541
A23: Germany | B23: =C23&TEXT(D23,"0#")&TEXT(E23,"0#") -> DE1007 | C23: DE | D23: 10 | E23: 7 | F23: EWE Gasspeicher | G23: POINT (7.40786 53.25724) | H23: 53.25724 | I23: 7.40786 | J23: Nüttermoor L | K23: operational | L23: existing | M23: 1979 | O23: Salt cavern | Q23: Onshore | R23: =S23+T23 -> 0.4303 | S23: 0.4303 | U23: =V23+W23 -> 10.58 | V23: 10.58 | X23: =Y23+Z23 -> 23.52 | Y23: 23.52 | AA23: TPA | AB23: y | AC23: y | AD23: YES | AF23: =Table22[[#This Row],[Injection technical GWh/day]]/Table22[[#Totals],[Injection technical GWh/day]] -> 0.0045893614 | AG23: =Table22[[#This Row],[Withdrawal technical GWh/day]]/Table22[[#Totals],[Withdrawal technical GWh/day]] -> 0.0050619559 | AH23: =ROUND(IF($B$2>=0,$B$2*Table22[[#This Row],[Normiert Injection]],$B$2*Table22[[#This Row],[Normiert Withdrawal2]]),0) -> -155
A24: Germany | B24: =C24&TEXT(D24,"0#")&TEXT(E24,"0#") -> DE1008 | C24: DE | D24: 10 | E24: 8 | F24: EWE Gasspeicher | G24: POINT (13.78118 52.48327) | H24: 52.48327 | I24: 13.78118 | J24: Rüdersdorf H | K24: operational | L24: existing | M24: 2007 | O24: Salt cavern | Q24: Onshore | R24: =S24+T24 -> 1.09 | S24: 1.09 | U24: =V24+W24 -> 10.66 | V24: 10.66 | X24: =Y24+Z24 -> 32.76 | Y24: 32.76 | AA24: TPA | AB24: y | AC24: y | AD24: YES | AF24: =Table22[[#This Row],[Injection technical GWh/day]]/Table22[[#Totals],[Injection technical GWh/day]] -> 0.0046240636 | AG24: =Table22[[#This Row],[Withdrawal technical GWh/day]]/Table22[[#Totals],[Withdrawal technical GWh/day]] -> 0.0070505815 | AH24: =ROUND(IF($B$2>=0,$B$2*Table22[[#This Row],[Normiert Injection]],$B$2*Table22[[#This Row],[Normiert Withdrawal2]]),0) -> -216
A25: Germany | B25: =C25&TEXT(D25,"0#")&TEXT(E25,"0#") -> DE1101 | C25: DE | D25: 11 | E25: 1 | F25: Equinor Storage Deutschland | G25: POINT (7.91209 53.46106) | H25: 53.46106 | I25: 7.91209 | J25: Etzel EGL | K25: operational | L25: existing | M25: 1993 | O25: Salt cavern | Q25: Onshore | R25: =S25+T25 -> 2.1851 | S25: 2.1851 | U25: =V25+W25 -> 210.672 | V25: 210.672 | X25: =Y25+Z25 -> 361.152 | Y25: 361.152 | AA25: TPA | AB25: y | AC25: y | AD25: YES | AF25: =Table22[[#This Row],[Injection technical GWh/day]]/Table22[[#Totals],[Injection technical GWh/day]] -> 0.091384684 | AG25: =Table22[[#This Row],[Withdrawal technical GWh/day]]/Table22[[#Totals],[Withdrawal technical GWh/day]] -> 0.07772685 | AH25: =ROUND(IF($B$2>=0,$B$2*Table22[[#This Row],[Normiert Injection]],$B$2*Table22[[#This Row],[Normiert Withdrawal2]]),0) -> -2381
A26: Germany | B26: =C26&TEXT(D26,"0#")&TEXT(E26,"0#") -> DE1201 | C26: DE | D26: 12 | E26: 1 | F26: GHG - Gasspeicher Hannover | G26: POINT (9.65089 52.33962) | H26: 52.33962 | I26: 9.65089 | J26: Empelde | K26: operational | L26: existing | M26: 1982 | O26: Salt cavern | Q26: Onshore | R26: =S26+T26 -> 3.8295 | S26: =333*11.5/1000 -> 3.8295 | U26: =V26+W26 -> 44.16 | V26: =160000*11.5*24/1000000 -> 44.16 | X26: =Y26+Z26 -> 140.76 | Y26: =510000*11.5*24/1000000 -> 140.76 | AA26: TPA | AB26: y | AC26: y | AD26: YES | AF26: =Table22[[#This Row],[Injection technical GWh/day]]/Table22[[#Totals],[Injection technical GWh/day]] -> 0.019155596 | AG26: =Table22[[#This Row],[Withdrawal technical GWh/day]]/Table22[[#Totals],[Withdrawal technical GWh/day]] -> 0.030294257 | AH26: =ROUND(IF($B$2>=0,$B$2*Table22[[#This Row],[Normiert Injection]],$B$2*Table22[[#This Row],[Normiert Withdrawal2]]),0) -> -928
A27: Germany | B27: =C27&TEXT(D27,"0#")&TEXT(E27,"0#") -> DE1202 | C27: DE | D27: 12 | E27: 2 | F27: GHG - Gasspeicher Hannover | G27: POINT (9.65089 52.33962) | H27: 52.33962 | I27: 9.65089 | J27: Empelde | K27: planned | L27: extension | O27: Salt cavern | Q27: Onshore | R27: =S27+T27 -> 4.6 | S27: =100*11.5/1000*4 -> 4.6 | U27: =V27+W27 -> 58.88 | V27: =160000*11.5*24/1000000/3*4 -> 58.88 | X27: =Y27+Z27 -> 187.68 | Y27: =510000*11.5*24/1000000/3*4 -> 187.68 | AA27: TPA | AB27: n | AC27: y | AD27: YES | AF27: =Table22[[#This Row],[Injection technical GWh/day]]/Table22[[#Totals],[Injection technical GWh/day]] -> 0.025540794 | AG27: =Table22[[#This Row],[Withdrawal technical GWh/day]]/Table22[[#Totals],[Withdrawal technical GWh/day]] -> 0.040392342 | AH27: =ROUND(IF($B$2>=0,$B$2*Table22[[#This Row],[Normiert Injection]],$B$2*Table22[[#This Row],[Normiert Withdrawal2]]),0) -> -1237
A28: Germany | B28: =C28&TEXT(D28,"0#")&TEXT(E28,"0#") -> DE1301 | C28: DE | D28: 13 | E28: 1 | F28: Gas Union Storage | G28: POINT (7.91209 53.46106) | H28: 53.46106 | I28: 7.91209 | J28: Etzel ESE | K28: operational | L28: existing | M28: 2012 | O28: Salt cavern | Q28: Onshore | R28: =S28+T28 -> 1.5801 | S28: =137.4*11.5/1000 -> 1.5801 | U28: =V28+W28 -> 31.7952 | V28: =(104500+10700)*11.5*24/1000000 -> 31.7952 | X28: =Y28+Z28 -> 55.6416 | Y28: =(168000+33600)*11.5*24/1000000 -> 55.6416 | AA28: TPA | AB28: y | AC28: y | AD28: YES | AF28: =Table22[[#This Row],[Injection technical GWh/day]]/Table22[[#Totals],[Injection technical GWh/day]] -> 0.013792029 | AG28: =Table22[[#This Row],[Withdrawal technical GWh/day]]/Table22[[#Totals],[Withdrawal technical GWh/day]] -> 0.011975141 | AH28: =ROUND(IF($B$2>=0,$B$2*Table22[[#This Row],[Normiert Injection]],$B$2*Table22[[#This Row],[Normiert Withdrawal2]]),0) -> -367
A29: Germany | B29: =C29&TEXT(D29,"0#")&TEXT(E29,"0#") -> DE1302 | C29: DE | D29: 13 | E29: 2 | F29: Gas Union Storage | G29: POINT (9.80939 50.78791) | H29: 50.78791 | I29: 9.80939 | J29: Reckrod | K29: operational | L29: existing | M29: 2001 | O29: Salt cavern | Q29: Onshore | R29: =S29+T29 -> 1.3225 | S29: =115*11.5/1000 -> 1.3225 | U29: =V29+W29 -> 13.8 | V29: =50000*11.5*24/1000000 -> 13.8 | X29: =Y29+Z29 -> 27.6 | Y29: =100000*11.5*24/1000000 -> 27.6 | AA29: TPA | AB29: y | AC29: y | AD29: YES | AF29: =Table22[[#This Row],[Injection technical GWh/day]]/Table22[[#Totals],[Injection technical GWh/day]] -> 0.0059861236 | AG29: =Table22[[#This Row],[Withdrawal technical GWh/day]]/Table22[[#Totals],[Withdrawal technical GWh/day]] -> 0.0059400503 | AH29: =ROUND(IF($B$2>=0,$B$2*Table22[[#This Row],[Normiert Injection]],$B$2*Table22[[#This Row],[Normiert Withdrawal2]]),0) -> -182
A30: Germany | B30: =C30&TEXT(D30,"0#")&TEXT(E30,"0#") -> DE1401 | C30: DE | D30: 14 | E30: 1 | F30: Hansewerk | G30: POINT (10.20084 54.26660) | H30: 54.2666 | I30: 10.20084 | J30: Kiel-Rönne | K30: operational | L30: existing | M30: 1971 | O30: Salt cavern | Q30: Onshore | R30: =S30+T30 -> 0.243 | S30: 0.243 | U30: =V30+W30 -> 5.69 | V30: 5.69 | X30: =Y30+Z30 -> 13.56 | Y30: 13.56 | AA30: TPA | AB30: y | AC30: y | AD30: YES | AF30: =Table22[[#This Row],[Injection technical GWh/day]]/Table22[[#Totals],[Injection technical GWh/day]] -> 0.0024681915 | AG30: =Table22[[#This Row],[Withdrawal technical GWh/day]]/Table22[[#Totals],[Withdrawal technical GWh/day]] -> 0.0029183726 | AH30: =ROUND(IF($B$2>=0,$B$2*Table22[[#This Row],[Normiert Injection]],$B$2*Table22[[#This Row],[Normiert Withdrawal2]]),0) -> -89
A31: Germany | B31: =C31&TEXT(D31,"0#")&TEXT(E31,"0#") -> DE1402 | C31: DE | D31: 14 | E31: 2 | F31: Hansewerk | G31: POINT (11.36076 53.42277) | H31: 53.42277 | I31: 11.36076 | J31: Kraak | K31: operational | L31: existing | M31: 2000 | O31: Salt cavern | Q31: Onshore | R31: =S31+T31 -> 2.88 | S31: 2.88 | U31: =V31+W31 -> 48.38 | V31: 48.38 | X31: =Y31+Z31 -> 107.52 | Y31: 107.52 | AA31: TPA | AB31: y | AC31: y | AD31: YES | AF31: =Table22[[#This Row],[Injection technical GWh/day]]/Table22[[#Totals],[Injection technical GWh/day]] -> 0.020986135 | AG31: =Table22[[#This Row],[Withdrawal technical GWh/day]]/Table22[[#Totals],[Withdrawal technical GWh/day]] -> 0.02314037 | AH31: =ROUND(IF($B$2>=0,$B$2*Table22[[#This Row],[Normiert Injection]],$B$2*Table22[[#This Row],[Normiert Withdrawal2]]),0) -> -709
A32: Germany | B32: =C32&TEXT(D32,"0#")&TEXT(E32,"0#") -> DE1501 | C32: DE | D32: 15 | E32: 1 | F32: RWE Gas Storage West | G32: POINT (7.02868 52.17597) | H32: 52.17597 | I32: 7.02868 | J32: Epe L-Gas | K32: operational | L32: existing | M32: 2012 | O32: Salt cavern | Q32: Onshore | R32: =S32+T32 -> 1.8256 | S32: 1.8256 | U32: =V32+W32 -> 49.23 | V32: 49.23 | X32: =Y32+Z32 -> 98.46 | Y32: 98.46 | AA32: TPA | AB32: y | AC32: y | AD32: YES | AE32: y | AF32: =Table22[[#This Row],[Injection technical GWh/day]]/Table22[[#Totals],[Injection technical GWh/day]] -> 0.021354845 | AG32: =Table22[[#This Row],[Withdrawal technical GWh/day]]/Table22[[#Totals],[Withdrawal technical GWh/day]] -> 0.021190484 | AH32: =ROUND(IF($B$2>=0,$B$2*Table22[[#This Row],[Normiert Injection]],$B$2*Table22[[#This Row],[Normiert Withdrawal2]]),0) -> -649
A33: Germany | B33: =C33&TEXT(D33,"0#")&TEXT(E33,"0#") -> DE1502 | C33: DE | D33: 15 | E33: 2 | F33: RWE Gas Storage West | G33: POINT (7.02868 52.17597) | H33: 52.17597 | I33: 7.02868 | J33: Epe NL | K33: operational | L33: existing | M33: 2006 | O33: Salt cavern | Q33: Onshore | R33: =S33+T33 -> 2.9392 | S33: 2.9392 | U33: =V33+W33 -> 47.73 | V33: 47.73 | X33: =Y33+Z33 -> 175.47 | Y33: 175.47 | AA33: TPA | AB33: y | AC33: y | AD33: YES | AE33: y | AF33: =Table22[[#This Row],[Injection technical GWh/day]]/Table22[[#Totals],[Injection technical GWh/day]] -> 0.02070418 | AG33: =Table22[[#This Row],[Withdrawal technical GWh/day]]/Table22[[#Totals],[Withdrawal technical GWh/day]] -> 0.037764516 | AH33: =ROUND(IF($B$2>=0,$B$2*Table22[[#This Row],[Normiert Injection]],$B$2*Table22[[#This Row],[Normiert Withdrawal2]]),0) -> -1157
A34: Germany | B34: =C34&TEXT(D34,"0#")&TEXT(E34,"0#") -> DE1503 | C34: DE | D34: 15 | E34: 3 | F34: RWE Gas Storage West | G34: POINT (11.55570 51.89172) | H34: 51.89172 | I34: 11.5557 | J34: Stassfurt | K34: operational | L34: existing | M34: 1996 | O34: Salt cavern | Q34: Onshore | R34: =S34+T34 -> 7.2561 | S34: 7.2561 | U34: =V34+W34 -> 83.69 | V34: 83.69 | X34: =Y34+Z34 -> 175.47 | Y34: 175.47 | AA34: TPA | AB34: y | AC34: y | AD34: YES | AE34: y | AF34: =Table22[[#This Row],[Injection technical GWh/day]]/Table22[[#Totals],[Injection technical GWh/day]] -> 0.036302803 | AG34: =Table22[[#This Row],[Withdrawal technical GWh/day]]/Table22[[#Totals],[Withdrawal technical GWh/day]] -> 0.037764516 | AH34: =ROUND(IF($B$2>=0,$B$2*Table22[[#This Row],[Normiert Injection]],$B$2*Table22[[#This Row],[Normiert Withdrawal2]]),0) -> -1157
A35: Germany | B35: =C35&TEXT(D35,"0#")&TEXT(E35,"0#") -> DE1504 | C35: DE | D35: 15 | E35: 4 | F35: RWE Gas Storage West | G35: POINT (7.02868 52.17597) | H35: 52.17597 | I35: 7.02868 | J35: Epe H-Gas | K35: operational | L35: existing | M35: 1990 | O35: Salt cavern | Q35: Onshore | R35: =S35+T35 -> 0 | U35: =V35+W35 -> 0 | X35: =Y35+Z35 -> 0 | AA35: TPA | AB35: y | AC35: n | AD35: YES | AE35: y | AF35: =Table22[[#This Row],[Injection technical GWh/day]]/Table22[[#Totals],[Injection technical GWh/day]] -> 0 | AG35: =Table22[[#This Row],[Withdrawal technical GWh/day]]/Table22[[#Totals],[Withdrawal technical GWh/day]] -> 0 | AH35: =ROUND(IF($B$2>=0,$B$2*Table22[[#This Row],[Normiert Injection]],$B$2*Table22[[#This Row],[Normiert Withdrawal2]]),0) -> 0
A36: Germany | B36: =C36&TEXT(D36,"0#")&TEXT(E36,"0#") -> DE1505 | C36: DE | D36: 15 | E36: 5 | F36: RWE Gas Storage West | G36: POINT (6.42637 51.66376) | H36: 51.66376 | I36: 6.42637 | J36: Xanten | K36: operational | L36: existing | M36: 1985 | O36: Salt cavern | Q36: Onshore | R36: =S36+T36 -> 0 | U36: =V36+W36 -> 0 | X36: =Y36+Z36 -> 0 | AA36: TPA | AB36: y | AC36: n | AD36: YES | AE36: y | AF36: =Table22[[#This Row],[Injection technical GWh/day]]/Table22[[#Totals],[Injection technical GWh/day]] -> 0 | AG36: =Table22[[#This Row],[Withdrawal technical GWh/day]]/Table22[[#Totals],[Withdrawal technical GWh/day]] -> 0 | AH36: =ROUND(IF($B$2>=0,$B$2*Table22[[#This Row],[Normiert Injection]],$B$2*Table22[[#This Row],[Normiert Withdrawal2]]),0) -> 0
A37: Germany | B37: =C37&TEXT(D37,"0#")&TEXT(E37,"00#") -> DE15V1 | C37: DE | D37: 15 | E37: V1 | F37: RWE Gas Storage NWE | G37: POINT (7.02868 52.17597) | H37: 52.17597 | I37: 7.02868 | J37: VGS innEXpool | K37: operational | L37: existing | M37: 1986 | O37: Salt cavern | Q37: Onshore | R37: =S37+T37 -> 6.3852 | S37: 6.3852 | U37: =V37+W37 -> 104.03 | V37: 104.03 | X37: =Y37+Z37 -> 325.78 | Y37: 325.78 | AA37: TPA | AB37: n | AC37: y | AD37: YES | AF37: =Table22[[#This Row],[Injection technical GWh/day]]/Table22[[#Totals],[Injection technical GWh/day]] -> 0.045125829 | AG37: =Table22[[#This Row],[Withdrawal technical GWh/day]]/Table22[[#Totals],[Withdrawal technical GWh/day]] -> 0.070114116 | AH37: =ROUND(IF($B$2>=0,$B$2*Table22[[#This Row],[Normiert Injection]],$B$2*Table22[[#This Row],[Normiert Withdrawal2]]),0) -> -2147
A38: Germany | B38: =C38&TEXT(D38,"0#")&TEXT(E38,"0#") -> DE1601 | C38: DE | D38: 16 | E38: 1 | F38: KGE (Kommunale Gasspeichergesellschaft Epe) | G38: POINT (7.02868 52.17597) | H38: 52.17597 | I38: 7.02868 | J38: Epe KGE | K38: operational | L38: existing | M38: 2012 | O38: Salt cavern | Q38: Onshore | R38: =S38+T38 -> 2.1244 | S38: 2.1244 | U38: =V38+W38 -> 41.04 | V38: 41.04 | X38: =Y38+Z38 -> 109.44 | Y38: 109.44 | AA38: TPA | AB38: y | AC38: y | AD38: YES | AF38: =Table22[[#This Row],[Injection technical GWh/day]]/Table22[[#Totals],[Injection technical GWh/day]] -> 0.017802211 | AG38: =Table22[[#This Row],[Withdrawal technical GWh/day]]/Table22[[#Totals],[Withdrawal technical GWh/day]] -> 0.023553591 | AH38: =ROUND(IF($B$2>=0,$B$2*Table22[[#This Row],[Normiert Injection]],$B$2*Table22[[#This Row],[Normiert Withdrawal2]]),0) -> -721
A39: Germany | B39: =C39&TEXT(D39,"0#")&TEXT(E39,"0#") -> DE1901 | C39: DE | D39: 19 | E39: 1 | F39: Nuon | G39: POINT (7.02868 52.17597) | H39: 52.17597 | I39: 7.02868 | J39: Epe Nuon | K39: operational | L39: existing | M39: 2007 | O39: Salt cavern | Q39: Onshore | R39: =S39+T39 -> 3.012 | S39: 3.012 | U39: =V39+W39 -> 84.97 | V39: 84.97 | X39: =Y39+Z39 -> 141.61 | Y39: 141.61 | AA39: TPA | AB39: y | AC39: y | AD39: YES | AF39: =Table22[[#This Row],[Injection technical GWh/day]]/Table22[[#Totals],[Injection technical GWh/day]] -> 0.036858038 | AG39: =Table22[[#This Row],[Withdrawal technical GWh/day]]/Table22[[#Totals],[Withdrawal technical GWh/day]] -> 0.030477193 | AH39: =ROUND(IF($B$2>=0,$B$2*Table22[[#This Row],[Normiert Injection]],$B$2*Table22[[#This Row],[Normiert Withdrawal2]]),0) -> -933
A40: Germany | B40: =C40&TEXT(D40,"0#")&TEXT(E40,"0#") -> DE2001 | C40: DE | D40: 20 | E40: 1 | F40: OMV Gas Storage Germany | G40: POINT (7.91209 53.46106) | H40: 53.46106 | I40: 7.91209 | J40: Etzel ESE | K40: operational | L40: existing | M40: 2012 | O40: Salt cavern | Q40: Onshore | R40: =S40+T40 -> 5.295 | S40: 5.295 | U40: =V40+W40 -> 71.28 | V40: 71.28 | X40: =Y40+Z40 -> 106.8 | Y40: 106.8 | AA40: TPA | AB40: y | AC40: y | AD40: YES | AF40: =Table22[[#This Row],[Injection technical GWh/day]]/Table22[[#Totals],[Injection technical GWh/day]] -> 0.03091963 | AG40: =Table22[[#This Row],[Withdrawal technical GWh/day]]/Table22[[#Totals],[Withdrawal technical GWh/day]] -> 0.022985412 | AH40: =ROUND(IF($B$2>=0,$B$2*Table22[[#This Row],[Normiert Injection]],$B$2*Table22[[#This Row],[Normiert Withdrawal2]]),0) -> -704
A41: Germany | B41: =C41&TEXT(D41,"0#")&TEXT(E41,"0#") -> DE2101 | C41: DE | D41: 21 | E41: 1 | F41: Ontras Gastransport | G41: POINT (11.46145 51.20517) | H41: 51.20517 | I41: 11.46145 | J41: Bruggraf-Bernsdorf | K41: operational | L41: existing | M41: 1970 | O41: Salt cavern | Q41: Onshore | R41: =S41+T41 -> 0.0345 | S41: 0 | T41: =3*11.5/1000 -> 0.0345 | U41: =V41+W41 -> 0 | X41: =Y41+Z41 -> 0 | AA41: TPA | AB41: y | AC41: y | AD41: YES | AE41: y | AF41: =Table22[[#This Row],[Injection technical GWh/day]]/Table22[[#Totals],[Injection technical GWh/day]] -> 0 | AG41: =Table22[[#This Row],[Withdrawal technical GWh/day]]/Table22[[#Totals],[Withdrawal technical GWh/day]] -> 0 | AH41: =ROUND(IF($B$2>=0,$B$2*Table22[[#This Row],[Normiert Injection]],$B$2*Table22[[#This Row],[Normiert Withdrawal2]]),0) -> 0
A42: Germany | B42: =C42&TEXT(D42,"0#")&TEXT(E42,"0#") -> DE2201 | C42: DE | D42: 22 | E42: 1 | F42: Stadtwerke Bremen (wesernetz) | G42: POINT (8.71631 53.16257) | H42: 53.16257 | I42: 8.71631 | J42: Bremen-Lesum | K42: operational | L42: existing | M42: 2000 | O42: Salt cavern | Q42: Onshore | R42: =S42+T42 -> 0.8625 | S42: =75*11.5/1000 -> 0.8625 | U42: =V42+W42 -> 1.38 | V42: =5000*11.5*24/1000000 -> 1.38 | X42: =Y42+Z42 -> 4.14 | Y42: =15000*11.5*24/1000000 -> 4.14 | AA42: TPA | AB42: y | AC42: y | AD42: YES | AF42: =Table22[[#This Row],[Injection technical GWh/day]]/Table22[[#Totals],[Injection technical GWh/day]] -> 0.00059861236 | AG42: =Table22[[#This Row],[Withdrawal technical GWh/day]]/Table22[[#Totals],[Withdrawal technical GWh/day]] -> 0.00089100755 | AH42: =ROUND(IF($B$2>=0,$B$2*Table22[[#This Row],[Normiert Injection]],$B$2*Table22[[#This Row],[Normiert Withdrawal2]]),0) -> -27
A43: Germany | B43: =C43&TEXT(D43,"0#")&TEXT(E43,"0#") -> DE2301 | C43: DE | D43: 23 | E43: 1 | F43: Stadtwerke Kiel | G43: POINT (10.20084 54.26660) | H43: 54.2666 | I43: 10.20084 | J43: Kiel-Rönne | K43: operational | L43: existing | M43: 1971 | O43: Salt cavern | Q43: Onshore | R43: =S43+T43 -> 0.668 | S43: 0.668 | U43: =V43+W43 -> 11.38 | V43: 11.38 | X43: =Y43+Z43 -> 27.12 | Y43: 27.12 | AA43: TPA | AB43: y | AC43: y | AD43: YES | AF43: =Table22[[#This Row],[Injection technical GWh/day]]/Table22[[#Totals],[Injection technical GWh/day]] -> 0.0049363831 | AG43: =Table22[[#This Row],[Withdrawal technical GWh/day]]/Table22[[#Totals],[Withdrawal technical GWh/day]] -> 0.0058367451 | AH43: =ROUND(IF($B$2>=0,$B$2*Table22[[#This Row],[Normiert Injection]],$B$2*Table22[[#This Row],[Normiert Withdrawal2]]),0) -> -179
A44: Germany | B44: =C44&TEXT(D44,"0#")&TEXT(E44,"0#") -> DE2401 | C44: DE | D44: 24 | E44: 1 | F44: Storengy Deutschland | G44: POINT (8.71631 53.16257) | H44: 53.16257 | I44: 8.71631 | J44: Bremen-Lesum | K44: operational | L44: existing | M44: 2000 | O44: Salt cavern | Q44: Onshore | R44: 1.55 | S44: 1.55 | U44: 24.822 | V44: 24.822 | X44: 52.008 | Y44: 52.008 | AA44: TPA | AB44: y | AC44: y | AD44: YES | AE44: y | AF44: =Table22[[#This Row],[Injection technical GWh/day]]/Table22[[#Totals],[Injection technical GWh/day]] -> 0.010767215 | AG44: =Table22[[#This Row],[Withdrawal technical GWh/day]]/Table22[[#Totals],[Withdrawal technical GWh/day]] -> 0.011193121 | AH44: =ROUND(IF($B$2>=0,$B$2*Table22[[#This Row],[Normiert Injection]],$B$2*Table22[[#This Row],[Normiert Withdrawal2]]),0) -> -343
A45: Germany | B45: =C45&TEXT(D45,"0#")&TEXT(E45,"0#") -> DE2403 | C45: DE | D45: 24 | E45: 3 | F45: Storengy Deutschland | G45: POINT (9.48287 53.43547) | H45: 53.43547 | I45: 9.48287 | J45: Harsefeld | K45: operational | L45: existing | M45: 1992 | O45: Salt cavern | Q45: Onshore | R45: 1.212 | S45: 1.212 | U45: =V45+W45 -> 24.667 | V45: 24.667 | X45: =Y45+Z45 -> 81.72 | Y45: 81.72 | AA45: TPA | AB45: y | AC45: y | AD45: YES | AE45: y | AF45: =Table22[[#This Row],[Injection technical GWh/day]]/Table22[[#Totals],[Injection technical GWh/day]] -> 0.010699979 | AG45: =Table22[[#This Row],[Withdrawal technical GWh/day]]/Table22[[#Totals],[Withdrawal technical GWh/day]] -> 0.017587714 | AH45: =ROUND(IF($B$2>=0,$B$2*Table22[[#This Row],[Normiert Injection]],$B$2*Table22[[#This Row],[Normiert Withdrawal2]]),0) -> -539
A46: Germany | B46: =C46&TEXT(D46,"0#")&TEXT(E46,"0#") -> DE2404 | C46: DE | D46: 24 | E46: 4 | F46: Storengy Deutschland | G46: POINT (10.94267 52.80114) | H46: 52.80114 | I46: 10.94267 | J46: Peckensen | K46: operational | L46: existing | M46: 2002 | O46: Salt cavern | Q46: Onshore | R46: 3.781 | S46: 3.781 | U46: =V46+W46 -> 84.672 | V46: 84.672 | X46: =Y46+Z46 -> 231.958 | Y46: 231.958 | AA46: TPA | AB46: y | AC46: y | AD46: YES | AE46: y | AF46: =Table22[[#This Row],[Injection technical GWh/day]]/Table22[[#Totals],[Injection technical GWh/day]] -> 0.036728772 | AG46: =Table22[[#This Row],[Withdrawal technical GWh/day]]/Table22[[#Totals],[Withdrawal technical GWh/day]] -> 0.049921819 | AH46: =ROUND(IF($B$2>=0,$B$2*Table22[[#This Row],[Normiert Injection]],$B$2*Table22[[#This Row],[Normiert Withdrawal2]]),0) -> -1529
A47: Germany | B47: =C47&TEXT(D47,"0#")&TEXT(E47,"0#") -> DE2701 | C47: DE | D47: 27 | E47: 1 | F47: Total Etzel Gaslager | G47: POINT (7.91209 53.46106) | H47: 53.46106 | I47: 7.91209 | J47: Etzel EGL | K47: operational | L47: existing | M47: 1993 | O47: Salt cavern | Q47: Onshore | R47: =S47+T47 -> 0.06293229 | S47: =5.472373*11.5/1000 -> 0.06293229 | U47: =V47+W47 -> 0.893412 | V47: =3237*11.5*24/1000000 -> 0.893412 | X47: =Y47+Z47 -> 1.965672 | Y47: =7122*11.5*24/1000000 -> 1.965672 | AA47: TPA | AB47: y | AC47: y | AD47: YES | AF47: =Table22[[#This Row],[Injection technical GWh/day]]/Table22[[#Totals],[Injection technical GWh/day]] -> 0.00038754164 | AG47: =Table22[[#This Row],[Withdrawal technical GWh/day]]/Table22[[#Totals],[Withdrawal technical GWh/day]] -> 0.00042305038 | AH47: =ROUND(IF($B$2>=0,$B$2*Table22[[#This Row],[Normiert Injection]],$B$2*Table22[[#This Row],[Normiert Withdrawal2]]),0) -> -13
A48: Germany | B48: =C48&TEXT(D48,"0#")&TEXT(E48,"0#") -> DE2801 | C48: DE | D48: 28 | E48: 1 | F48: TGE (Trianel Gasspeicher Epe) | G48: POINT (7.02868 52.17597) | H48: 52.17597 | I48: 7.02868 | J48: Epe Trianel | K48: operational | L48: existing | M48: 2008 | O48: Salt cavern | Q48: Onshore | R48: =S48+T48 -> 2.1698 | S48: 2.1698 | U48: =V48+W48 -> 82.22 | V48: 82.22 | X48: =Y48+Z48 -> 164.45 | Y48: 164.45 | AA48: TPA | AB48: y | AC48: y | AD48: YES | AF48: =Table22[[#This Row],[Injection technical GWh/day]]/Table22[[#Totals],[Injection technical GWh/day]] -> 0.035665151 | AG48: =Table22[[#This Row],[Withdrawal technical GWh/day]]/Table22[[#Totals],[Withdrawal technical GWh/day]] -> 0.0353928 | AH48: =ROUND(IF($B$2>=0,$B$2*Table22[[#This Row],[Normiert Injection]],$B$2*Table22[[#This Row],[Normiert Withdrawal2]]),0) -> -1084
A49: Germany | B49: =C49&TEXT(D49,"0#")&TEXT(E49,"0#") -> DE2903 | C49: DE | D49: 29 | E49: 3 | F49: Uniper Energy Storage | G49: POINT (7.02868 52.17597) | H49: 52.17597 | I49: 7.02868 | J49: Epe Uniper H-Gas | K49: operational | L49: existing | M49: 1976 | O49: Salt cavern | Q49: Onshore | R49: =S49+T49 -> 14.425 | S49: 14.425 | U49: =V49+W49 -> 328.32 | V49: 328.32 | X49: =Y49+Z49 -> 465.12 | Y49: 465.12 | AA49: TPA | AB49: y | AC49: y | AD49: YES | AE49: y | AF49: =Table22[[#This Row],[Injection technical GWh/day]]/Table22[[#Totals],[Injection technical GWh/day]] -> 0.14241769 | AG49: =Table22[[#This Row],[Withdrawal technical GWh/day]]/Table22[[#Totals],[Withdrawal technical GWh/day]] -> 0.10010276 | AH49: =ROUND(IF($B$2>=0,$B$2*Table22[[#This Row],[Normiert Injection]],$B$2*Table22[[#This Row],[Normiert Withdrawal2]]),0) -> -3066
A50: Germany | B50: =C50&TEXT(D50,"0#")&TEXT(E50,"0#") -> DE2904 | C50: DE | D50: 29 | E50: 4 | F50: Uniper Energy Storage | G50: POINT (7.02868 52.17597) | H50: 52.17597 | I50: 7.02868 | J50: Epe Uniper L-Gas | K50: operational | L50: existing | M50: 1976 | O50: Salt cavern | Q50: Onshore | R50: =S50+T50 -> 4.25 | S50: 4.25 | U50: =V50+W50 -> 57.6 | V50: 57.6 | X50: =Y50+Z50 -> 288 | Y50: 288 | AA50: TPA | AB50: y | AC50: y | AD50: YES | AE50: y | AF50: =Table22[[#This Row],[Injection technical GWh/day]]/Table22[[#Totals],[Injection technical GWh/day]] -> 0.024985559 | AG50: =Table22[[#This Row],[Withdrawal technical GWh/day]]/Table22[[#Totals],[Withdrawal technical GWh/day]] -> 0.061983134 | AH50: =ROUND(IF($B$2>=0,$B$2*Table22[[#This Row],[Normiert Injection]],$B$2*Table22[[#This Row],[Normiert Withdrawal2]]),0) -> -1898
A51: Germany | B51: =C51&TEXT(D51,"0#")&TEXT(E51,"0#") -> DE2906 | C51: DE | D51: 29 | E51: 6 | F51: Uniper Energy Storage | G51: POINT (7.91209 53.46106) | H51: 53.46106 | I51: 7.91209 | J51: Etzel EGL | K51: operational | L51: existing | M51: 1993 | O51: Salt cavern | Q51: Onshore | R51: =S51+T51 -> 11.087 | S51: 11.087 | U51: =V51+W51 -> 155.6784 | V51: 155.6784 | X51: =Y51+Z51 -> 271.684 | Y51: 271.684 | AA51: TPA | AB51: y | AC51: y | AD51: YES | AE51: y | AF51: =Table22[[#This Row],[Injection technical GWh/day]]/Table22[[#Totals],[Injection technical GWh/day]] -> 0.067529721 | AG51: =Table22[[#This Row],[Withdrawal technical GWh/day]]/Table22[[#Totals],[Withdrawal technical GWh/day]] -> 0.058471617 | AH51: =ROUND(IF($B$2>=0,$B$2*Table22[[#This Row],[Normiert Injection]],$B$2*Table22[[#This Row],[Normiert Withdrawal2]]),0) -> -1791
A52: Germany | B52: =C52&TEXT(D52,"0#")&TEXT(E52,"0#") -> DE2907 | C52: DE | D52: 29 | E52: 7 | F52: Uniper Energy Storage | G52: POINT (7.91209 53.46106) | H52: 53.46106 | I52: 7.91209 | J52: Etzel ESE | K52: operational | L52: existing | M52: 2012 | O52: Salt cavern | Q52: Onshore | R52: =S52+T52 -> 11.4906 | S52: 11.4906 | U52: =V52+W52 -> 425.639 | V52: 425.639 | X52: =Y52+Z52 -> 396.72 | Y52: 396.72 | AA52: TPA | AB52: y | AC52: y | AD52: YES | AE52: y | AF52: =Table22[[#This Row],[Injection technical GWh/day]]/Table22[[#Totals],[Injection technical GWh/day]] -> 0.18463244 | AG52: =Table22[[#This Row],[Withdrawal technical GWh/day]]/Table22[[#Totals],[Withdrawal technical GWh/day]] -> 0.085381767 | AH52: =ROUND(IF($B$2>=0,$B$2*Table22[[#This Row],[Normiert Injection]],$B$2*Table22[[#This Row],[Normiert Withdrawal2]]),0) -> -2615
A53: Germany | B53: =C53&TEXT(D53,"0#")&TEXT(E53,"0#") -> DE3001 | C53: DE | D53: 30 | E53: 1 | F53: VNG Gasspeicher | G53: POINT (7.91209 53.46106) | H53: 53.46106 | I53: 7.91209 | J53: Etzel ESE VGS | K53: operational | L53: existing | M53: 2012 | O53: Salt cavern | Q53: Onshore | R53: =S53+T53 -> 1.2789 | S53: 1.2789 | U53: =V53+W53 -> 28.728 | V53: 28.728 | X53: =Y53+Z53 -> 46.17 | Y53: 46.17 | AA53: TPA | AB53: y | AC53: y | AD53: YES | AE53: y | AF53: =Table22[[#This Row],[Injection technical GWh/day]]/Table22[[#Totals],[Injection technical GWh/day]] -> 0.012461548 | AG53: =Table22[[#This Row],[Withdrawal technical GWh/day]]/Table22[[#Totals],[Withdrawal technical GWh/day]] -> 0.0099366712 | AH53: =ROUND(IF($B$2>=0,$B$2*Table22[[#This Row],[Normiert Injection]],$B$2*Table22[[#This Row],[Normiert Withdrawal2]]),0) -> -304
A54: Germany | B54: =C54&TEXT(D54,"0#")&TEXT(E54,"0#") -> DE3006 | C54: DE | D54: 30 | E54: 6 | F54: VNG Gasspeicher | G54: POINT (7.40786 53.25724) | H54: 53.25724 | I54: 7.40786 | J54: Jemgum H (VGS) | K54: operational | L54: existing | M54: 2019 | O54: Salt cavern | Q54: Onshore | R54: =S54+T54 -> 1.6628 | S54: 1.6628 | U54: =V54+W54 -> 27.22 | V54: 27.22 | X54: =Y54+Z54 -> 41.85 | Y54: 41.85 | AA54: TPA | AB54: y | AC54: y | AD54: YES | AE54: y | AF54: =Table22[[#This Row],[Injection technical GWh/day]]/Table22[[#Totals],[Injection technical GWh/day]] -> 0.011807412 | AG54: =Table22[[#This Row],[Withdrawal technical GWh/day]]/Table22[[#Totals],[Withdrawal technical GWh/day]] -> 0.0090069242 | AH54: =ROUND(IF($B$2>=0,$B$2*Table22[[#This Row],[Normiert Injection]],$B$2*Table22[[#This Row],[Normiert Withdrawal2]]),0) -> -276
A55: Germany | B55: =C55&TEXT(D55,"0#")&TEXT(E55,"0#") -> DE3003 | C55: DE | D55: 30 | E55: 3 | F55: VNG Gasspeicher | G55: POINT (11.75922 51.75025) | H55: 51.75025 | I55: 11.75922 | J55: Bernburg | K55: operational | L55: existing | M55: 1974 | O55: Salt cavern | Q55: Onshore | R55: =S55+T55 -> 0 | U55: =V55+W55 -> 0 | X55: =Y55+Z55 -> 0 | AA55: TPA | AB55: y | AC55: n | AD55: YES | AE55: y | AF55: =Table22[[#This Row],[Injection technical GWh/day]]/Table22[[#Totals],[Injection technical GWh/day]] -> 0 | AG55: =Table22[[#This Row],[Withdrawal technical GWh/day]]/Table22[[#Totals],[Withdrawal technical GWh/day]] -> 0 | AH55: =ROUND(IF($B$2>=0,$B$2*Table22[[#This Row],[Normiert Injection]],$B$2*Table22[[#This Row],[Normiert Withdrawal2]]),0) -> 0
A56: Germany | B56: =C56&TEXT(D56,"0#")&TEXT(E56,"0#") -> DE3004 | C56: DE | D56: 30 | E56: 4 | F56: VNG Gasspeicher | G56: POINT (11.82784 51.41774) | H56: 51.41774 | I56: 11.82784 | J56: Bad Lauchstädt | K56: operational | L56: existing | M56: 1975 | O56: Salt cavern | Q56: Onshore | R56: =S56+T56 -> 0 | U56: =V56+W56 -> 0 | X56: =Y56+Z56 -> 0 | AA56: TPA | AB56: y | AC56: n | AD56: YES | AE56: y | AF56: =Table22[[#This Row],[Injection technical GWh/day]]/Table22[[#Totals],[Injection technical GWh/day]] -> 0 | AG56: =Table22[[#This Row],[Withdrawal technical GWh/day]]/Table22[[#Totals],[Withdrawal technical GWh/day]] -> 0 | AH56: =ROUND(IF($B$2>=0,$B$2*Table22[[#This Row],[Normiert Injection]],$B$2*Table22[[#This Row],[Normiert Withdrawal2]]),0) -> 0
U57: =SUBTOTAL(109,Table22[Injection technical GWh/day]) -> 2305.3316 | X57: =SUBTOTAL(109,Table22[Withdrawal technical GWh/day]) -> 4646.4253 | AF57: =SUBTOTAL(109,Table22[Normiert Injection]) -> 1 | AG57: =SUBTOTAL(109,Table22[Normiert Withdrawal2]) -> 1 | AH57: =SUBTOTAL(109,Table22[Peak Load '[MWh/h']]) -> -30627

Sheet Storage_Input
A1: {=Storage!H8:H49} -> Latitude | B1: {=Storage!I8:I49} -> Longitude | C1: {=Storage!AH8:AH49} -> Peak Load [MWh/h]
A2: 53.25724 | B2: 7.40786 | C2: -961
A3: 53.25724 | B3: 7.40786 | C3: -418
A4: 53.746106 | B4: 7.91209 | C4: -620
A5: 53.46106 | B5: 7.91209 | C5: -1430
A6: 53.46106 | B6: 7.91209 | C6: -620
A7: 52.17597 | B7: 7.02868 | C7: -617
A8: 51.75025 | B8: 11.75922 | C8: -1780
A9: 51.75025 | B9: 11.75922 | C9: 0
A10: 53.25724 | B10: 7.40786 | C10: -1705
A11: 53.19426 | B11: 8.4007 | C11: -182
A12: 53.25724 | B12: 7.40786 | C12: -455
A13: 53.25724 | B13: 7.40786 | C13: -459
... A42: 52.17597 | B42: 7.02868 | C42: -3066

Sheet LH2
A2: Import LH2 | B2: =Overview!E151*0.21 -> 96.39 | C2: TWh/a
A3: Import LH2 | B3: =B2*1000000 -> 96390000 | C3: MWh/a
A4: Peak Hour Supply | B4: =B3/(365*24) -> 11003.425 | C4: MWh/h
A5: Peak Hour Supply Rounded | B5: =SUM(Table2[Peak Load '[MWh/h']]) -> 11003 | C5: MWh/h
A7: Properties
A8: Fluid | B8: Volumetric LHV | C8: Unit
A9: Natural Gas | B9: 23 | C9: GJ/m^3
A10: Hydrogen | B10: 8.5 | C10: GJ/m^4
A12: LNG Terminals Location & Capacity
A13: ID | B13: Latitude | C13: Longitude | D13: Storage Capacity [m^3 LNG] | E13: Pipeline capacity[bcm] | F13: Terminal Capacity [m^3/a] | G13: Terminal capacity [TWh_CH4/a] | H13: Terminal Capacity [TWh_H2/a] | I13: Relative size | J13: Peak Load [MWh/h]
A14: Wilhelmshaven | B14: 53.5916 | C14: 8.1475 | D14: n.d. | E14: 5 | F14: =Table2[[#This Row],[Pipeline capacity'[bcm']]]*1000000000 -> 5000000000 | G14: =Table2[[#This Row],[Terminal Capacity '[m^3/a']]]*$B$9/3.6 -> 3.1944444e+10 | H14: =Table2[[#This Row],[Terminal Capacity '[m^3/a']]]*$B$10/3.6 -> 1.1805556e+10 | I14: =Table2[[#This Row],[Terminal Capacity '[m^3/a']]]/Table2[[#Totals],[Terminal Capacity '[m^3/a']]] -> 0.2173913 | J14: =ROUND(IF(Table2[[#Totals],[Terminal Capacity '[TWh_H2/a']]]>=$B$3,(I14*$B$3/(365*24))),0) -> 2392
A15: Brunsbüttel | B15: 53.88887 | C15: 9.17466 | D15: 330000 | E15: 5 | F15: =Table2[[#This Row],[Pipeline capacity'[bcm']]]*1000000000 -> 5000000000 | G15: =Table2[[#This Row],[Terminal Capacity '[m^3/a']]]*$B$9/3.6 -> 3.1944444e+10 | H15: =Table2[[#This Row],[Terminal Capacity '[m^3/a']]]*$B$10/3.6 -> 1.1805556e+10 | I15: =Table2[[#This Row],[Terminal Capacity '[m^3/a']]]/Table2[[#Totals],[Terminal Capacity '[m^3/a']]] -> 0.2173913 | J15: =ROUND(IF(Table2[[#Totals],[Terminal Capacity '[TWh_H2/a']]]>=$B$3,(I15*$B$3/(365*24))),0) -> 2392
A16: Stade | B16: 53.6484 | C16: 9.5053 | D16: 480000 | E16: 13 | F16: =Table2[[#This Row],[Pipeline capacity'[bcm']]]*1000000000 -> 13000000000 | G16: =Table2[[#This Row],[Terminal Capacity '[m^3/a']]]*$B$9/3.6 -> 8.3055556e+10 | H16: =Table2[[#This Row],[Terminal Capacity '[m^3/a']]]*$B$10/3.6 -> 3.0694444e+10 | I16: =Table2[[#This Row],[Terminal Capacity '[m^3/a']]]/Table2[[#Totals],[Terminal Capacity '[m^3/a']]] -> 0.56521739 | J16: =ROUND(IF(Table2[[#Totals],[Terminal Capacity '[TWh_H2/a']]]>=$B$3,(I16*$B$3/(365*24))),0) -> 6219
F17: =SUM(Table2[Terminal Capacity '[m^3/a']]) -> 23000000000 | H17: =SUM(Table2[Terminal Capacity '[TWh_H2/a']]) -> 5.4305556e+10 | I17: =SUM(Table2[Relative size]) -> 1

Sheet LH2_Input
A1: {=Table2[[#Headers],[#Data],[Latitude]:[Longitude]]} -> Latitude | B1: Longitude | C1: {=Table2[[#Headers],[#Data],[Peak Load '[MWh/h']]]} -> Peak Load [MWh/h]
A2: 53.5916 | B2: 8.1475 | C2: 2392
A3: 53.88887 | B3: 9.17466 | C3: 2392
A4: 53.6484 | B4: 9.5053 | C4: 6219

Sheet IC
A2: Import | B2: =Overview!E151*(0.87-0.21) -> 302.94 | C2: TWh/a | D2: TXT | E2: Input
A3: Annual Hydrogen Supply MWh | B3: =B2*1000000 -> 302940000 | C3: Mwh/a | D3: TXT | E3: Calculation
A4: Peak Hour Supply | B4: =B3/(365*24) -> 34582.192 | C4: Mwh/h | D4: TXT | E4: Referenced from other sheet
A5: Peak Hour Supply Rounded | B5: =SUM(Table269[Peak Load '[MWh/h']]) -> 34583 | C5: Mwh/a | D5: TXT | E5: Hardcoded data
A6: Supply in a day | B6: =B3/365 -> 829972.6
A7: Properties
A8: Fluid | B8: Volumetric Energy Density [MJ/m^3]
A9: Natural Gas | B9: 40.34
A10: Hydrogen | B10: 12.79
A11: Flow capacity from NG to H2 | B11: 0.85
A13: IC Location & Capacity
A14: ID | B14: Latitude | C14: Longitude | D14: From | E14: to | F14: Max_Capacity_from_to [M_m3/d] | G14: Max_Capacity_to_from [M_m3/d] | H14: Capacity [MWh_CH4/d] | I14: Capacity [MWh_H2/d] | J14: Relative size | K14: Peak Load [MWh/h]
A15: Basel_[77] | B15: 47.56344 | C15: 7.673591 | D15: DE | E15: CH | F15: 0.77418684 | G15: 0 | H15: =IF(Table269[[#This Row],[to]]="DE", Table269[[#This Row],[Max_Capacity_from_to '[M_m3/d']]]*$B$9*1000000/3600, Table269[[#This Row],[Max_Capacity_to_from '[M_m3/d']]]*$B$9*1000000/3600) -> 0 | I15: =Table269[[#This Row],[Capacity '[MWh_CH4/d']]]*$B$11 -> 0 | J15: =Table269[[#This Row],[Capacity '[MWh_CH4/d']]]/Table269[[#Totals],[Capacity '[MWh_CH4/d']]] -> 0 | K15: =ROUND(Table269[[#This Row],[Relative size]]*$B$4,0) -> 0
A16: Brandov_[40, 42, 84] | B16: 50.648857 | C16: 13.384905999999999 | D16: CZ | E16: DE | F16: 16.134758 | G16: 115.40663 | H16: =IF(Table269[[#This Row],[to]]="DE", Table269[[#This Row],[Max_Capacity_from_to '[M_m3/d']]]*$B$9*1000000/3600, Table269[[#This Row],[Max_Capacity_to_from '[M_m3/d']]]*$B$9*1000000/3600) -> 180798.92 | I16: =Table269[[#This Row],[Capacity '[MWh_CH4/d']]]*$B$11 -> 153679.08 | J16: =Table269[[#This Row],[Capacity '[MWh_CH4/d']]]/Table269[[#Totals],[Capacity '[MWh_CH4/d']]] -> 0.033191566 | K16: =ROUND(Table269[[#This Row],[Relative size]]*$B$4,0) -> 1148
A17: Dornum_[201, 228] | B17: 53.652496 | C17: 7.4163169999999985 | D17: NO | E17: DE | F17: 64.14314 | G17: 0 | H17: =IF(Table269[[#This Row],[to]]="DE", Table269[[#This Row],[Max_Capacity_from_to '[M_m3/d']]]*$B$9*1000000/3600, Table269[[#This Row],[Max_Capacity_to_from '[M_m3/d']]]*$B$9*1000000/3600) -> 718759.51 | I17: =Table269[[#This Row],[Capacity '[MWh_CH4/d']]]*$B$11 -> 610945.59 | J17: =Table269[[#This Row],[Capacity '[MWh_CH4/d']]]/Table269[[#Totals],[Capacity '[MWh_CH4/d']]] -> 0.13195186 | K17: =ROUND(Table269[[#This Row],[Relative size]]*$B$4,0) -> 4563
A18: Ellund_[36] | B18: 54.803583999999994 | C18: 9.285375 | D18: DK | E18: DE | F18: 8.0057958 | G18: 10.249178 | H18: =IF(Table269[[#This Row],[to]]="DE", Table269[[#This Row],[Max_Capacity_from_to '[M_m3/d']]]*$B$9*1000000/3600, Table269[[#This Row],[Max_Capacity_to_from '[M_m3/d']]]*$B$9*1000000/3600) -> 89709.389 | I18: =Table269[[#This Row],[Capacity '[MWh_CH4/d']]]*$B$11 -> 76252.981 | J18: =Table269[[#This Row],[Capacity '[MWh_CH4/d']]]/Table269[[#Totals],[Capacity '[MWh_CH4/d']]] -> 0.016469098 | K18: =ROUND(Table269[[#This Row],[Relative size]]*$B$4,0) -> 570
A19: Emden_[202] | B19: 53.31488100000001 | C19: 7.286939999999999 | D19: NO | E19: DE | F19: 130.34491 | G19: 0 | H19: =IF(Table269[[#This Row],[to]]="DE", Table269[[#This Row],[Max_Capacity_from_to '[M_m3/d']]]*$B$9*1000000/3600, Table269[[#This Row],[Max_Capacity_to_from '[M_m3/d']]]*$B$9*1000000/3600) -> 1460587.2 | I19: =Table269[[#This Row],[Capacity '[MWh_CH4/d']]]*$B$11 -> 1241499.1 | J19: =Table269[[#This Row],[Capacity '[MWh_CH4/d']]]/Table269[[#Totals],[Capacity '[MWh_CH4/d']]] -> 0.26813863 | K19: =ROUND(Table269[[#This Row],[Relative size]]*$B$4,0) -> 9273
A20: Epe_[15] | B20: 52.12406 | C20: 7.01965 | D20: NL | E20: DE | F20: 14.841514 | G20: 27.650787 | H20: =IF(Table269[[#This Row],[to]]="DE", Table269[[#This Row],[Max_Capacity_from_to '[M_m3/d']]]*$B$9*1000000/3600, Table269[[#This Row],[Max_Capacity_to_from '[M_m3/d']]]*$B$9*1000000/3600) -> 166307.41 | I20: =Table269[[#This Row],[Capacity '[MWh_CH4/d']]]*$B$11 -> 141361.3 | J20: =Table269[[#This Row],[Capacity '[MWh_CH4/d']]]/Table269[[#Totals],[Capacity '[MWh_CH4/d']]] -> 0.030531174 | K20: =ROUND(Table269[[#This Row],[Relative size]]*$B$4,0) -> 1056
A21: Eynatten_[6] | B21: 50.700959999999995 | C21: 6.21729 | D21: BE | E21: DE | F21: 25.468988 | G21: 35.234299 | H21: =IF(Table269[[#This Row],[to]]="DE", Table269[[#This Row],[Max_Capacity_from_to '[M_m3/d']]]*$B$9*1000000/3600, Table269[[#This Row],[Max_Capacity_to_from '[M_m3/d']]]*$B$9*1000000/3600) -> 285394.16 | I21: =Table269[[#This Row],[Capacity '[MWh_CH4/d']]]*$B$11 -> 242585.03 | J21: =Table269[[#This Row],[Capacity '[MWh_CH4/d']]]/Table269[[#Totals],[Capacity '[MWh_CH4/d']]] -> 0.052393449 | K21: =ROUND(Table269[[#This Row],[Relative size]]*$B$4,0) -> 1812
A22: Haiming_2_[61] | B22: 48.55907 | C22: 13.763841000000001 | D22: DE | E22: AT | F22: 21.351721 | G22: 14.621574 | H22: =IF(Table269[[#This Row],[to]]="DE", Table269[[#This Row],[Max_Capacity_from_to '[M_m3/d']]]*$B$9*1000000/3600, Table269[[#This Row],[Max_Capacity_to_from '[M_m3/d']]]*$B$9*1000000/3600) -> 163842.86 | I22: =Table269[[#This Row],[Capacity '[MWh_CH4/d']]]*$B$11 -> 139266.43 | J22: =Table269[[#This Row],[Capacity '[MWh_CH4/d']]]/Table269[[#Totals],[Capacity '[MWh_CH4/d']]] -> 0.030078726 | K22: =ROUND(Table269[[#This Row],[Relative size]]*$B$4,0) -> 1040
A23: Jemgum_[74] | B23: 53.233796 | C23: 7.4235929999999986 | D23: DE | E23: NL | F23: 33.976245 | G23: 24.422076 | H23: =IF(Table269[[#This Row],[to]]="DE", Table269[[#This Row],[Max_Capacity_from_to '[M_m3/d']]]*$B$9*1000000/3600, Table269[[#This Row],[Max_Capacity_to_from '[M_m3/d']]]*$B$9*1000000/3600) -> 273662.93 | I23: =Table269[[#This Row],[Capacity '[MWh_CH4/d']]]*$B$11 -> 232613.49 | J23: =Table269[[#This Row],[Capacity '[MWh_CH4/d']]]/Table269[[#Totals],[Capacity '[MWh_CH4/d']]] -> 0.050239797 | K23: =ROUND(Table269[[#This Row],[Relative size]]*$B$4,0) -> 1737
A24: Kamminke_[82] | B24: 53.90201999999999 | C24: 14.175820000000002 | D24: DE | E24: PL | F24: 0.0087975778 | G24: 0.0087975778 | H24: =IF(Table269[[#This Row],[to]]="DE", Table269[[#This Row],[Max_Capacity_from_to '[M_m3/d']]]*$B$9*1000000/3600, Table269[[#This Row],[Max_Capacity_to_from '[M_m3/d']]]*$B$9*1000000/3600) -> 98.581746 | I24: =Table269[[#This Row],[Capacity '[MWh_CH4/d']]]*$B$11 -> 83.794485 | J24: =Table269[[#This Row],[Capacity '[MWh_CH4/d']]]/Table269[[#Totals],[Capacity '[MWh_CH4/d']]] -> 1.809791e-05 | K24: =ROUND(Table269[[#This Row],[Relative size]]*$B$4,0) -> 1
A25: Lindau_[78] | B25: 47.53777 | C25: 9.60093 | D25: DE | E25: AT | F25: 2.2345848 | G25: 0 | H25: =IF(Table269[[#This Row],[to]]="DE", Table269[[#This Row],[Max_Capacity_from_to '[M_m3/d']]]*$B$9*1000000/3600, Table269[[#This Row],[Max_Capacity_to_from '[M_m3/d']]]*$B$9*1000000/3600) -> 0 | I25: =Table269[[#This Row],[Capacity '[MWh_CH4/d']]]*$B$11 -> 0 | J25: =Table269[[#This Row],[Capacity '[MWh_CH4/d']]]/Table269[[#Totals],[Capacity '[MWh_CH4/d']]] -> 0 | K25: =ROUND(Table269[[#This Row],[Relative size]]*$B$4,0) -> 0
A26: Mallnow_[38] | B26: 52.427 | C26: 14.543 | D26: DE | E26: PL | F26: 16.257924 | G26: 81.949437 | H26: =IF(Table269[[#This Row],[to]]="DE", Table269[[#This Row],[Max_Capacity_from_to '[M_m3/d']]]*$B$9*1000000/3600, Table269[[#This Row],[Max_Capacity_to_from '[M_m3/d']]]*$B$9*1000000/3600) -> 918288.97 | I26: =Table269[[#This Row],[Capacity '[MWh_CH4/d']]]*$B$11 -> 780545.62 | J26: =Table269[[#This Row],[Capacity '[MWh_CH4/d']]]/Table269[[#Totals],[Capacity '[MWh_CH4/d']]] -> 0.16858203 | K26: =ROUND(Table269[[#This Row],[Relative size]]*$B$4,0) -> 5830
... A30: Waidhaus_[43] | B30: 49.635529999999996 | C30: 12.51965 | D30: CZ | E30: DE | F30: 79.785233 | G30: 0 | H30: =IF(Table269[[#This Row],[to]]="DE", Table269[[#This Row],[Max_Capacity_from_to '[M_m3/d']]]*$B$9*1000000/3600, Table269[[#This Row],[Max_Capacity_to_from '[M_m3/d']]]*$B$9*1000000/3600) -> 894037.86 | I30: =Table269[[#This Row],[Capacity '[MWh_CH4/d']]]*$B$11 -> 759932.18 | J30: =Table269[[#This Row],[Capacity '[MWh_CH4/d']]]/Table269[[#Totals],[Capacity '[MWh_CH4/d']]] -> 0.16412994 | K30: =ROUND(Table269[[#This Row],[Relative size]]*$B$4,0) -> 5676
E31: DE | H31: =SUM(Table269[Capacity '[MWh_CH4/d']]) -> 5447134.4 | I31: =SUM(Table269[Capacity '[MWh_H2/d']]) -> 4630064.2 | J31: =SUM(Table269[Relative size]) -> 1

Sheet IC_Input
A1: {=Table269[[#Headers],[#Data],[Latitude]:[Longitude]]} -> Latitude | B1: Longitude | C1: {=Table269[[#Headers],[#Data],[Peak Load '[MWh/h']]]} -> Peak Load [MWh/h]
A2: 47.56344 | B2: 7.673591 | C2: 0
A3: 50.648857 | B3: 13.384905999999999 | C3: 1148
A4: 53.652496 | B4: 7.4163169999999985 | C4: 4563
A5: 54.803583999999994 | B5: 9.285375 | C5: 570
A6: 53.31488100000001 | B6: 7.286939999999999 | C6: 9273
A7: 52.12406 | B7: 7.01965 | C7: 1056
A8: 50.700959999999995 | B8: 6.21729 | C8: 1812
A9: 48.55907 | B9: 13.763841000000001 | C9: 1040
A10: 53.233796 | B10: 7.4235929999999986 | C10: 1737
A11: 53.90201999999999 | B11: 14.175820000000002 | C11: 1
A12: 47.53777 | B12: 9.60093 | C12: 0
A13: 52.427 | B13: 14.543 | C13: 5830
... A17: 49.635529999999996 | B17: 12.51965 | C17: 5676

Sheet Electrolyser_Wasserstoffatlas
A2: Domestic | B2: =Overview!E146 -> 60 | C2: TWh/a | D2: TXT | E2: Input
A3: Domestic | B3: =B2*1000000 -> 60000000 | C3: MWh/a | D3: TXT | E3: Calculation
D4: TXT | E4: Referenced from other sheet
A5: Existing Project Production | B5: =SUM(Table12[Peak Load '[MWh/h']])*B9 -> 20901900 | C5: MWh/a | D5: TXT | E5: Hardcoded data
A6: Peak Hour Supply Rounded | B6: =SUM(Table12[Peak Load '[MWh/h']]) -> 5700 | C6: MWh/h
A7: Installed Capacity | B7: =SUM(Table12[[Capacity MW H2 ]]) -> 13614.266 | C7: MW
A8: Efficiency Electrolyzer | B8: 0.68
A9: Full load hour | B9: 3667 | C9: 1870 h–2770 h | D9: 3600
A10: Annual load factor | B10: =B9/(365*24) -> 0.41860731 | C10: Assume the same load factor annually as in peak load
A11: Percentage Feed-In in Peak Hour | B11: =B10 -> 0.41860731 | C11: %
A14: NUTS3 | B14: Landkreis | C14: Elec Capacity MW | D14: Capacity MW H2 | E14: Peak Load [MWh/h]
A15: DE111 | B15: Stuttgart, Stadtkreis | C15: 0.4 | D15: =$B$8*C15 -> 0.272 | E15: =ROUND(D15*$B$10,0) -> 0
A16: DE112 | B16: Böblingen | C16: 0 | D16: =$B$8*C16 -> 0 | E16: =ROUND(D16*$B$10,0) -> 0
A17: DE113 | B17: Esslingen | C17: 1 | D17: =$B$8*C17 -> 0.68 | E17: =ROUND(D17*$B$10,0) -> 0
A18: DE114 | B18: Göppingen | C18: 0 | D18: =$B$8*C18 -> 0 | E18: =ROUND(D18*$B$10,0) -> 0
A19: DE115 | B19: Ludwigsburg | C19: 0 | D19: =$B$8*C19 -> 0 | E19: =ROUND(D19*$B$10,0) -> 0
A20: DE116 | B20: Rems-Murr-Kreis | C20: 2 | D20: =$B$8*C20 -> 1.36 | E20: =ROUND(D20*$B$10,0) -> 1
A21: DE117 | B21: Heilbronn, Stadtkreis | C21: 0 | D21: =$B$8*C21 -> 0 | E21: =ROUND(D21*$B$10,0) -> 0
A22: DE118 | B22: Heilbronn, Landkreis | C22: 0 | D22: =$B$8*C22 -> 0 | E22: =ROUND(D22*$B$10,0) -> 0
A23: DE119 | B23: Hohenlohekreis | C23: 0 | D23: =$B$8*C23 -> 0 | E23: =ROUND(D23*$B$10,0) -> 0
A24: DE11A | B24: Schwäbisch Hall | C24: 0 | D24: =$B$8*C24 -> 0 | E24: =ROUND(D24*$B$10,0) -> 0
A25: DE11B | B25: Main-Tauber-Kreis | C25: 0 | D25: =$B$8*C25 -> 0 | E25: =ROUND(D25*$B$10,0) -> 0
A26: DE11C | B26: Heidenheim | C26: 0 | D26: =$B$8*C26 -> 0 | E26: =ROUND(D26*$B$10,0) -> 0
... A416: DEZZZ | B416: Extra-Regio NUTS 3⁠* | C416: 0 | D416: =$B$8*C416 -> 0 | E416: =ROUND(D416*$B$10,0) -> 0

Sheet Elec_Input
A1: {=Table12[[#All],[NUTS3]]} -> NUTS3 | B1: {=Table12[[#All],[Peak Load '[MWh/h']]]} -> Peak Load [MWh/h]
A2: DE111 | B2: 0
A3: DE112 | B3: 0
A4: DE113 | B4: 0
A5: DE114 | B5: 0
A6: DE115 | B6: 0
A7: DE116 | B7: 1
A8: DE117 | B8: 0
A9: DE118 | B9: 0
A10: DE119 | B10: 0
A11: DE11A | B11: 0
A12: DE11B | B12: 0
A13: DE11C | B13: 0
... A403: DEZZZ | B403: 0

Sheet Industry_Electrolyser
A3: Remaining Domestic Production MWh/a | B3: =Electrolyser_Wasserstoffatlas!B3-Electrolyser_Wasserstoffatlas!B5 -> 39098100 | C3: MWh/a
A4: Full load hour | B4: 3667 | C4: 1870 h–2770 h | D4: In dena | F4: TXT | G4: Input
A5: Annual load factor | B5: =B4/(365*24) -> 0.41860731 | C5: % | F5: TXT | G5: Calculation
A6: Required Electrolyser Production Capacities | B6: =B3/B4 -> 10662.149 | C6: MW | F6: TXT | G6: Referenced from other sheet
A7: According to Dena with 31 GW overall installed capacity | B7: =24000-Electrolyser_Wasserstoffatlas!B7 -> 10385.734 | C7: MW | F7: TXT | G7: Hardcoded data
A9: Annual Electrolyser Production | B9: =SUM(K23:K379)*B4 -> 49882201 | C9: MWh/a
A10: Max Electrolyser Size | B10: 500 | C10: MW
A11: Min Electrolyser Size | B11: 50 | C11: MW
A12: Installed Capacity | B12: =SUM(Table101214[Electrolyser Potential MW]) -> 13603
A13: Percentage Feed-In in Peak Hour | B13: =B5 -> 0.41860731 | C13: %
A14: Peak Hour Supply Potentially | B14: =SUM(Table101214[Potential Peak hour production MWh]) -> 13603 | C14: MWh/h
A15: Peak Hour Supply Rounded | B15: =SUM(Table101214[Peak Load '[MWh/h']]) -> 5689 | C15: MWh/h
A22: SiteId | B22: CompanyName | C22: Subsector_Name | D22: Product | E22: Latitude | F22: Longitude | G22: NUTS3ID | H22: H2-Potential in TWh/a | I22: Potential demand MWh/h | J22: Normalize Demand | K22: Electrolyser Potential MW | L22: Potential Peak hour production MWh | M22: Peak Load [MWh/h]
A23: 16 | B23: Covestro | C23: Chemical industry | E23: 51.36813 | F23: 6.66235 | G23: DEA14 | H23: 0.0544 | I23: =ROUND(Table101214[[#This Row],[H2-Potential in TWh/a]]*1000000/(365*24),0) -> 6 | J23: =Table101214[[#This Row],[Potential demand MWh/h]]/SUM($I$23:$I$379) -> 0.00020510717 | K23: =MIN(IF(Table101214[[#This Row],[Potential demand MWh/h]]>=$B$11,ROUND(Table101214[[#This Row],[Potential demand MWh/h]],0),0),$B$10) -> 0 | L23: =Table101214[[#This Row],[Electrolyser Potential MW]] -> 0 | M23: =ROUND(Table101214[[#This Row],[Potential Peak hour production MWh]]*$B$13,0) -> 0
A24: 17 | B24: Covestro | C24: Chemical industry | E24: 51.08519 | F24: 6.84469 | G24: DEA1D | H24: 0.1005 | I24: =ROUND(Table101214[[#This Row],[H2-Potential in TWh/a]]*1000000/(365*24),0) -> 11 | J24: =Table101214[[#This Row],[Potential demand MWh/h]]/SUM($I$23:$I$379) -> 0.00037602981 | K24: =MIN(IF(Table101214[[#This Row],[Potential demand MWh/h]]>=$B$11,ROUND(Table101214[[#This Row],[Potential demand MWh/h]],0),0),$B$10) -> 0 | L24: =Table101214[[#This Row],[Electrolyser Potential MW]] -> 0 | M24: =ROUND(Table101214[[#This Row],[Potential Peak hour production MWh]]*$B$13,0) -> 0
A25: 18 | B25: INOVYN | C25: Chemical industry | E25: 51.56165 | F25: 6.57928 | G25: DEA1F | H25: 0.0944 | I25: =ROUND(Table101214[[#This Row],[H2-Potential in TWh/a]]*1000000/(365*24),0) -> 11 | J25: =Table101214[[#This Row],[Potential demand MWh/h]]/SUM($I$23:$I$379) -> 0.00037602981 | K25: =MIN(IF(Table101214[[#This Row],[Potential demand MWh/h]]>=$B$11,ROUND(Table101214[[#This Row],[Potential demand MWh/h]],0),0),$B$10) -> 0 | L25: =Table101214[[#This Row],[Electrolyser Potential MW]] -> 0 | M25: =ROUND(Table101214[[#This Row],[Potential Peak hour production MWh]]*$B$13,0) -> 0
A26: 19 | B26: INEOS Manufacturing Deutschland GmbH | C26: Chemical industry | E26: 51.067636 | F26: 6.8467425 | G26: DEA23 | H26: 24.8289 | I26: =ROUND(Table101214[[#This Row],[H2-Potential in TWh/a]]*1000000/(365*24),0) -> 2834 | J26: =Table101214[[#This Row],[Potential demand MWh/h]]/SUM($I$23:$I$379) -> 0.096878953 | K26: =MIN(IF(Table101214[[#This Row],[Potential demand MWh/h]]>=$B$11,ROUND(Table101214[[#This Row],[Potential demand MWh/h]],0),0),$B$10) -> 500 | L26: =Table101214[[#This Row],[Electrolyser Potential MW]] -> 500 | M26: =ROUND(Table101214[[#This Row],[Potential Peak hour production MWh]]*$B$13,0) -> 209
A27: 20 | B27: Covestro | C27: Chemical industry | E27: 51.02508 | F27: 6.98915 | G27: DEA24 | H27: 0.0816 | I27: =ROUND(Table101214[[#This Row],[H2-Potential in TWh/a]]*1000000/(365*24),0) -> 9 | J27: =Table101214[[#This Row],[Potential demand MWh/h]]/SUM($I$23:$I$379) -> 0.00030766075 | K27: =MIN(IF(Table101214[[#This Row],[Potential demand MWh/h]]>=$B$11,ROUND(Table101214[[#This Row],[Potential demand MWh/h]],0),0),$B$10) -> 0 | L27: =Table101214[[#This Row],[Electrolyser Potential MW]] -> 0 | M27: =ROUND(Table101214[[#This Row],[Potential Peak hour production MWh]]*$B$13,0) -> 0
A28: 21 | B28: BASF | C28: Chemical industry | E28: 49.5291 | F28: 8.4247175 | G28: DEB34 | H28: 21.6522 | I28: =ROUND(Table101214[[#This Row],[H2-Potential in TWh/a]]*1000000/(365*24),0) -> 2472 | J28: =Table101214[[#This Row],[Potential demand MWh/h]]/SUM($I$23:$I$379) -> 0.084504153 | K28: =MIN(IF(Table101214[[#This Row],[Potential demand MWh/h]]>=$B$11,ROUND(Table101214[[#This Row],[Potential demand MWh/h]],0),0),$B$10) -> 500 | L28: =Table101214[[#This Row],[Electrolyser Potential MW]] -> 500 | M28: =ROUND(Table101214[[#This Row],[Potential Peak hour production MWh]]*$B$13,0) -> 209
A29: 22 | B29: Basell Polyolefine GmbH Werk Wesseling | C29: Chemical industry | E29: 50.832682 | F29: 6.9440667 | G29: DEA27 | H29: 25.8511 | I29: =ROUND(Table101214[[#This Row],[H2-Potential in TWh/a]]*1000000/(365*24),0) -> 2951 | J29: =Table101214[[#This Row],[Potential demand MWh/h]]/SUM($I$23:$I$379) -> 0.10087854 | K29: =MIN(IF(Table101214[[#This Row],[Potential demand MWh/h]]>=$B$11,ROUND(Table101214[[#This Row],[Potential demand MWh/h]],0),0),$B$10) -> 500 | L29: =Table101214[[#This Row],[Electrolyser Potential MW]] -> 500 | M29: =ROUND(Table101214[[#This Row],[Potential Peak hour production MWh]]*$B$13,0) -> 209
A30: 23 | B30: Evonik Industries | C30: Chemical industry | E30: 50.83062 | F30: 7.02402 | G30: DEA2C | H30: 0.0161 | I30: =ROUND(Table101214[[#This Row],[H2-Potential in TWh/a]]*1000000/(365*24),0) -> 2 | J30: =Table101214[[#This Row],[Potential demand MWh/h]]/SUM($I$23:$I$379) -> 6.8369056e-05 | K30: =MIN(IF(Table101214[[#This Row],[Potential demand MWh/h]]>=$B$11,ROUND(Table101214[[#This Row],[Potential demand MWh/h]],0),0),$B$10) -> 0 | L30: =Table101214[[#This Row],[Electrolyser Potential MW]] -> 0 | M30: =ROUND(Table101214[[#This Row],[Potential Peak hour production MWh]]*$B$13,0) -> 0
A31: 24 | B31: VESTOLIT | C31: Chemical industry | E31: 51.68027 | F31: 7.10186 | G31: DEA36 | H31: 0.0544 | I31: =ROUND(Table101214[[#This Row],[H2-Potential in TWh/a]]*1000000/(365*24),0) -> 6 | J31: =Table101214[[#This Row],[Potential demand MWh/h]]/SUM($I$23:$I$379) -> 0.00020510717 | K31: =MIN(IF(Table101214[[#This Row],[Potential demand MWh/h]]>=$B$11,ROUND(Table101214[[#This Row],[Potential demand MWh/h]],0),0),$B$10) -> 0 | L31: =Table101214[[#This Row],[Electrolyser Potential MW]] -> 0 | M31: =ROUND(Table101214[[#This Row],[Potential Peak hour production MWh]]*$B$13,0) -> 0
A32: 25 | B32: SKW Stickstoffwerke Piesteritz GmbH | C32: Chemical industry | E32: 51.878593 | F32: 12.575129 | G32: DEE0E | H32: 7.0204 | I32: =ROUND(Table101214[[#This Row],[H2-Potential in TWh/a]]*1000000/(365*24),0) -> 801 | J32: =Table101214[[#This Row],[Potential demand MWh/h]]/SUM($I$23:$I$379) -> 0.027381807 | K32: =MIN(IF(Table101214[[#This Row],[Potential demand MWh/h]]>=$B$11,ROUND(Table101214[[#This Row],[Potential demand MWh/h]],0),0),$B$10) -> 500 | L32: =Table101214[[#This Row],[Electrolyser Potential MW]] -> 500 | M32: =ROUND(Table101214[[#This Row],[Potential Peak hour production MWh]]*$B$13,0) -> 209
A33: 26 | B33: Dow | C33: Chemical industry | E33: 51.41207 | F33: 12.02761 | G33: DEE0B | H33: 0.0523 | I33: =ROUND(Table101214[[#This Row],[H2-Potential in TWh/a]]*1000000/(365*24),0) -> 6 | J33: =Table101214[[#This Row],[Potential demand MWh/h]]/SUM($I$23:$I$379) -> 0.00020510717 | K33: =MIN(IF(Table101214[[#This Row],[Potential demand MWh/h]]>=$B$11,ROUND(Table101214[[#This Row],[Potential demand MWh/h]],0),0),$B$10) -> 0 | L33: =Table101214[[#This Row],[Electrolyser Potential MW]] -> 0 | M33: =ROUND(Table101214[[#This Row],[Potential Peak hour production MWh]]*$B$13,0) -> 0
A34: 27 | B34: Nouryon (AkzoNobel) | C34: Chemical industry | E34: 51.63635 | F34: 12.29834 | G34: DEE05 | H34: 0.0207 | I34: =ROUND(Table101214[[#This Row],[H2-Potential in TWh/a]]*1000000/(365*24),0) -> 2 | J34: =Table101214[[#This Row],[Potential demand MWh/h]]/SUM($I$23:$I$379) -> 6.8369056e-05 | K34: =MIN(IF(Table101214[[#This Row],[Potential demand MWh/h]]>=$B$11,ROUND(Table101214[[#This Row],[Potential demand MWh/h]],0),0),$B$10) -> 0 | L34: =Table101214[[#This Row],[Electrolyser Potential MW]] -> 0 | M34: =ROUND(Table101214[[#This Row],[Potential Peak hour production MWh]]*$B$13,0) -> 0
... A122: 115 | B122: Holcim (Deutschland) | C122: Mineral Processing | E122: 53.874165 | F122: 9.5832686 | G122: DEF0E | H122: 1.3657 | I122: =ROUND(Table101214[[#This Row],[H2-Potential in TWh/a]]*1000000/(365*24),0) -> 156 | J122: =Table101214[[#This Row],[Potential demand MWh/h]]/SUM($I$23:$I$379) -> 0.0053327864 | K122: =MIN(IF(Table101214[[#This Row],[Potential demand MWh/h]]>=$B$11,ROUND(Table101214[[#This Row],[Potential demand MWh/h]],0),0),$B$10) -> 156 | L122: =Table101214[[#This Row],[Electrolyser Potential MW]] -> 156 | M122: =ROUND(Table101214[[#This Row],[Potential Peak hour production MWh]]*$B$13,0) -> 65
A123: 116 | B123: Zement- und Kalkwerke Otterbein GmbH & Co. KG | C123: Mineral Processing | E123: 50.58432 | F123: 9.509245 | H123: 0.0495 | I123: =ROUND(Table101214[[#This Row],[H2-Potential in TWh/a]]*1000000/(365*24),0) -> 6 | J123: =Table101214[[#This Row],[Potential demand MWh/h]]/SUM($I$23:$I$379) -> 0.00020510717 | K123: =MIN(IF(Table101214[[#This Row],[Potential demand MWh/h]]>=$B$11,ROUND(Table101214[[#This Row],[Potential demand MWh/h]],0),0),$B$10) -> 0 | L123: =Table101214[[#This Row],[Electrolyser Potential MW]] -> 0 | M123: =ROUND(Table101214[[#This Row],[Potential Peak hour production MWh]]*$B$13,0) -> 0
A124: 117 | B124: Wünschendorfer Dolomitwerk GmbH | C124: Mineral Processing | E124: 50.808852 | F124: 12.09295 | H124: 0.0793 | I124: =ROUND(Table101214[[#This Row],[H2-Potential in TWh/a]]*1000000/(365*24),0) -> 9 | J124: =Table101214[[#This Row],[Potential demand MWh/h]]/SUM($I$23:$I$379) -> 0.00030766075 | K124: =MIN(IF(Table101214[[#This Row],[Potential demand MWh/h]]>=$B$11,ROUND(Table101214[[#This Row],[Potential demand MWh/h]],0),0),$B$10) -> 0 | L124: =Table101214[[#This Row],[Electrolyser Potential MW]] -> 0 | M124: =ROUND(Table101214[[#This Row],[Potential Peak hour production MWh]]*$B$13,0) -> 0
A125: 118 | B125: Fels-Werke GmbH | C125: Mineral Processing | E125: 51.647707 | F125: 10.087452 | H125: 0.0365 | I125: =ROUND(Table101214[[#This Row],[H2-Potential in TWh/a]]*1000000/(365*24),0) -> 4 | J125: =Table101214[[#This Row],[Potential demand MWh/h]]/SUM($I$23:$I$379) -> 0.00013673811 | K125: =MIN(IF(Table101214[[#This Row],[Potential demand MWh/h]]>=$B$11,ROUND(Table101214[[#This Row],[Potential demand MWh/h]],0),0),$B$10) -> 0 | L125: =Table101214[[#This Row],[Electrolyser Potential MW]] -> 0 | M125: =ROUND(Table101214[[#This Row],[Potential Peak hour production MWh]]*$B$13,0) -> 0
A126: 119 | B126: Fels-Werke GmbH | C126: Mineral Processing | E126: 52.490088 | F126: 13.838051 | H126: 0.1404 | I126: =ROUND(Table101214[[#This Row],[H2-Potential in TWh/a]]*1000000/(365*24),0) -> 16 | J126: =Table101214[[#This Row],[Potential demand MWh/h]]/SUM($I$23:$I$379) -> 0.00054695245 | K126: =MIN(IF(Table101214[[#This Row],[Potential demand MWh/h]]>=$B$11,ROUND(Table101214[[#This Row],[Potential demand MWh/h]],0),0),$B$10) -> 0 | L126: =Table101214[[#This Row],[Electrolyser Potential MW]] -> 0 | M126: =ROUND(Table101214[[#This Row],[Potential Peak hour production MWh]]*$B$13,0) -> 0
A127: 120 | B127: Fels-Werke GmbH | C127: Mineral Processing | E127: 51.844586 | F127: 10.18979 | H127: 0.2278 | I127: =ROUND(Table101214[[#This Row],[H2-Potential in TWh/a]]*1000000/(365*24),0) -> 26 | J127: =Table101214[[#This Row],[Potential demand MWh/h]]/SUM($I$23:$I$379) -> 0.00088879773 | K127: =MIN(IF(Table101214[[#This Row],[Potential demand MWh/h]]>=$B$11,ROUND(Table101214[[#This Row],[Potential demand MWh/h]],0),0),$B$10) -> 0 | L127: =Table101214[[#This Row],[Electrolyser Potential MW]] -> 0 | M127: =ROUND(Table101214[[#This Row],[Potential Peak hour production MWh]]*$B$13,0) -> 0
A128: 121 | B128: Fels-Werke GmbH | C128: Mineral Processing | E128: 48.89095 | F128: 11.93212 | H128: 0.208 | I128: =ROUND(Table101214[[#This Row],[H2-Potential in TWh/a]]*1000000/(365*24),0) -> 24 | J128: =Table101214[[#This Row],[Potential demand MWh/h]]/SUM($I$23:$I$379) -> 0.00082042867 | K128: =MIN(IF(Table101214[[#This Row],[Potential demand MWh/h]]>=$B$11,ROUND(Table101214[[#This Row],[Potential demand MWh/h]],0),0),$B$10) -> 0 | L128: =Table101214[[#This Row],[Electrolyser Potential MW]] -> 0 | M128: =ROUND(Table101214[[#This Row],[Potential Peak hour production MWh]]*$B$13,0) -> 0
A129: 122 | B129: Kalkwerke H. Oetelshofen GmbH & Co. KG | C129: Mineral Processing | E129: 51.247683 | F129: 7.044583 | H129: 0.1707 | I129: =ROUND(Table101214[[#This Row],[H2-Potential in TWh/a]]*1000000/(365*24),0) -> 19 | J129: =Table101214[[#This Row],[Potential demand MWh/h]]/SUM($I$23:$I$379) -> 0.00064950603 | K129: =MIN(IF(Table101214[[#This Row],[Potential demand MWh/h]]>=$B$11,ROUND(Table101214[[#This Row],[Potential demand MWh/h]],0),0),$B$10) -> 0 | L129: =Table101214[[#This Row],[Electrolyser Potential MW]] -> 0 | M129: =ROUND(Table101214[[#This Row],[Potential Peak hour production MWh]]*$B$13,0) -> 0
A130: 123 | B130: Fels-Werke GmbH | C130: Mineral Processing | E130: 51.755471 | F130: 10.825817 | H130: 0.5765 | I130: =ROUND(Table101214[[#This Row],[H2-Potential in TWh/a]]*1000000/(365*24),0) -> 66 | J130: =Table101214[[#This Row],[Potential demand MWh/h]]/SUM($I$23:$I$379) -> 0.0022561789 | K130: =MIN(IF(Table101214[[#This Row],[Potential demand MWh/h]]>=$B$11,ROUND(Table101214[[#This Row],[Potential demand MWh/h]],0),0),$B$10) -> 66 | L130: =Table101214[[#This Row],[Electrolyser Potential MW]] -> 66 | M130: =ROUND(Table101214[[#This Row],[Potential Peak hour production MWh]]*$B$13,0) -> 28
A131: 124 | B131: HeidelbergCement AG/ Lhoist? | C131: Mineral Processing | E131: 47.658803 | F131: 7.546019 | H131: 0.1264 | I131: =ROUND(Table101214[[#This Row],[H2-Potential in TWh/a]]*1000000/(365*24),0) -> 14 | J131: =Table101214[[#This Row],[Potential demand MWh/h]]/SUM($I$23:$I$379) -> 0.00047858339 | K131: =MIN(IF(Table101214[[#This Row],[Potential demand MWh/h]]>=$B$11,ROUND(Table101214[[#This Row],[Potential demand MWh/h]],0),0),$B$10) -> 0 | L131: =Table101214[[#This Row],[Electrolyser Potential MW]] -> 0 | M131: =ROUND(Table101214[[#This Row],[Potential Peak hour production MWh]]*$B$13,0) -> 0
A132: 125 | B132: Kalkwerk Rygol GmbH & Co. KG | C132: Mineral Processing | E132: 49.008715 | F132: 11.824687 | H132: 0.208 | I132: =ROUND(Table101214[[#This Row],[H2-Potential in TWh/a]]*1000000/(365*24),0) -> 24 | J132: =Table101214[[#This Row],[Potential demand MWh/h]]/SUM($I$23:$I$379) -> 0.00082042867 | K132: =MIN(IF(Table101214[[#This Row],[Potential demand MWh/h]]>=$B$11,ROUND(Table101214[[#This Row],[Potential demand MWh/h]],0),0),$B$10) -> 0 | L132: =Table101214[[#This Row],[Electrolyser Potential MW]] -> 0 | M132: =ROUND(Table101214[[#This Row],[Potential Peak hour production MWh]]*$B$13,0) -> 0
A133: 126 | B133: Grevenbrücker Kalkwerk GmbH & Co. KG | C133: Mineral Processing | E133: 51.14033 | F133: 8.025404 | H133: 0.0365 | I133: =ROUND(Table101214[[#This Row],[H2-Potential in TWh/a]]*1000000/(365*24),0) -> 4 | J133: =Table101214[[#This Row],[Potential demand MWh/h]]/SUM($I$23:$I$379) -> 0.00013673811 | K133: =MIN(IF(Table101214[[#This Row],[Potential demand MWh/h]]>=$B$11,ROUND(Table101214[[#This Row],[Potential demand MWh/h]],0),0),$B$10) -> 0 | L133: =Table101214[[#This Row],[Electrolyser Potential MW]] -> 0 | M133: =ROUND(Table101214[[#This Row],[Potential Peak hour production MWh]]*$B$13,0) -> 0
A134: 127 | B134: Schaefer Kalk GmbH & Co. KG | C134: Mineral Processing | E134: 50.419099 | F134: 8.1118 | H134: 0.2032 | I134: =ROUND(Table101214[[#This Row],[H2-Potential in TWh/a]]*1000000/(365*24),0) -> 23 | J134: =Table101214[[#This Row],[Potential demand MWh/h]]/SUM($I$23:$I$379) -> 0.00078624415 | K134: =MIN(IF(Table101214[[#This Row],[Potential demand MWh/h]]>=$B$11,ROUND(Table101214[[#This Row],[Potential demand MWh/h]],0),0),$B$10) -> 0 | L134: =Table101214[[#This Row],[Electrolyser Potential MW]] -> 0 | M134: =ROUND(Table101214[[#This Row],[Potential Peak hour production MWh]]*$B$13,0) -> 0
... A174: 167 | B174: Südzucker AG Mannheim/Ochsenfurt | C174: Mineral Processing | E174: 48.78676 | F174: 12.882771 | H174: 0.0882 | I174: =ROUND(Table101214[[#This Row],[H2-Potential in TWh/a]]*1000000/(365*24),0) -> 10 | J174: =Table101214[[#This Row],[Potential demand MWh/h]]/SUM($I$23:$I$379) -> 0.00034184528 | K174: =MIN(IF(Table101214[[#This Row],[Potential demand MWh/h]]>=$B$11,ROUND(Table101214[[#This Row],[Potential demand MWh/h]],0),0),$B$10) -> 0 | L174: =Table101214[[#This Row],[Electrolyser Potential MW]] -> 0 | M174: =ROUND(Table101214[[#This Row],[Potential Peak hour production MWh]]*$B$13,0) -> 0
A175: 168 | B175: Papierfabrik Palm GmbH & Co.KG | C175: Paper and printing | E175: 48.823698 | F175: 10.114241 | G175: DE11D | H175: 0.3674 | I175: =ROUND(Table101214[[#This Row],[H2-Potential in TWh/a]]*1000000/(365*24),0) -> 42 | J175: =Table101214[[#This Row],[Potential demand MWh/h]]/SUM($I$23:$I$379) -> 0.0014357502 | K175: =MIN(IF(Table101214[[#This Row],[Potential demand MWh/h]]>=$B$11,ROUND(Table101214[[#This Row],[Potential demand MWh/h]],0),0),$B$10) -> 0 | L175: =Table101214[[#This Row],[Electrolyser Potential MW]] -> 0 | M175: =ROUND(Table101214[[#This Row],[Potential Peak hour production MWh]]*$B$13,0) -> 0
A176: 169 | B176: Stora Enso Maxau GmbH | C176: Paper and printing | E176: 49.042577 | F176: 8.3132586 | G176: DE122 | H176: 0.7268 | I176: =ROUND(Table101214[[#This Row],[H2-Potential in TWh/a]]*1000000/(365*24),0) -> 83 | J176: =Table101214[[#This Row],[Potential demand MWh/h]]/SUM($I$23:$I$379) -> 0.0028373158 | K176: =MIN(IF(Table101214[[#This Row],[Potential demand MWh/h]]>=$B$11,ROUND(Table101214[[#This Row],[Potential demand MWh/h]],0),0),$B$10) -> 83 | L176: =Table101214[[#This Row],[Electrolyser Potential MW]] -> 83 | M176: =ROUND(Table101214[[#This Row],[Potential Peak hour production MWh]]*$B$13,0) -> 35
A177: 170 | B177: SCA Hygiene Products GmbH Consumer Products | C177: Paper and printing | E177: 49.535499 | F177: 8.4570798 | G177: DE126 | H177: 0.365 | I177: =ROUND(Table101214[[#This Row],[H2-Potential in TWh/a]]*1000000/(365*24),0) -> 42 | J177: =Table101214[[#This Row],[Potential demand MWh/h]]/SUM($I$23:$I$379) -> 0.0014357502 | K177: =MIN(IF(Table101214[[#This Row],[Potential demand MWh/h]]>=$B$11,ROUND(Table101214[[#This Row],[Potential demand MWh/h]],0),0),$B$10) -> 0 | L177: =Table101214[[#This Row],[Electrolyser Potential MW]] -> 0 | M177: =ROUND(Table101214[[#This Row],[Potential Peak hour production MWh]]*$B$13,0) -> 0
A178: 171 | B178: Papierfabrik August Koehler SE | C178: Paper and printing | E178: 48.526812 | F178: 8.086229 | G178: DE134 | H178: 0.1886 | I178: =ROUND(Table101214[[#This Row],[H2-Potential in TWh/a]]*1000000/(365*24),0) -> 22 | J178: =Table101214[[#This Row],[Potential demand MWh/h]]/SUM($I$23:$I$379) -> 0.00075205962 | K178: =MIN(IF(Table101214[[#This Row],[Potential demand MWh/h]]>=$B$11,ROUND(Table101214[[#This Row],[Potential demand MWh/h]],0),0),$B$10) -> 0 | L178: =Table101214[[#This Row],[Electrolyser Potential MW]] -> 0 | M178: =ROUND(Table101214[[#This Row],[Potential Peak hour production MWh]]*$B$13,0) -> 0
A179: 172 | B179: Arctic Paper Mochenwangen GmbH | C179: Paper and printing | E179: 47.882172 | F179: 9.6440041 | G179: DE148 | H179: 0.1164 | I179: =ROUND(Table101214[[#This Row],[H2-Potential in TWh/a]]*1000000/(365*24),0) -> 13 | J179: =Table101214[[#This Row],[Potential demand MWh/h]]/SUM($I$23:$I$379) -> 0.00044439887 | K179: =MIN(IF(Table101214[[#This Row],[Potential demand MWh/h]]>=$B$11,ROUND(Table101214[[#This Row],[Potential demand MWh/h]],0),0),$B$10) -> 0 | L179: =Table101214[[#This Row],[Electrolyser Potential MW]] -> 0 | M179: =ROUND(Table101214[[#This Row],[Potential Peak hour production MWh]]*$B$13,0) -> 0
A180: 173 | B180: Nordland Papier GmbH | C180: Paper and printing | E180: 52.977749 | F180: 7.3623603 | G180: DE949 | H180: 1.9041 | I180: =ROUND(Table101214[[#This Row],[H2-Potential in TWh/a]]*1000000/(365*24),0) -> 217 | J180: =Table101214[[#This Row],[Potential demand MWh/h]]/SUM($I$23:$I$379) -> 0.0074180426 | K180: =MIN(IF(Table101214[[#This Row],[Potential demand MWh/h]]>=$B$11,ROUND(Table101214[[#This Row],[Potential demand MWh/h]],0),0),$B$10) -> 217 | L180: =Table101214[[#This Row],[Electrolyser Potential MW]] -> 217 | M180: =ROUND(Table101214[[#This Row],[Potential Peak hour production MWh]]*$B$13,0) -> 91
A181: 174 | B181: Smurfit Kappa Hoya Papier und Karton GmbH | C181: Paper and printing | E181: 52.81138 | F181: 9.1502022 | G181: DE927 | H181: 0.4 | I181: =ROUND(Table101214[[#This Row],[H2-Potential in TWh/a]]*1000000/(365*24),0) -> 46 | J181: =Table101214[[#This Row],[Potential demand MWh/h]]/SUM($I$23:$I$379) -> 0.0015724883 | K181: =MIN(IF(Table101214[[#This Row],[Potential demand MWh/h]]>=$B$11,ROUND(Table101214[[#This Row],[Potential demand MWh/h]],0),0),$B$10) -> 0 | L181: =Table101214[[#This Row],[Electrolyser Potential MW]] -> 0 | M181: =ROUND(Table101214[[#This Row],[Potential Peak hour production MWh]]*$B$13,0) -> 0
A182: 175 | B182: Sappi Alfeld GmbH | C182: Paper and printing | E182: 51.985963 | F182: 9.8207632 | G182: DE925 | H182: 0.2726 | I182: =ROUND(Table101214[[#This Row],[H2-Potential in TWh/a]]*1000000/(365*24),0) -> 31 | J182: =Table101214[[#This Row],[Potential demand MWh/h]]/SUM($I$23:$I$379) -> 0.0010597204 | K182: =MIN(IF(Table101214[[#This Row],[Potential demand MWh/h]]>=$B$11,ROUND(Table101214[[#This Row],[Potential demand MWh/h]],0),0),$B$10) -> 0 | L182: =Table101214[[#This Row],[Electrolyser Potential MW]] -> 0 | M182: =ROUND(Table101214[[#This Row],[Potential Peak hour production MWh]]*$B$13,0) -> 0
A183: 176 | B183: Papier- u. Kartonfabrik Varel GmbH & Co. KG | C183: Paper and printing | E183: 53.403056 | F183: 8.1328159 | G183: DE94A | H183: 0.654 | I183: =ROUND(Table101214[[#This Row],[H2-Potential in TWh/a]]*1000000/(365*24),0) -> 75 | J183: =Table101214[[#This Row],[Potential demand MWh/h]]/SUM($I$23:$I$379) -> 0.0025638396 | K183: =MIN(IF(Table101214[[#This Row],[Potential demand MWh/h]]>=$B$11,ROUND(Table101214[[#This Row],[Potential demand MWh/h]],0),0),$B$10) -> 75 | L183: =Table101214[[#This Row],[Electrolyser Potential MW]] -> 75 | M183: =ROUND(Table101214[[#This Row],[Potential Peak hour production MWh]]*$B$13,0) -> 31
A184: 177 | B184: Schoeller Technocell GmbH & Co. KG | C184: Paper and printing | E184: 52.274592 | F184: 8.1206237 | G184: DE944 | H184: 0.1022 | I184: =ROUND(Table101214[[#This Row],[H2-Potential in TWh/a]]*1000000/(365*24),0) -> 12 | J184: =Table101214[[#This Row],[Potential demand MWh/h]]/SUM($I$23:$I$379) -> 0.00041021434 | K184: =MIN(IF(Table101214[[#This Row],[Potential demand MWh/h]]>=$B$11,ROUND(Table101214[[#This Row],[Potential demand MWh/h]],0),0),$B$10) -> 0 | L184: =Table101214[[#This Row],[Electrolyser Potential MW]] -> 0 | M184: =ROUND(Table101214[[#This Row],[Potential Peak hour production MWh]]*$B$13,0) -> 0
A185: 178 | B185: Ahlstrom Osnabrück GmbH | C185: Paper and printing | E185: 52.294765 | F185: 8.0242368 | G185: DE944 | H185: 0.1238 | I185: =ROUND(Table101214[[#This Row],[H2-Potential in TWh/a]]*1000000/(365*24),0) -> 14 | J185: =Table101214[[#This Row],[Potential demand MWh/h]]/SUM($I$23:$I$379) -> 0.00047858339 | K185: =MIN(IF(Table101214[[#This Row],[Potential demand MWh/h]]>=$B$11,ROUND(Table101214[[#This Row],[Potential demand MWh/h]],0),0),$B$10) -> 0 | L185: =Table101214[[#This Row],[Electrolyser Potential MW]] -> 0 | M185: =ROUND(Table101214[[#This Row],[Potential Peak hour production MWh]]*$B$13,0) -> 0
A186: 179 | B186: Smurfit Kappa Zülpich Papier | C186: Paper and printing | E186: 50.706592 | F186: 6.6530059 | G186: DEA28 | H186: 0.482 | I186: =ROUND(Table101214[[#This Row],[H2-Potential in TWh/a]]*1000000/(365*24),0) -> 55 | J186: =Table101214[[#This Row],[Potential demand MWh/h]]/SUM($I$23:$I$379) -> 0.001880149 | K186: =MIN(IF(Table101214[[#This Row],[Potential demand MWh/h]]>=$B$11,ROUND(Table101214[[#This Row],[Potential demand MWh/h]],0),0),$B$10) -> 55 | L186: =Table101214[[#This Row],[Electrolyser Potential MW]] -> 55 | M186: =ROUND(Table101214[[#This Row],[Potential Peak hour production MWh]]*$B$13,0) -> 23
... A379: 383 | B379: ArcelorMittal Duisburg GmbH | C379: Steel, primary | E379: 53.524785 | F379: 9.9000511 | G379: DE600 | H379: 0.816 | I379: =ROUND(Table101214[[#This Row],[H2-Potential in TWh/a]]*1000000/(365*24),0) -> 93 | J379: =Table101214[[#This Row],[Potential demand MWh/h]]/SUM($I$23:$I$379) -> 0.0031791611 | K379: =MIN(IF(Table101214[[#This Row],[Potential demand MWh/h]]>=$B$11,ROUND(Table101214[[#This Row],[Potential demand MWh/h]],0),0),$B$10) -> 93 | L379: =Table101214[[#This Row],[Electrolyser Potential MW]] -> 93 | M379: =ROUND(Table101214[[#This Row],[Potential Peak hour production MWh]]*$B$13,0) -> 39

Sheet Ind_Elec_Input
A1: {=Industry_Electrolyser!E22:E379} -> Latitude | B1: {=Industry_Electrolyser!F22:F379} -> Longitude | C1: {=Industry_Electrolyser!M22:M379} -> Peak Load [MWh/h]
A2: 51.36813 | B2: 6.66235 | C2: 0
A3: 51.08519 | B3: 6.84469 | C3: 0
A4: 51.56165 | B4: 6.57928 | C4: 0
A5: 51.067636 | B5: 6.8467425 | C5: 209
A6: 51.02508 | B6: 6.98915 | C6: 0
A7: 49.5291 | B7: 8.4247175 | C7: 209
A8: 50.832682 | B8: 6.9440667 | C8: 209
A9: 50.83062 | B9: 7.02402 | C9: 0
A10: 51.68027 | B10: 7.10186 | C10: 0
A11: 51.878593 | B11: 12.575129 | C11: 209
A12: 51.41207 | B12: 12.02761 | C12: 0
A13: 51.63635 | B13: 12.29834 | C13: 0
... A358: 53.524785 | B358: 9.9000511 | C358: 39

Sheet Industry
A3: Industrial Technical Potential Demand | B3: =SUM(Table10[H2-Potential in TWh/a]) -> 330.7492 | C3: TWh/a
A4: Industrial Technical Potential Demand | B4: =SUM(Table10[Potential demand TWh/h]) -> 0.037756758 | C4: TWh/jh
F5: TXT | G5: Input
A6: Demand | B6: =Overview!E72 -> 190 | C6: TWh/a | F6: TXT | G6: Calculation
A7: Peak Hour Demand | B7: =B6*1000000/(365*24) -> 21689.498 | C7: MWh/h | F7: TXT | G7: Referenced from other sheet
A8: Peak Hour Demand Rounded | B8: =SUM(Table10[Peak Load '[MWh/h']]) -> 21684 | C8: MWh/h | F8: TXT | G8: Hardcoded data
A13: SiteId | B13: CompanyName | C13: Subsector_Name | D13: Product | E13: Latitude | F13: Longitude | G13: NUTS3ID | H13: H2-Potential in TWh/a | I13: Potential demand TWh/h | J13: Relative Potential | K13: Peak Load [MWh/h]
A14: 1 | B14: Shell Deutschland Oil GmbH Rheinland Raffinerie Werk Nord | C14: Refineries | E14: 50.854993 | F14: 6.9768455 | G14: DEA23 | H14: 1.5837 | I14: =Table10[[#This Row],[H2-Potential in TWh/a]]/(365*24) -> 0.00018078767 | J14: =Table10[[#This Row],[H2-Potential in TWh/a]]/$B$3 -> 0.0047882202 | K14: =ROUND(Table10[[#This Row],[Relative Potential]]*$B$6*1000000/(365*24),0) -> 104
A15: 2 | B15: Shell Deutschland Oil GmbH Rheinland Raffinerie, Werk Süd | C15: Refineries | E15: 50.81411 | F15: 7.0057563 | G15: DEA27 | H15: 10.2139 | I15: =Table10[[#This Row],[H2-Potential in TWh/a]]/(365*24) -> 0.0011659703 | J15: =Table10[[#This Row],[H2-Potential in TWh/a]]/$B$3 -> 0.030881103 | K15: =ROUND(Table10[[#This Row],[Relative Potential]]*$B$6*1000000/(365*24),0) -> 670
A16: 3 | B16: RUHR OEL GMBH Werk Scholven | C16: Refineries | E16: 51.596033 | F16: 7.0289085 | G16: DEA32 | H16: 28.8769 | I16: =Table10[[#This Row],[H2-Potential in TWh/a]]/(365*24) -> 0.0032964498 | J16: =Table10[[#This Row],[H2-Potential in TWh/a]]/$B$3 -> 0.087307543 | K16: =ROUND(Table10[[#This Row],[Relative Potential]]*$B$6*1000000/(365*24),0) -> 1894
A17: 4 | B17: Ruhr Oel GmbH Werk Horst | C17: Refineries | E17: 51.539607 | F17: 7.0372028 | G17: DEA32 | H17: 1.894 | I17: =Table10[[#This Row],[H2-Potential in TWh/a]]/(365*24) -> 0.00021621005 | J17: =Table10[[#This Row],[H2-Potential in TWh/a]]/$B$3 -> 0.0057263933 | K17: =ROUND(Table10[[#This Row],[Relative Potential]]*$B$6*1000000/(365*24),0) -> 124
A18: 5 | B18: TOTAL Raffinerie Mitteldeutschland GmbH (Raffinerie/POX) | C18: Refineries | E18: 51.289677 | F18: 11.990582 | G18: DEE0B | H18: 5.1709 | I18: =Table10[[#This Row],[H2-Potential in TWh/a]]/(365*24) -> 0.00059028539 | J18: =Table10[[#This Row],[H2-Potential in TWh/a]]/$B$3 -> 0.0156339 | K18: =ROUND(Table10[[#This Row],[Relative Potential]]*$B$6*1000000/(365*24),0) -> 339
A19: 6 | B19: PCK Raffinerie GmbH Schwedt | C19: Refineries | E19: 53.087585 | F19: 14.238122 | G19: DE40I | H19: 2.5868 | I19: =Table10[[#This Row],[H2-Potential in TWh/a]]/(365*24) -> 0.0002952968 | J19: =Table10[[#This Row],[H2-Potential in TWh/a]]/$B$3 -> 0.0078210318 | K19: =ROUND(Table10[[#This Row],[Relative Potential]]*$B$6*1000000/(365*24),0) -> 170
A20: 7 | B20: Holborn Europa Raffinerie GmbH | C20: Refineries | E20: 53.477086 | F20: 9.9515819 | G20: DE600 | H20: 0.9171 | I20: =Table10[[#This Row],[H2-Potential in TWh/a]]/(365*24) -> 0.00010469178 | J20: =Table10[[#This Row],[H2-Potential in TWh/a]]/$B$3 -> 0.0027727958 | K20: =ROUND(Table10[[#This Row],[Relative Potential]]*$B$6*1000000/(365*24),0) -> 60
A21: 8 | B21: Nynas Raffinerie Harburg-Süd | C21: Refineries | E21: 53.485769 | F21: 9.969356 | G21: DE600 | H21: 0.5171 | I21: =Table10[[#This Row],[H2-Potential in TWh/a]]/(365*24) -> 5.902968e-05 | J21: =Table10[[#This Row],[H2-Potential in TWh/a]]/$B$3 -> 0.0015634203 | K21: =ROUND(Table10[[#This Row],[Relative Potential]]*$B$6*1000000/(365*24),0) -> 34
A22: 9 | B22: Raffinerie Heide GmbH | C22: Refineries | E22: 54.160831 | F22: 9.0797744 | G22: DEF05 | H22: 3.5439 | I22: =Table10[[#This Row],[H2-Potential in TWh/a]]/(365*24) -> 0.00040455479 | J22: =Table10[[#This Row],[H2-Potential in TWh/a]]/$B$3 -> 0.010714765 | K22: =ROUND(Table10[[#This Row],[Relative Potential]]*$B$6*1000000/(365*24),0) -> 232
A23: 10 | B23: BAYERNOIL Betriebsteil Neustadt | C23: Refineries | E23: 48.784993 | F23: 11.757977 | G23: DE226 | H23: 0.7017 | I23: =Table10[[#This Row],[H2-Potential in TWh/a]]/(365*24) -> 8.010274e-05 | J23: =Table10[[#This Row],[H2-Potential in TWh/a]]/$B$3 -> 0.0021215471 | K23: =ROUND(Table10[[#This Row],[Relative Potential]]*$B$6*1000000/(365*24),0) -> 46
A24: 11 | B24: BP Europa SE BP Lingen | C24: Refineries | E24: 52.561854 | F24: 7.3118146 | G24: DE949 | H24: 1.0601 | I24: =Table10[[#This Row],[H2-Potential in TWh/a]]/(365*24) -> 0.00012101598 | J24: =Table10[[#This Row],[H2-Potential in TWh/a]]/$B$3 -> 0.0032051476 | K24: =ROUND(Table10[[#This Row],[Relative Potential]]*$B$6*1000000/(365*24),0) -> 70
A25: 12 | B25: OMV Werk Burghausen | C25: Refineries | E25: 48.194977 | F25: 12.832491 | G25: DE214 | H25: 12.062 | I25: =Table10[[#This Row],[H2-Potential in TWh/a]]/(365*24) -> 0.0013769406 | J25: =Table10[[#This Row],[H2-Potential in TWh/a]]/$B$3 -> 0.03646872 | K25: =ROUND(Table10[[#This Row],[Relative Potential]]*$B$6*1000000/(365*24),0) -> 791
... A128: 115 | B128: Holcim (Deutschland) | C128: Mineral Processing | E128: 53.874165 | F128: 9.5832686 | G128: DEF0E | H128: 1.3657 | I128: =Table10[[#This Row],[H2-Potential in TWh/a]]/(365*24) -> 0.00015590183 | J128: =Table10[[#This Row],[H2-Potential in TWh/a]]/$B$3 -> 0.0041291105 | K128: =ROUND(Table10[[#This Row],[Relative Potential]]*$B$6*1000000/(365*24),0) -> 90
A129: 116 | B129: Zement- und Kalkwerke Otterbein GmbH & Co. KG | C129: Mineral Processing | E129: 50.58432 | F129: 9.509245 | H129: 0.0495 | I129: =Table10[[#This Row],[H2-Potential in TWh/a]]/(365*24) -> 5.6506849e-06 | J129: =Table10[[#This Row],[H2-Potential in TWh/a]]/$B$3 -> 0.00014966023 | K129: =ROUND(Table10[[#This Row],[Relative Potential]]*$B$6*1000000/(365*24),0) -> 3
A130: 117 | B130: Wünschendorfer Dolomitwerk GmbH | C130: Mineral Processing | E130: 50.808852 | F130: 12.09295 | H130: 0.0793 | I130: =Table10[[#This Row],[H2-Potential in TWh/a]]/(365*24) -> 9.0525114e-06 | J130: =Table10[[#This Row],[H2-Potential in TWh/a]]/$B$3 -> 0.00023975871 | K130: =ROUND(Table10[[#This Row],[Relative Potential]]*$B$6*1000000/(365*24),0) -> 5
A131: 118 | B131: Fels-Werke GmbH | C131: Mineral Processing | E131: 51.647707 | F131: 10.087452 | H131: 0.0365 | I131: =Table10[[#This Row],[H2-Potential in TWh/a]]/(365*24) -> 4.1666667e-06 | J131: =Table10[[#This Row],[H2-Potential in TWh/a]]/$B$3 -> 0.00011035552 | K131: =ROUND(Table10[[#This Row],[Relative Potential]]*$B$6*1000000/(365*24),0) -> 2
A132: 119 | B132: Fels-Werke GmbH | C132: Mineral Processing | E132: 52.490088 | F132: 13.838051 | H132: 0.1404 | I132: =Table10[[#This Row],[H2-Potential in TWh/a]]/(365*24) -> 1.6027397e-05 | J132: =Table10[[#This Row],[H2-Potential in TWh/a]]/$B$3 -> 0.00042449082 | K132: =ROUND(Table10[[#This Row],[Relative Potential]]*$B$6*1000000/(365*24),0) -> 9
A133: 120 | B133: Fels-Werke GmbH | C133: Mineral Processing | E133: 51.844586 | F133: 10.18979 | H133: 0.2278 | I133: =Table10[[#This Row],[H2-Potential in TWh/a]]/(365*24) -> 2.6004566e-05 | J133: =Table10[[#This Row],[H2-Potential in TWh/a]]/$B$3 -> 0.00068873938 | K133: =ROUND(Table10[[#This Row],[Relative Potential]]*$B$6*1000000/(365*24),0) -> 15
A134: 121 | B134: Fels-Werke GmbH | C134: Mineral Processing | E134: 48.89095 | F134: 11.93212 | H134: 0.208 | I134: =Table10[[#This Row],[H2-Potential in TWh/a]]/(365*24) -> 2.3744292e-05 | J134: =Table10[[#This Row],[H2-Potential in TWh/a]]/$B$3 -> 0.00062887529 | K134: =ROUND(Table10[[#This Row],[Relative Potential]]*$B$6*1000000/(365*24),0) -> 14
A135: 122 | B135: Kalkwerke H. Oetelshofen GmbH & Co. KG | C135: Mineral Processing | E135: 51.247683 | F135: 7.044583 | H135: 0.1707 | I135: =Table10[[#This Row],[H2-Potential in TWh/a]]/(365*24) -> 1.9486301e-05 | J135: =Table10[[#This Row],[H2-Potential in TWh/a]]/$B$3 -> 0.00051610102 | K135: =ROUND(Table10[[#This Row],[Relative Potential]]*$B$6*1000000/(365*24),0) -> 11
A136: 123 | B136: Fels-Werke GmbH | C136: Mineral Processing | E136: 51.755471 | F136: 10.825817 | H136: 0.5765 | I136: =Table10[[#This Row],[H2-Potential in TWh/a]]/(365*24) -> 6.5810502e-05 | J136: =Table10[[#This Row],[H2-Potential in TWh/a]]/$B$3 -> 0.0017430125 | K136: =ROUND(Table10[[#This Row],[Relative Potential]]*$B$6*1000000/(365*24),0) -> 38
A137: 124 | B137: HeidelbergCement AG/ Lhoist? | C137: Mineral Processing | E137: 47.658803 | F137: 7.546019 | H137: 0.1264 | I137: =Table10[[#This Row],[H2-Potential in TWh/a]]/(365*24) -> 1.4429224e-05 | J137: =Table10[[#This Row],[H2-Potential in TWh/a]]/$B$3 -> 0.00038216268 | K137: =ROUND(Table10[[#This Row],[Relative Potential]]*$B$6*1000000/(365*24),0) -> 8
A138: 125 | B138: Kalkwerk Rygol GmbH & Co. KG | C138: Mineral Processing | E138: 49.008715 | F138: 11.824687 | H138: 0.208 | I138: =Table10[[#This Row],[H2-Potential in TWh/a]]/(365*24) -> 2.3744292e-05 | J138: =Table10[[#This Row],[H2-Potential in TWh/a]]/$B$3 -> 0.00062887529 | K138: =ROUND(Table10[[#This Row],[Relative Potential]]*$B$6*1000000/(365*24),0) -> 14
A139: 126 | B139: Grevenbrücker Kalkwerk GmbH & Co. KG | C139: Mineral Processing | E139: 51.14033 | F139: 8.025404 | H139: 0.0365 | I139: =Table10[[#This Row],[H2-Potential in TWh/a]]/(365*24) -> 4.1666667e-06 | J139: =Table10[[#This Row],[H2-Potential in TWh/a]]/$B$3 -> 0.00011035552 | K139: =ROUND(Table10[[#This Row],[Relative Potential]]*$B$6*1000000/(365*24),0) -> 2
A140: 127 | B140: Schaefer Kalk GmbH & Co. KG | C140: Mineral Processing | E140: 50.419099 | F140: 8.1118 | H140: 0.2032 | I140: =Table10[[#This Row],[H2-Potential in TWh/a]]/(365*24) -> 2.3196347e-05 | J140: =Table10[[#This Row],[H2-Potential in TWh/a]]/$B$3 -> 0.00061436279 | K140: =ROUND(Table10[[#This Row],[Relative Potential]]*$B$6*1000000/(365*24),0) -> 13
... A180: 167 | B180: Südzucker AG Mannheim/Ochsenfurt | C180: Mineral Processing | E180: 48.78676 | F180: 12.882771 | H180: 0.0882 | I180: =Table10[[#This Row],[H2-Potential in TWh/a]]/(365*24) -> 1.0068493e-05 | J180: =Table10[[#This Row],[H2-Potential in TWh/a]]/$B$3 -> 0.00026666731 | K180: =ROUND(Table10[[#This Row],[Relative Potential]]*$B$6*1000000/(365*24),0) -> 6
A181: 168 | B181: Papierfabrik Palm GmbH & Co.KG | C181: Paper and printing | E181: 48.823698 | F181: 10.114241 | G181: DE11D | H181: 0.3674 | I181: =Table10[[#This Row],[H2-Potential in TWh/a]]/(365*24) -> 4.1940639e-05 | J181: =Table10[[#This Row],[H2-Potential in TWh/a]]/$B$3 -> 0.0011108115 | K181: =ROUND(Table10[[#This Row],[Relative Potential]]*$B$6*1000000/(365*24),0) -> 24
A182: 169 | B182: Stora Enso Maxau GmbH | C182: Paper and printing | E182: 49.042577 | F182: 8.3132586 | G182: DE122 | H182: 0.7268 | I182: =Table10[[#This Row],[H2-Potential in TWh/a]]/(365*24) -> 8.2968037e-05 | J182: =Table10[[#This Row],[H2-Potential in TWh/a]]/$B$3 -> 0.0021974354 | K182: =ROUND(Table10[[#This Row],[Relative Potential]]*$B$6*1000000/(365*24),0) -> 48
A183: 170 | B183: SCA Hygiene Products GmbH Consumer Products | C183: Paper and printing | E183: 49.535499 | F183: 8.4570798 | G183: DE126 | H183: 0.365 | I183: =Table10[[#This Row],[H2-Potential in TWh/a]]/(365*24) -> 4.1666667e-05 | J183: =Table10[[#This Row],[H2-Potential in TWh/a]]/$B$3 -> 0.0011035552 | K183: =ROUND(Table10[[#This Row],[Relative Potential]]*$B$6*1000000/(365*24),0) -> 24
A184: 171 | B184: Papierfabrik August Koehler SE | C184: Paper and printing | E184: 48.526812 | F184: 8.086229 | G184: DE134 | H184: 0.1886 | I184: =Table10[[#This Row],[H2-Potential in TWh/a]]/(365*24) -> 2.152968e-05 | J184: =Table10[[#This Row],[H2-Potential in TWh/a]]/$B$3 -> 0.00057022058 | K184: =ROUND(Table10[[#This Row],[Relative Potential]]*$B$6*1000000/(365*24),0) -> 12
A185: 172 | B185: Arctic Paper Mochenwangen GmbH | C185: Paper and printing | E185: 47.882172 | F185: 9.6440041 | G185: DE148 | H185: 0.1164 | I185: =Table10[[#This Row],[H2-Potential in TWh/a]]/(365*24) -> 1.3287671e-05 | J185: =Table10[[#This Row],[H2-Potential in TWh/a]]/$B$3 -> 0.00035192829 | K185: =ROUND(Table10[[#This Row],[Relative Potential]]*$B$6*1000000/(365*24),0) -> 8
A186: 173 | B186: Nordland Papier GmbH | C186: Paper and printing | E186: 52.977749 | F186: 7.3623603 | G186: DE949 | H186: 1.9041 | I186: =Table10[[#This Row],[H2-Potential in TWh/a]]/(365*24) -> 0.00021736301 | J186: =Table10[[#This Row],[H2-Potential in TWh/a]]/$B$3 -> 0.00575693 | K186: =ROUND(Table10[[#This Row],[Relative Potential]]*$B$6*1000000/(365*24),0) -> 125
A187: 174 | B187: Smurfit Kappa Hoya Papier und Karton GmbH | C187: Paper and printing | E187: 52.81138 | F187: 9.1502022 | G187: DE927 | H187: 0.4 | I187: =Table10[[#This Row],[H2-Potential in TWh/a]]/(365*24) -> 4.56621e-05 | J187: =Table10[[#This Row],[H2-Potential in TWh/a]]/$B$3 -> 0.0012093756 | K187: =ROUND(Table10[[#This Row],[Relative Potential]]*$B$6*1000000/(365*24),0) -> 26
A188: 175 | B188: Sappi Alfeld GmbH | C188: Paper and printing | E188: 51.985963 | F188: 9.8207632 | G188: DE925 | H188: 0.2726 | I188: =Table10[[#This Row],[H2-Potential in TWh/a]]/(365*24) -> 3.1118721e-05 | J188: =Table10[[#This Row],[H2-Potential in TWh/a]]/$B$3 -> 0.00082418945 | K188: =ROUND(Table10[[#This Row],[Relative Potential]]*$B$6*1000000/(365*24),0) -> 18
A189: 176 | B189: Papier- u. Kartonfabrik Varel GmbH & Co. KG | C189: Paper and printing | E189: 53.403056 | F189: 8.1328159 | G189: DE94A | H189: 0.654 | I189: =Table10[[#This Row],[H2-Potential in TWh/a]]/(365*24) -> 7.4657534e-05 | J189: =Table10[[#This Row],[H2-Potential in TWh/a]]/$B$3 -> 0.001977329 | K189: =ROUND(Table10[[#This Row],[Relative Potential]]*$B$6*1000000/(365*24),0) -> 43
A190: 177 | B190: Schoeller Technocell GmbH & Co. KG | C190: Paper and printing | E190: 52.274592 | F190: 8.1206237 | G190: DE944 | H190: 0.1022 | I190: =Table10[[#This Row],[H2-Potential in TWh/a]]/(365*24) -> 1.1666667e-05 | J190: =Table10[[#This Row],[H2-Potential in TWh/a]]/$B$3 -> 0.00030899546 | K190: =ROUND(Table10[[#This Row],[Relative Potential]]*$B$6*1000000/(365*24),0) -> 7
A191: 178 | B191: Ahlstrom Osnabrück GmbH | C191: Paper and printing | E191: 52.294765 | F191: 8.0242368 | G191: DE944 | H191: 0.1238 | I191: =Table10[[#This Row],[H2-Potential in TWh/a]]/(365*24) -> 1.413242e-05 | J191: =Table10[[#This Row],[H2-Potential in TWh/a]]/$B$3 -> 0.00037430174 | K191: =ROUND(Table10[[#This Row],[Relative Potential]]*$B$6*1000000/(365*24),0) -> 8
A192: 179 | B192: Smurfit Kappa Zülpich Papier | C192: Paper and printing | E192: 50.706592 | F192: 6.6530059 | G192: DEA28 | H192: 0.482 | I192: =Table10[[#This Row],[H2-Potential in TWh/a]]/(365*24) -> 5.5022831e-05 | J192: =Table10[[#This Row],[H2-Potential in TWh/a]]/$B$3 -> 0.0014572976 | K192: =ROUND(Table10[[#This Row],[Relative Potential]]*$B$6*1000000/(365*24),0) -> 32
... A385: 383 | B385: ArcelorMittal Duisburg GmbH | C385: Steel, primary | E385: 53.524785 | F385: 9.9000511 | G385: DE600 | H385: 0.816 | I385: =Table10[[#This Row],[H2-Potential in TWh/a]]/(365*24) -> 9.3150685e-05 | J385: =Table10[[#This Row],[H2-Potential in TWh/a]]/$B$3 -> 0.0024671261 | K385: =ROUND(Table10[[#This Row],[Relative Potential]]*$B$6*1000000/(365*24),0) -> 54

Sheet Ind_Input
A1: {=Table10[[#All],[Latitude]]} -> Latitude | B1: {=Table10[[#All],[Longitude]]} -> Longitude | C1: {=Table10[[#All],[Peak Load '[MWh/h']]]} -> Peak Load [MWh/h]
A2: 50.854993 | B2: 6.9768455 | C2: 104
A3: 50.81411 | B3: 7.0057563 | C3: 670
A4: 51.596033 | B4: 7.0289085 | C4: 1894
A5: 51.539607 | B5: 7.0372028 | C5: 124
A6: 51.289677 | B6: 11.990582 | C6: 339
A7: 53.087585 | B7: 14.238122 | C7: 170
A8: 53.477086 | B8: 9.9515819 | C8: 60
A9: 53.485769 | B9: 9.969356 | C9: 34
A10: 54.160831 | B10: 9.0797744 | C10: 232
A11: 48.784993 | B11: 11.757977 | C11: 46
A12: 52.561854 | B12: 7.3118146 | C12: 70
A13: 48.194977 | B13: 12.832491 | C13: 791
... A373: 53.524785 | B373: 9.9000511 | C373: 54

Sheet Refineries
A1: Industrial Technical Potential Demand | B1: =SUM(Table14[H2-Potential in TWh/a]) -> 74.4545 | C1: TWh/a
A2: Industrial Technical Potential Demand | B2: =SUM(Table14[Potential demand MWh/h]) -> 8499.3721 | C2: MWh/h
A4: Demand | B4: =Overview!E71 -> 0 | C4: TWh/a
A5: Peak Hour Demand | B5: =B4*1000000/(365*24) -> 0 | C5: MWh/h
A6: Peak Hour Demand Rounded | B6: =SUM(Table14[Peak Load '[MWh/h']]) -> 0 | C6: MWh/h
A10: SiteId | B10: CompanyName | C10: Subsector_Name | D10: Product | E10: Latitude | F10: Longitude | G10: NUTS3ID | H10: H2-Potential in TWh/a | I10: Potential demand MWh/h | J10: Normalize Demand | K10: Peak Load [MWh/h]
A11: 1 | B11: Shell Deutschland Oil GmbH Rheinland Raffinerie Werk Nord | C11: Refineries | E11: 50.854993 | F11: 6.9768455 | G11: DEA23 | H11: 1.5837 | I11: =Table14[[#This Row],[H2-Potential in TWh/a]]*1000000/(365*24) -> 180.78767 | J11: =Table14[[#This Row],[Potential demand MWh/h]]/SUM(Table14[Potential demand MWh/h]) -> 0.021270709 | K11: =ROUND(Table14[[#This Row],[Normalize Demand]]*$B$4/(365*24),0) -> 0
A12: 2 | B12: Shell Deutschland Oil GmbH Rheinland Raffinerie, Werk Süd | C12: Refineries | E12: 50.81411 | F12: 7.0057563 | G12: DEA27 | H12: 10.2139 | I12: =Table14[[#This Row],[H2-Potential in TWh/a]]*1000000/(365*24) -> 1165.9703 | J12: =Table14[[#This Row],[Potential demand MWh/h]]/SUM(Table14[Potential demand MWh/h]) -> 0.13718311 | K12: =ROUND(Table14[[#This Row],[Normalize Demand]]*$B$4/(365*24),0) -> 0
A13: 3 | B13: RUHR OEL GMBH Werk Scholven | C13: Refineries | E13: 51.596033 | F13: 7.0289085 | G13: DEA32 | H13: 28.8769 | I13: =Table14[[#This Row],[H2-Potential in TWh/a]]*1000000/(365*24) -> 3296.4498 | J13: =Table14[[#This Row],[Potential demand MWh/h]]/SUM(Table14[Potential demand MWh/h]) -> 0.38784627 | K13: =ROUND(Table14[[#This Row],[Normalize Demand]]*$B$4/(365*24),0) -> 0
A14: 4 | B14: Ruhr Oel GmbH Werk Horst | C14: Refineries | E14: 51.539607 | F14: 7.0372028 | G14: DEA32 | H14: 1.894 | I14: =Table14[[#This Row],[H2-Potential in TWh/a]]*1000000/(365*24) -> 216.21005 | J14: =Table14[[#This Row],[Potential demand MWh/h]]/SUM(Table14[Potential demand MWh/h]) -> 0.025438355 | K14: =ROUND(Table14[[#This Row],[Normalize Demand]]*$B$4/(365*24),0) -> 0
A15: 5 | B15: TOTAL Raffinerie Mitteldeutschland GmbH (Raffinerie/POX) | C15: Refineries | E15: 51.289677 | F15: 11.990582 | G15: DEE0B | H15: 5.1709 | I15: =Table14[[#This Row],[H2-Potential in TWh/a]]*1000000/(365*24) -> 590.28539 | J15: =Table14[[#This Row],[Potential demand MWh/h]]/SUM(Table14[Potential demand MWh/h]) -> 0.06945047 | K15: =ROUND(Table14[[#This Row],[Normalize Demand]]*$B$4/(365*24),0) -> 0
A16: 6 | B16: PCK Raffinerie GmbH Schwedt | C16: Refineries | E16: 53.087585 | F16: 14.238122 | G16: DE40I | H16: 2.5868 | I16: =Table14[[#This Row],[H2-Potential in TWh/a]]*1000000/(365*24) -> 295.2968 | J16: =Table14[[#This Row],[Potential demand MWh/h]]/SUM(Table14[Potential demand MWh/h]) -> 0.034743367 | K16: =ROUND(Table14[[#This Row],[Normalize Demand]]*$B$4/(365*24),0) -> 0
A17: 7 | B17: Holborn Europa Raffinerie GmbH | C17: Refineries | E17: 53.477086 | F17: 9.9515819 | G17: DE600 | H17: 0.9171 | I17: =Table14[[#This Row],[H2-Potential in TWh/a]]*1000000/(365*24) -> 104.69178 | J17: =Table14[[#This Row],[Potential demand MWh/h]]/SUM(Table14[Potential demand MWh/h]) -> 0.01231759 | K17: =ROUND(Table14[[#This Row],[Normalize Demand]]*$B$4/(365*24),0) -> 0
A18: 8 | B18: Nynas Raffinerie Harburg-Süd | C18: Refineries | E18: 53.485769 | F18: 9.969356 | G18: DE600 | H18: 0.5171 | I18: =Table14[[#This Row],[H2-Potential in TWh/a]]*1000000/(365*24) -> 59.02968 | J18: =Table14[[#This Row],[Potential demand MWh/h]]/SUM(Table14[Potential demand MWh/h]) -> 0.0069451813 | K18: =ROUND(Table14[[#This Row],[Normalize Demand]]*$B$4/(365*24),0) -> 0
A19: 9 | B19: Raffinerie Heide GmbH | C19: Refineries | E19: 54.160831 | F19: 9.0797744 | G19: DEF05 | H19: 3.5439 | I19: =Table14[[#This Row],[H2-Potential in TWh/a]]*1000000/(365*24) -> 404.55479 | J19: =Table14[[#This Row],[Potential demand MWh/h]]/SUM(Table14[Potential demand MWh/h]) -> 0.047598198 | K19: =ROUND(Table14[[#This Row],[Normalize Demand]]*$B$4/(365*24),0) -> 0
A20: 10 | B20: BAYERNOIL Betriebsteil Neustadt | C20: Refineries | E20: 48.784993 | F20: 11.757977 | G20: DE226 | H20: 0.7017 | I20: =Table14[[#This Row],[H2-Potential in TWh/a]]*1000000/(365*24) -> 80.10274 | J20: =Table14[[#This Row],[Potential demand MWh/h]]/SUM(Table14[Potential demand MWh/h]) -> 0.0094245479 | K20: =ROUND(Table14[[#This Row],[Normalize Demand]]*$B$4/(365*24),0) -> 0
A21: 11 | B21: BP Europa SE BP Lingen | C21: Refineries | E21: 52.561854 | F21: 7.3118146 | G21: DE949 | H21: 1.0601 | I21: =Table14[[#This Row],[H2-Potential in TWh/a]]*1000000/(365*24) -> 121.01598 | J21: =Table14[[#This Row],[Potential demand MWh/h]]/SUM(Table14[Potential demand MWh/h]) -> 0.014238226 | K21: =ROUND(Table14[[#This Row],[Normalize Demand]]*$B$4/(365*24),0) -> 0
A22: 12 | B22: OMV Werk Burghausen | C22: Refineries | E22: 48.194977 | F22: 12.832491 | G22: DE214 | H22: 12.062 | I22: =Table14[[#This Row],[H2-Potential in TWh/a]]*1000000/(365*24) -> 1376.9406 | J22: =Table14[[#This Row],[Potential demand MWh/h]]/SUM(Table14[Potential demand MWh/h]) -> 0.16200498 | K22: =ROUND(Table14[[#This Row],[Normalize Demand]]*$B$4/(365*24),0) -> 0
... A25: 15 | B25: Werk 1 MIRO-Mineralölraffinerie Oberrhein GmbH & Co.KG | C25: Refineries | E25: 49.057809 | F25: 8.32905 | G25: DE122 | H25: 3.6451 | I25: =Table14[[#This Row],[H2-Potential in TWh/a]]*1000000/(365*24) -> 416.10731 | J25: =Table14[[#This Row],[Potential demand MWh/h]]/SUM(Table14[Potential demand MWh/h]) -> 0.048957417 | K25: =ROUND(Table14[[#This Row],[Normalize Demand]]*$B$4/(365*24),0) -> 0
J26: =SUM(Table14[Normalize Demand]) -> 1

Sheet Refineries_Input
A1: {=Table14[[#Headers],[#Data],[Latitude]:[Longitude]]} -> Latitude | B1: Longitude | C1: {=Table14[[#Headers],[#Data],[Peak Load '[MWh/h']]]} -> Peak Load [MWh/h]
A2: 50.854993 | B2: 6.9768455 | C2: 0
A3: 50.81411 | B3: 7.0057563 | C3: 0
A4: 51.596033 | B4: 7.0289085 | C4: 0
A5: 51.539607 | B5: 7.0372028 | C5: 0
A6: 51.289677 | B6: 11.990582 | C6: 0
A7: 53.087585 | B7: 14.238122 | C7: 0
A8: 53.477086 | B8: 9.9515819 | C8: 0
A9: 53.485769 | B9: 9.969356 | C9: 0
A10: 54.160831 | B10: 9.0797744 | C10: 0
A11: 48.784993 | B11: 11.757977 | C11: 0
A12: 52.561854 | B12: 7.3118146 | C12: 0
A13: 48.194977 | B13: 12.832491 | C13: 0
... A16: 49.057809 | B16: 8.32905 | C16: 0

Sheet Chemicals
A1: Industrial Technical Potential Demand | B1: =SUM(Table16[H2-Potential in TWh/a]) -> 109.0548 | C1: TWh/a
A2: Industrial Technical Potential Demand | B2: =SUM(Table16[Potential demand MWh/h]) -> 12449.178 | C2: TWh/h
A4: Demand | B4: =Overview!F69+Overview!F70 -> 84 | C4: TWh/a
A5: Peak Hour Demand | B5: =B4*1000000/(365*24) -> 9589.0411 | C5: MWh/h
A6: Peak Hour Demand Rounded | B6: =SUM(Table16[Peak Load '[MWh/h']]) -> 9589 | C6: MWh/h
A9: SiteId | B9: CompanyName | C9: Subsector_Name | D9: Product | E9: Latitude | F9: Longitude | G9: NUTS3ID | H9: H2-Potential in TWh/a | I9: Potential demand MWh/h | J9: Normalize Demand | K9: Peak Load [MWh/h]
A10: 16 | B10: Covestro | C10: Chemical industry | E10: 51.36813 | F10: 6.66235 | G10: DEA14 | H10: 0.0544 | I10: =Table16[[#This Row],[H2-Potential in TWh/a]]*1000000/(365*24) -> 6.2100457 | J10: =Table16[[#This Row],[Potential demand MWh/h]]/SUM(Table16[Potential demand MWh/h]) -> 0.00049883178 | K10: =ROUND(Table16[[#This Row],[Normalize Demand]]*$B$4*1000000/(365*24),0) -> 5
A11: 17 | B11: Covestro | C11: Chemical industry | E11: 51.08519 | F11: 6.84469 | G11: DEA1D | H11: 0.1005 | I11: =Table16[[#This Row],[H2-Potential in TWh/a]]*1000000/(365*24) -> 11.472603 | J11: =Table16[[#This Row],[Potential demand MWh/h]]/SUM(Table16[Potential demand MWh/h]) -> 0.00092155503 | K11: =ROUND(Table16[[#This Row],[Normalize Demand]]*$B$4*1000000/(365*24),0) -> 9
A12: 18 | B12: INOVYN | C12: Chemical industry | E12: 51.56165 | F12: 6.57928 | G12: DEA1F | H12: 0.0944 | I12: =Table16[[#This Row],[H2-Potential in TWh/a]]*1000000/(365*24) -> 10.776256 | J12: =Table16[[#This Row],[Potential demand MWh/h]]/SUM(Table16[Potential demand MWh/h]) -> 0.00086561985 | K12: =ROUND(Table16[[#This Row],[Normalize Demand]]*$B$4*1000000/(365*24),0) -> 8
A13: 19 | B13: INEOS Manufacturing Deutschland GmbH | C13: Chemical industry | E13: 51.067636 | F13: 6.8467425 | G13: DEA23 | H13: 24.8289 | I13: =Table16[[#This Row],[H2-Potential in TWh/a]]*1000000/(365*24) -> 2834.3493 | J13: =Table16[[#This Row],[Potential demand MWh/h]]/SUM(Table16[Potential demand MWh/h]) -> 0.22767361 | K13: =ROUND(Table16[[#This Row],[Normalize Demand]]*$B$4*1000000/(365*24),0) -> 2183
A14: 20 | B14: Covestro | C14: Chemical industry | E14: 51.02508 | F14: 6.98915 | G14: DEA24 | H14: 0.0816 | I14: =Table16[[#This Row],[H2-Potential in TWh/a]]*1000000/(365*24) -> 9.3150685 | J14: =Table16[[#This Row],[Potential demand MWh/h]]/SUM(Table16[Potential demand MWh/h]) -> 0.00074824767 | K14: =ROUND(Table16[[#This Row],[Normalize Demand]]*$B$4*1000000/(365*24),0) -> 7
A15: 21 | B15: BASF | C15: Chemical industry | E15: 49.5291 | F15: 8.4247175 | G15: DEB34 | H15: 21.6522 | I15: =Table16[[#This Row],[H2-Potential in TWh/a]]*1000000/(365*24) -> 2471.7123 | J15: =Table16[[#This Row],[Potential demand MWh/h]]/SUM(Table16[Potential demand MWh/h]) -> 0.19854422 | K15: =ROUND(Table16[[#This Row],[Normalize Demand]]*$B$4*1000000/(365*24),0) -> 1904
A16: 22 | B16: Basell Polyolefine GmbH Werk Wesseling | C16: Chemical industry | E16: 50.832682 | F16: 6.9440667 | G16: DEA27 | H16: 25.8511 | I16: =Table16[[#This Row],[H2-Potential in TWh/a]]*1000000/(365*24) -> 2951.0388 | J16: =Table16[[#This Row],[Potential demand MWh/h]]/SUM(Table16[Potential demand MWh/h]) -> 0.23704688 | K16: =ROUND(Table16[[#This Row],[Normalize Demand]]*$B$4*1000000/(365*24),0) -> 2273
A17: 23 | B17: Evonik Industries | C17: Chemical industry | E17: 50.83062 | F17: 7.02402 | G17: DEA2C | H17: 0.0161 | I17: =Table16[[#This Row],[H2-Potential in TWh/a]]*1000000/(365*24) -> 1.8378995 | J17: =Table16[[#This Row],[Potential demand MWh/h]]/SUM(Table16[Potential demand MWh/h]) -> 0.0001476322 | K17: =ROUND(Table16[[#This Row],[Normalize Demand]]*$B$4*1000000/(365*24),0) -> 1
A18: 24 | B18: VESTOLIT | C18: Chemical industry | E18: 51.68027 | F18: 7.10186 | G18: DEA36 | H18: 0.0544 | I18: =Table16[[#This Row],[H2-Potential in TWh/a]]*1000000/(365*24) -> 6.2100457 | J18: =Table16[[#This Row],[Potential demand MWh/h]]/SUM(Table16[Potential demand MWh/h]) -> 0.00049883178 | K18: =ROUND(Table16[[#This Row],[Normalize Demand]]*$B$4*1000000/(365*24),0) -> 5
A19: 25 | B19: SKW Stickstoffwerke Piesteritz GmbH | C19: Chemical industry | E19: 51.878593 | F19: 12.575129 | G19: DEE0E | H19: 7.0204 | I19: =Table16[[#This Row],[H2-Potential in TWh/a]]*1000000/(365*24) -> 801.41553 | J19: =Table16[[#This Row],[Potential demand MWh/h]]/SUM(Table16[Potential demand MWh/h]) -> 0.064374975 | K19: =ROUND(Table16[[#This Row],[Normalize Demand]]*$B$4*1000000/(365*24),0) -> 617
A20: 26 | B20: Dow | C20: Chemical industry | E20: 51.41207 | F20: 12.02761 | G20: DEE0B | H20: 0.0523 | I20: =Table16[[#This Row],[H2-Potential in TWh/a]]*1000000/(365*24) -> 5.9703196 | J20: =Table16[[#This Row],[Potential demand MWh/h]]/SUM(Table16[Potential demand MWh/h]) -> 0.00047957541 | K20: =ROUND(Table16[[#This Row],[Normalize Demand]]*$B$4*1000000/(365*24),0) -> 5
A21: 27 | B21: Nouryon (AkzoNobel) | C21: Chemical industry | E21: 51.63635 | F21: 12.29834 | G21: DEE05 | H21: 0.0207 | I21: =Table16[[#This Row],[H2-Potential in TWh/a]]*1000000/(365*24) -> 2.3630137 | J21: =Table16[[#This Row],[Potential demand MWh/h]]/SUM(Table16[Potential demand MWh/h]) -> 0.00018981283 | K21: =ROUND(Table16[[#This Row],[Normalize Demand]]*$B$4*1000000/(365*24),0) -> 2
... A33: 39 | B33: Basell Polyolefine GmbH | C33: Chemical industry | E33: 48.758552 | F33: 11.708626 | G33: DE21J | H33: 9.9427 | I33: =Table16[[#This Row],[H2-Potential in TWh/a]]*1000000/(365*24) -> 1135.0114 | J33: =Table16[[#This Row],[Potential demand MWh/h]]/SUM(Table16[Potential demand MWh/h]) -> 0.091171594 | K33: =ROUND(Table16[[#This Row],[Normalize Demand]]*$B$4*1000000/(365*24),0) -> 874
J34: =SUM(Table16[Normalize Demand]) -> 1

Sheet Chemicals_Input
A1: {=Table16[[#Headers],[#Data],[Latitude]:[Longitude]]} -> Latitude | B1: Longitude | C1: {=Table16[[#Headers],[#Data],[Peak Load '[MWh/h']]]} -> Peak Load [MWh/h]
A2: 51.36813 | B2: 6.66235 | C2: 5
A3: 51.08519 | B3: 6.84469 | C3: 9
A4: 51.56165 | B4: 6.57928 | C4: 8
A5: 51.067636 | B5: 6.8467425 | C5: 2183
A6: 51.02508 | B6: 6.98915 | C6: 7
A7: 49.5291 | B7: 8.4247175 | C7: 1904
A8: 50.832682 | B8: 6.9440667 | C8: 2273
A9: 50.83062 | B9: 7.02402 | C9: 1
A10: 51.68027 | B10: 7.10186 | C10: 5
A11: 51.878593 | B11: 12.575129 | C11: 617
A12: 51.41207 | B12: 12.02761 | C12: 5
A13: 51.63635 | B13: 12.29834 | C13: 2
... A25: 48.758552 | B25: 11.708626 | C25: 874

Sheet Steel
A1: Industrial Technical Potential Demand | B1: =SUM(Table17[H2-Potential in TWh/a]) -> 73.9942 | C1: TWh/a
A2: Industrial Technical Potential Demand | B2: =B1*1000000/(365*24) -> 8446.8265 | C2: MWh/h
A4: Demand | B4: =Overview!E67+Overview!E68 -> 75 | C4: TWh/a
A5: Peak Hour Demand | B5: =B4*1000000/(365*24) -> 8561.6438 | C5: MWh/h
A6: Peak Hour Demand Rounded | B6: =SUM(Table17[Peak Load '[MWh/h']]) -> 8562 | C6: MWh/h
A12: SiteId | B12: CompanyName | C12: Subsector_Name | D12: Product | E12: Latitude | F12: Longitude | G12: NUTS3ID | H12: H2-Potential in TWh/a | I12: Potential demand MWh/h | J12: Normalize Demand | K12: Peak Load [MWh/h]
A13: 376 | B13: ROGESA Roheisengesellschaft Saar mbH | C13: Steel, primary | E13: 49.352137 | F13: 6.7436526 | G13: DEC04 | H13: 7.9152 | I13: =Table17[[#This Row],[H2-Potential in TWh/a]]*1000000/(365*24) -> 903.56164 | J13: =Table17[[#This Row],[Potential demand MWh/h]]/SUM(Table17[Potential demand MWh/h]) -> 0.10697055 | K13: =ROUND(Table17[[#This Row],[Normalize Demand]]*$B$5,0) -> 916
A14: 378 | B14: Salzgitter Flachstahl GmbH Abt. Umweltschutz / 08 TUI | C14: Steel, primary | E14: 52.154765 | F14: 10.403075 | G14: DE912 | H14: 7.9152 | I14: =Table17[[#This Row],[H2-Potential in TWh/a]]*1000000/(365*24) -> 903.56164 | J14: =Table17[[#This Row],[Potential demand MWh/h]]/SUM(Table17[Potential demand MWh/h]) -> 0.10697055 | K14: =ROUND(Table17[[#This Row],[Normalize Demand]]*$B$5,0) -> 916
A15: 379 | B15: ArcelorMittal Bremen GmbH | C15: Steel, primary | E15: 53.12493 | F15: 8.6867285 | G15: DE501 | H15: 6.5301 | I15: =Table17[[#This Row],[H2-Potential in TWh/a]]*1000000/(365*24) -> 745.44521 | J15: =Table17[[#This Row],[Potential demand MWh/h]]/SUM(Table17[Potential demand MWh/h]) -> 0.088251512 | K15: =ROUND(Table17[[#This Row],[Normalize Demand]]*$B$5,0) -> 756
A16: 380 | B16: Hüttenwerke Krupp Mannesmann GmbH | C16: Steel, primary | E16: 51.368231 | F16: 6.7122673 | G16: DEA12 | H16: 8.5748 | I16: =Table17[[#This Row],[H2-Potential in TWh/a]]*1000000/(365*24) -> 978.85845 | J16: =Table17[[#This Row],[Potential demand MWh/h]]/SUM(Table17[Potential demand MWh/h]) -> 0.11588476 | K16: =ROUND(Table17[[#This Row],[Normalize Demand]]*$B$5,0) -> 992
A17: 381 | B17: ThyssenKrupp Steel Europe AG | C17: Steel, primary | E17: 51.50369 | F17: 6.7359075 | G17: DEA12 | H17: 19.1284 | I17: =Table17[[#This Row],[H2-Potential in TWh/a]]*1000000/(365*24) -> 2183.6073 | J17: =Table17[[#This Row],[Potential demand MWh/h]]/SUM(Table17[Potential demand MWh/h]) -> 0.25851215 | K17: =ROUND(Table17[[#This Row],[Normalize Demand]]*$B$5,0) -> 2213
A18: 377 | B18: DK Recycling und Roheisen GmbH | C18: Steel, primary | E18: 51.422283 | F18: 6.7419913 | G18: DEA12 | H18: 0.4947 | I18: =Table17[[#This Row],[H2-Potential in TWh/a]]*1000000/(365*24) -> 56.472603 | J18: =Table17[[#This Row],[Potential demand MWh/h]]/SUM(Table17[Potential demand MWh/h]) -> 0.0066856591 | K18: =ROUND(Table17[[#This Row],[Normalize Demand]]*$B$5,0) -> 57
A19: 382 | B19: ArcelorMittal Eisenhüttenstadt GmbH | C19: Steel, primary | E19: 52.166141 | F19: 14.617682 | G19: DE40C | H19: 4.6214 | I19: =Table17[[#This Row],[H2-Potential in TWh/a]]*1000000/(365*24) -> 527.55708 | J19: =Table17[[#This Row],[Potential demand MWh/h]]/SUM(Table17[Potential demand MWh/h]) -> 0.062456247 | K19: =ROUND(Table17[[#This Row],[Normalize Demand]]*$B$5,0) -> 535
A20: 383 | B20: ArcelorMittal Duisburg GmbH | C20: Steel, primary | E20: 53.524785 | F20: 9.9000511 | G20: DE600 | H20: 0.816 | I20: =Table17[[#This Row],[H2-Potential in TWh/a]]*1000000/(365*24) -> 93.150685 | J20: =Table17[[#This Row],[Potential demand MWh/h]]/SUM(Table17[Potential demand MWh/h]) -> 0.011027891 | K20: =ROUND(Table17[[#This Row],[Normalize Demand]]*$B$5,0) -> 94
A21: 331 | B21: Saarstahl AG | C21: Metal Processing | E21: 49.252005 | F21: 6.8470628 | G21: DEC01 | H21: 0.1945 | I21: =Table17[[#This Row],[H2-Potential in TWh/a]]*1000000/(365*24) -> 22.203196 | J21: =Table17[[#This Row],[Potential demand MWh/h]]/SUM(Table17[Potential demand MWh/h]) -> 0.0026285844 | K21: =ROUND(Table17[[#This Row],[Normalize Demand]]*$B$5,0) -> 23
A22: 332 | B22: AG der Dillinger Hüttenwerke | C22: Metal Processing | E22: 49.357172 | F22: 6.754137 | G22: DEC04 | H22: 0.6695 | I22: =Table17[[#This Row],[H2-Potential in TWh/a]]*1000000/(365*24) -> 76.426941 | J22: =Table17[[#This Row],[Potential demand MWh/h]]/SUM(Table17[Potential demand MWh/h]) -> 0.0090480065 | K22: =ROUND(Table17[[#This Row],[Normalize Demand]]*$B$5,0) -> 77
A23: 333 | B23: ArcelorMittal Hamburg GmbH | C23: Metal Processing | E23: 53.524785 | F23: 9.9000511 | G23: DE600 | H23: 0.3401 | I23: =Table17[[#This Row],[H2-Potential in TWh/a]]*1000000/(365*24) -> 38.824201 | J23: =Table17[[#This Row],[Potential demand MWh/h]]/SUM(Table17[Potential demand MWh/h]) -> 0.0045963062 | K23: =ROUND(Table17[[#This Row],[Normalize Demand]]*$B$5,0) -> 39
A24: 334 | B24: Salzgitter Flachstahl GmbH Abt. Umweltschutz / 08 TUI | C24: Metal Processing | E24: 52.154765 | F24: 10.403075 | G24: DE912 | H24: 1.7359 | I24: =Table17[[#This Row],[H2-Potential in TWh/a]]*1000000/(365*24) -> 198.1621 | J24: =Table17[[#This Row],[Potential demand MWh/h]]/SUM(Table17[Potential demand MWh/h]) -> 0.023459947 | K24: =ROUND(Table17[[#This Row],[Normalize Demand]]*$B$5,0) -> 201
... A51: 371 | B51: MUHR u. BENDER KG | C51: Metal Processing | E51: 51.11732 | F51: 7.90068 | G51: DEA59 | H51: 0.023 | I51: =Table17[[#This Row],[H2-Potential in TWh/a]]*1000000/(365*24) -> 2.6255708 | J51: =Table17[[#This Row],[Potential demand MWh/h]]/SUM(Table17[Potential demand MWh/h]) -> 0.00031083517 | K51: =ROUND(Table17[[#This Row],[Normalize Demand]]*$B$5,0) -> 3
I52: =SUM(Table17[Potential demand MWh/h]) -> 8446.8265 | J52: =SUM(Table17[Normalize Demand]) -> 1

Sheet Steel_Input
A1: {=Table17[[#Headers],[#Data],[Latitude]:[Longitude]]} -> Latitude | B1: Longitude | C1: {=Table17[[#Headers],[#Data],[Peak Load '[MWh/h']]]} -> Peak Load [MWh/h]
A2: 49.352137 | B2: 6.7436526 | C2: 916
A3: 52.154765 | B3: 10.403075 | C3: 916
A4: 53.12493 | B4: 8.6867285 | C4: 756
A5: 51.368231 | B5: 6.7122673 | C5: 992
A6: 51.50369 | B6: 6.7359075 | C6: 2213
A7: 51.422283 | B7: 6.7419913 | C7: 57
A8: 52.166141 | B8: 14.617682 | C8: 535
A9: 53.524785 | B9: 9.9000511 | C9: 94
A10: 49.252005 | B10: 6.8470628 | C10: 23
A11: 49.357172 | B11: 6.754137 | C11: 77
A12: 53.524785 | B12: 9.9000511 | C12: 39
A13: 52.154765 | B13: 10.403075 | C13: 201
... A40: 51.11732 | B40: 7.90068 | C40: 3

Sheet Paper
A1: Industrial Technical Potential Demand | B1: =SUM(Table18[H2-Potential in TWh/a]) -> 30.5141 | C1: TWh/a
A2: Industrial Technical Potential Demand | B2: =B1*1000000/(365*24) -> 3483.3447 | C2: MWh/h
A4: Demand | B4: =Overview!E64 -> 2 | C4: TWh/a
A5: Peak Hour Demand | B5: =B4*1000000/(365*24) -> 228.3105 | C5: MWh/h
A6: Peak Hour Demand Rounded | B6: =SUM(Table18[Peak Load '[MWh/h']]) -> 223 | C6: MWh/h
A9: SiteId | B9: CompanyName | C9: Subsector_Name | D9: Product | E9: Latitude | F9: Longitude | G9: NUTS3ID | H9: H2-Potential in TWh/a | I9: Potential demand MWh/h | J9: Normalize Demand | K9: Peak Load [MWh/h]
A10: 168 | B10: Papierfabrik Palm GmbH & Co.KG | C10: Paper and printing | E10: 48.823698 | F10: 10.114241 | G10: DE11D | H10: 0.3674 | I10: =ROUND(Table18[[#This Row],[H2-Potential in TWh/a]]*1000000/(365*24),0) -> 42 | J10: =Table18[[#This Row],[Potential demand MWh/h]]/SUM(Table18[Potential demand MWh/h]) -> 0.012055109 | K10: =ROUND($B$5*Table18[[#This Row],[Normalize Demand]],0) -> 3
A11: 169 | B11: Stora Enso Maxau GmbH | C11: Paper and printing | E11: 49.042577 | F11: 8.3132586 | G11: DE122 | H11: 0.7268 | I11: =ROUND(Table18[[#This Row],[H2-Potential in TWh/a]]*1000000/(365*24),0) -> 83 | J11: =Table18[[#This Row],[Potential demand MWh/h]]/SUM(Table18[Potential demand MWh/h]) -> 0.023823192 | K11: =ROUND($B$5*Table18[[#This Row],[Normalize Demand]],0) -> 5
A12: 170 | B12: SCA Hygiene Products GmbH Consumer Products | C12: Paper and printing | E12: 49.535499 | F12: 8.4570798 | G12: DE126 | H12: 0.365 | I12: =ROUND(Table18[[#This Row],[H2-Potential in TWh/a]]*1000000/(365*24),0) -> 42 | J12: =Table18[[#This Row],[Potential demand MWh/h]]/SUM(Table18[Potential demand MWh/h]) -> 0.012055109 | K12: =ROUND($B$5*Table18[[#This Row],[Normalize Demand]],0) -> 3
A13: 171 | B13: Papierfabrik August Koehler SE | C13: Paper and printing | E13: 48.526812 | F13: 8.086229 | G13: DE134 | H13: 0.1886 | I13: =ROUND(Table18[[#This Row],[H2-Potential in TWh/a]]*1000000/(365*24),0) -> 22 | J13: =Table18[[#This Row],[Potential demand MWh/h]]/SUM(Table18[Potential demand MWh/h]) -> 0.0063145809 | K13: =ROUND($B$5*Table18[[#This Row],[Normalize Demand]],0) -> 1
A14: 172 | B14: Arctic Paper Mochenwangen GmbH | C14: Paper and printing | E14: 47.882172 | F14: 9.6440041 | G14: DE148 | H14: 0.1164 | I14: =ROUND(Table18[[#This Row],[H2-Potential in TWh/a]]*1000000/(365*24),0) -> 13 | J14: =Table18[[#This Row],[Potential demand MWh/h]]/SUM(Table18[Potential demand MWh/h]) -> 0.0037313433 | K14: =ROUND($B$5*Table18[[#This Row],[Normalize Demand]],0) -> 1
A15: 173 | B15: Nordland Papier GmbH | C15: Paper and printing | E15: 52.977749 | F15: 7.3623603 | G15: DE949 | H15: 1.9041 | I15: =ROUND(Table18[[#This Row],[H2-Potential in TWh/a]]*1000000/(365*24),0) -> 217 | J15: =Table18[[#This Row],[Potential demand MWh/h]]/SUM(Table18[Potential demand MWh/h]) -> 0.06228473 | K15: =ROUND($B$5*Table18[[#This Row],[Normalize Demand]],0) -> 14
A16: 174 | B16: Smurfit Kappa Hoya Papier und Karton GmbH | C16: Paper and printing | E16: 52.81138 | F16: 9.1502022 | G16: DE927 | H16: 0.4 | I16: =ROUND(Table18[[#This Row],[H2-Potential in TWh/a]]*1000000/(365*24),0) -> 46 | J16: =Table18[[#This Row],[Potential demand MWh/h]]/SUM(Table18[Potential demand MWh/h]) -> 0.013203215 | K16: =ROUND($B$5*Table18[[#This Row],[Normalize Demand]],0) -> 3
A17: 175 | B17: Sappi Alfeld GmbH | C17: Paper and printing | E17: 51.985963 | F17: 9.8207632 | G17: DE925 | H17: 0.2726 | I17: =ROUND(Table18[[#This Row],[H2-Potential in TWh/a]]*1000000/(365*24),0) -> 31 | J17: =Table18[[#This Row],[Potential demand MWh/h]]/SUM(Table18[Potential demand MWh/h]) -> 0.0088978186 | K17: =ROUND($B$5*Table18[[#This Row],[Normalize Demand]],0) -> 2
A18: 176 | B18: Papier- u. Kartonfabrik Varel GmbH & Co. KG | C18: Paper and printing | E18: 53.403056 | F18: 8.1328159 | G18: DE94A | H18: 0.654 | I18: =ROUND(Table18[[#This Row],[H2-Potential in TWh/a]]*1000000/(365*24),0) -> 75 | J18: =Table18[[#This Row],[Potential demand MWh/h]]/SUM(Table18[Potential demand MWh/h]) -> 0.02152698 | K18: =ROUND($B$5*Table18[[#This Row],[Normalize Demand]],0) -> 5
A19: 177 | B19: Schoeller Technocell GmbH & Co. KG | C19: Paper and printing | E19: 52.274592 | F19: 8.1206237 | G19: DE944 | H19: 0.1022 | I19: =ROUND(Table18[[#This Row],[H2-Potential in TWh/a]]*1000000/(365*24),0) -> 12 | J19: =Table18[[#This Row],[Potential demand MWh/h]]/SUM(Table18[Potential demand MWh/h]) -> 0.0034443169 | K19: =ROUND($B$5*Table18[[#This Row],[Normalize Demand]],0) -> 1
A20: 178 | B20: Ahlstrom Osnabrück GmbH | C20: Paper and printing | E20: 52.294765 | F20: 8.0242368 | G20: DE944 | H20: 0.1238 | I20: =ROUND(Table18[[#This Row],[H2-Potential in TWh/a]]*1000000/(365*24),0) -> 14 | J20: =Table18[[#This Row],[Potential demand MWh/h]]/SUM(Table18[Potential demand MWh/h]) -> 0.0040183697 | K20: =ROUND($B$5*Table18[[#This Row],[Normalize Demand]],0) -> 1
A21: 179 | B21: Smurfit Kappa Zülpich Papier | C21: Paper and printing | E21: 50.706592 | F21: 6.6530059 | G21: DEA28 | H21: 0.482 | I21: =ROUND(Table18[[#This Row],[H2-Potential in TWh/a]]*1000000/(365*24),0) -> 55 | J21: =Table18[[#This Row],[Potential demand MWh/h]]/SUM(Table18[Potential demand MWh/h]) -> 0.015786452 | K21: =ROUND($B$5*Table18[[#This Row],[Normalize Demand]],0) -> 4
... A171: 330 | B171: SCA Hygiene Products GmbH Consumer Products | C171: Paper and printing | E171: 49.535499 | F171: 8.4570798 | G171: DE126 | H171: 0.4494 | I171: =ROUND(Table18[[#This Row],[H2-Potential in TWh/a]]*1000000/(365*24),0) -> 51 | J171: =Table18[[#This Row],[Potential demand MWh/h]]/SUM(Table18[Potential demand MWh/h]) -> 0.014638347 | K171: =ROUND($B$5*Table18[[#This Row],[Normalize Demand]],0) -> 3

Sheet Paper_Input
A1: {=Table18[[#All],[Latitude]:[Longitude]]} -> Latitude | B1: Longitude | C1: {=Table18[[#All],[Peak Load '[MWh/h']]]} -> Peak Load [MWh/h]
A2: 48.823698 | B2: 10.114241 | C2: 3
A3: 49.042577 | B3: 8.3132586 | C3: 5
A4: 49.535499 | B4: 8.4570798 | C4: 3
A5: 48.526812 | B5: 8.086229 | C5: 1
A6: 47.882172 | B6: 9.6440041 | C6: 1
A7: 52.977749 | B7: 7.3623603 | C7: 14
A8: 52.81138 | B8: 9.1502022 | C8: 3
A9: 51.985963 | B9: 9.8207632 | C9: 2
A10: 53.403056 | B10: 8.1328159 | C10: 5
A11: 52.274592 | B11: 8.1206237 | C11: 1
A12: 52.294765 | B12: 8.0242368 | C12: 1
A13: 50.706592 | B13: 6.6530059 | C13: 4
... A163: 49.535499 | B163: 8.4570798 | C163: 3

Sheet Mineral_Processing
A1: Industrial Technical Potential Demand | B1: =SUM(Table19[H2-Potential in TWh/a]) -> 30.671 | C1: TWh/a
A2: Industrial Technical Potential Demand | B2: =B1*1000000/(360*24) -> 3549.8843 | C2: MWh/h
A4: Demand | B4: =Overview!E62 -> 11 | C4: TWh/a
A5: Peak Hour Demand | B5: =B4*1000000/(365*24) -> 1255.7078 | C5: MWh/h
A6: Peak Hour Demand Rounded | B6: =SUM(Table19[Peak Load '[MWh/h']]) -> 1256 | C6: MWh/h
A9: SiteId | B9: CompanyName | C9: Subsector_Name | D9: Product | E9: Latitude | F9: Longitude | G9: NUTS3ID | H9: H2-Potential in TWh/a | I9: Potential demand MWh/h | J9: Normalize Demand | K9: Peak Load [MWh/h]
A10: 84 | B10: Dyckerhoff AG (Buzzi Unicem) | C10: Mineral Processing | E10: 50.03191 | F10: 8.2570018 | G10: DE714 | H10: 0.1593 | I10: =Table19[[#This Row],[H2-Potential in TWh/a]]*1000000/(365*24) -> 18.184932 | J10: =Table19[[#This Row],[Potential demand MWh/h]]/SUM(Table19[Potential demand MWh/h]) -> 0.0051938313 | K10: =ROUND(Table19[[#This Row],[Normalize Demand]]*$B$5,0) -> 7
A11: 85 | B11: Dyckerhoff AG (Buzzi Unicem) | C11: Mineral Processing | E11: 52.174986 | F11: 7.8878276 | G11: DEA37 | H11: 1.4101 | I11: =Table19[[#This Row],[H2-Potential in TWh/a]]*1000000/(365*24) -> 160.97032 | J11: =Table19[[#This Row],[Potential demand MWh/h]]/SUM(Table19[Potential demand MWh/h]) -> 0.045975025 | K11: =ROUND(Table19[[#This Row],[Normalize Demand]]*$B$5,0) -> 58
A12: 86 | B12: Cemex WestZement GmbH | C12: Mineral Processing | E12: 51.765174 | F12: 8.0540288 | G12: DEA38 | H12: 0.6373 | I12: =Table19[[#This Row],[H2-Potential in TWh/a]]*1000000/(365*24) -> 72.751142 | J12: =Table19[[#This Row],[Potential demand MWh/h]]/SUM(Table19[Potential demand MWh/h]) -> 0.020778586 | K12: =ROUND(Table19[[#This Row],[Normalize Demand]]*$B$5,0) -> 26
A13: 87 | B13: Phoenix Cement Works | C13: Mineral Processing | E13: 51.760246 | F13: 8.0731712 | G13: DEA38 | H13: 0.3983 | I13: =Table19[[#This Row],[H2-Potential in TWh/a]]*1000000/(365*24) -> 45.468037 | J13: =Table19[[#This Row],[Potential demand MWh/h]]/SUM(Table19[Potential demand MWh/h]) -> 0.012986208 | K13: =ROUND(Table19[[#This Row],[Normalize Demand]]*$B$5,0) -> 16
A14: 88 | B14: HeidelbergCement AG | C14: Mineral Processing | E14: 51.858261 | F14: 8.0305719 | G14: DEA38 | H14: 0.7966 | I14: =Table19[[#This Row],[H2-Potential in TWh/a]]*1000000/(365*24) -> 90.936073 | J14: =Table19[[#This Row],[Potential demand MWh/h]]/SUM(Table19[Potential demand MWh/h]) -> 0.025972417 | K14: =ROUND(Table19[[#This Row],[Normalize Demand]]*$B$5,0) -> 33
A15: 89 | B15: HeidelbergCement AG | C15: Mineral Processing | E15: 51.698988 | F15: 8.7470409 | G15: DEA47 | H15: 0.2948 | I15: =Table19[[#This Row],[H2-Potential in TWh/a]]*1000000/(365*24) -> 33.652968 | J15: =Table19[[#This Row],[Potential demand MWh/h]]/SUM(Table19[Potential demand MWh/h]) -> 0.0096116853 | K15: =ROUND(Table19[[#This Row],[Normalize Demand]]*$B$5,0) -> 12
A16: 90 | B16: Dyckerhoff AG (Buzzi Unicem) | C16: Mineral Processing | E16: 51.622561 | F16: 8.5043929 | G16: DEA5B | H16: 0.3187 | I16: =Table19[[#This Row],[H2-Potential in TWh/a]]*1000000/(365*24) -> 36.381279 | J16: =Table19[[#This Row],[Potential demand MWh/h]]/SUM(Table19[Potential demand MWh/h]) -> 0.010390923 | K16: =ROUND(Table19[[#This Row],[Normalize Demand]]*$B$5,0) -> 13
A17: 91 | B17: Portland Zementwerke Gebr. Seibel GmbH & Co KG | C17: Mineral Processing | E17: 51.59721 | F17: 8.3346819 | G17: DEA5B | H17: 0.4382 | I17: =Table19[[#This Row],[H2-Potential in TWh/a]]*1000000/(365*24) -> 50.022831 | J17: =Table19[[#This Row],[Potential demand MWh/h]]/SUM(Table19[Potential demand MWh/h]) -> 0.014287112 | K17: =ROUND(Table19[[#This Row],[Normalize Demand]]*$B$5,0) -> 18
A18: 92 | B18: Schwenk Zementwerk Bernburg GmbH | C18: Mineral Processing | E18: 51.816375 | F18: 11.749647 | G18: DEE0C | H18: 0.6851 | I18: =Table19[[#This Row],[H2-Potential in TWh/a]]*1000000/(365*24) -> 78.207763 | J18: =Table19[[#This Row],[Potential demand MWh/h]]/SUM(Table19[Potential demand MWh/h]) -> 0.022337061 | K18: =ROUND(Table19[[#This Row],[Normalize Demand]]*$B$5,0) -> 28
A19: 93 | B19: Lafarge Zement Karsdorf GmbH | C19: Mineral Processing | E19: 51.271112 | F19: 11.654703 | G19: DEE08 | H19: 1.5136 | I19: =Table19[[#This Row],[H2-Potential in TWh/a]]*1000000/(365*24) -> 172.78539 | J19: =Table19[[#This Row],[Potential demand MWh/h]]/SUM(Table19[Potential demand MWh/h]) -> 0.049349548 | K19: =ROUND(Table19[[#This Row],[Normalize Demand]]*$B$5,0) -> 62
A20: 94 | B20: Schwenk Zementwerke KG | C20: Mineral Processing | E20: 48.331986 | F20: 9.7304687 | G20: DE145 | H20: 0.7966 | I20: =Table19[[#This Row],[H2-Potential in TWh/a]]*1000000/(365*24) -> 90.936073 | J20: =Table19[[#This Row],[Potential demand MWh/h]]/SUM(Table19[Potential demand MWh/h]) -> 0.025972417 | K20: =ROUND(Table19[[#This Row],[Normalize Demand]]*$B$5,0) -> 33
A21: 95 | B21: Dyckerhoff AG (Buzzi Unicem) | C21: Mineral Processing | E21: 49.601019 | F21: 8.0413779 | G21: DEB3D | H21: 0.6373 | I21: =Table19[[#This Row],[H2-Potential in TWh/a]]*1000000/(365*24) -> 72.751142 | J21: =Table19[[#This Row],[Potential demand MWh/h]]/SUM(Table19[Potential demand MWh/h]) -> 0.020778586 | K21: =ROUND(Table19[[#This Row],[Normalize Demand]]*$B$5,0) -> 26
... A41: 115 | B41: Holcim (Deutschland) | C41: Mineral Processing | E41: 53.874165 | F41: 9.5832686 | G41: DEF0E | H41: 1.3657 | I41: =Table19[[#This Row],[H2-Potential in TWh/a]]*1000000/(365*24) -> 155.90183 | J41: =Table19[[#This Row],[Potential demand MWh/h]]/SUM(Table19[Potential demand MWh/h]) -> 0.044527404 | K41: =ROUND(Table19[[#This Row],[Normalize Demand]]*$B$5,0) -> 56
A42: 116 | B42: Zement- und Kalkwerke Otterbein GmbH & Co. KG | C42: Mineral Processing | E42: 50.58432 | F42: 9.509245 | H42: 0.0495 | I42: =Table19[[#This Row],[H2-Potential in TWh/a]]*1000000/(365*24) -> 5.6506849 | J42: =Table19[[#This Row],[Potential demand MWh/h]]/SUM(Table19[Potential demand MWh/h]) -> 0.0016139024 | K42: =ROUND(Table19[[#This Row],[Normalize Demand]]*$B$5,0) -> 2
A43: 117 | B43: Wünschendorfer Dolomitwerk GmbH | C43: Mineral Processing | E43: 50.808852 | F43: 12.09295 | H43: 0.0793 | I43: =Table19[[#This Row],[H2-Potential in TWh/a]]*1000000/(365*24) -> 9.0525114 | J43: =Table19[[#This Row],[Potential demand MWh/h]]/SUM(Table19[Potential demand MWh/h]) -> 0.0025855042 | K43: =ROUND(Table19[[#This Row],[Normalize Demand]]*$B$5,0) -> 3
A44: 118 | B44: Fels-Werke GmbH | C44: Mineral Processing | E44: 51.647707 | F44: 10.087452 | H44: 0.0365 | I44: =Table19[[#This Row],[H2-Potential in TWh/a]]*1000000/(365*24) -> 4.1666667 | J44: =Table19[[#This Row],[Potential demand MWh/h]]/SUM(Table19[Potential demand MWh/h]) -> 0.0011900492 | K44: =ROUND(Table19[[#This Row],[Normalize Demand]]*$B$5,0) -> 1
A45: 119 | B45: Fels-Werke GmbH | C45: Mineral Processing | E45: 52.490088 | F45: 13.838051 | H45: 0.1404 | I45: =Table19[[#This Row],[H2-Potential in TWh/a]]*1000000/(365*24) -> 16.027397 | J45: =Table19[[#This Row],[Potential demand MWh/h]]/SUM(Table19[Potential demand MWh/h]) -> 0.004577614 | K45: =ROUND(Table19[[#This Row],[Normalize Demand]]*$B$5,0) -> 6
A46: 120 | B46: Fels-Werke GmbH | C46: Mineral Processing | E46: 51.844586 | F46: 10.18979 | H46: 0.2278 | I46: =Table19[[#This Row],[H2-Potential in TWh/a]]*1000000/(365*24) -> 26.004566 | J46: =Table19[[#This Row],[Potential demand MWh/h]]/SUM(Table19[Potential demand MWh/h]) -> 0.0074272114 | K46: =ROUND(Table19[[#This Row],[Normalize Demand]]*$B$5,0) -> 9
A47: 121 | B47: Fels-Werke GmbH | C47: Mineral Processing | E47: 48.89095 | F47: 11.93212 | H47: 0.208 | I47: =Table19[[#This Row],[H2-Potential in TWh/a]]*1000000/(365*24) -> 23.744292 | J47: =Table19[[#This Row],[Potential demand MWh/h]]/SUM(Table19[Potential demand MWh/h]) -> 0.0067816504 | K47: =ROUND(Table19[[#This Row],[Normalize Demand]]*$B$5,0) -> 9
A48: 122 | B48: Kalkwerke H. Oetelshofen GmbH & Co. KG | C48: Mineral Processing | E48: 51.247683 | F48: 7.044583 | H48: 0.1707 | I48: =Table19[[#This Row],[H2-Potential in TWh/a]]*1000000/(365*24) -> 19.486301 | J48: =Table19[[#This Row],[Potential demand MWh/h]]/SUM(Table19[Potential demand MWh/h]) -> 0.0055655179 | K48: =ROUND(Table19[[#This Row],[Normalize Demand]]*$B$5,0) -> 7
A49: 123 | B49: Fels-Werke GmbH | C49: Mineral Processing | E49: 51.755471 | F49: 10.825817 | H49: 0.5765 | I49: =Table19[[#This Row],[H2-Potential in TWh/a]]*1000000/(365*24) -> 65.810502 | J49: =Table19[[#This Row],[Potential demand MWh/h]]/SUM(Table19[Potential demand MWh/h]) -> 0.018796257 | K49: =ROUND(Table19[[#This Row],[Normalize Demand]]*$B$5,0) -> 24
A50: 124 | B50: HeidelbergCement AG/ Lhoist? | C50: Mineral Processing | E50: 47.658803 | F50: 7.546019 | H50: 0.1264 | I50: =Table19[[#This Row],[H2-Potential in TWh/a]]*1000000/(365*24) -> 14.429224 | J50: =Table19[[#This Row],[Potential demand MWh/h]]/SUM(Table19[Potential demand MWh/h]) -> 0.0041211568 | K50: =ROUND(Table19[[#This Row],[Normalize Demand]]*$B$5,0) -> 5
A51: 125 | B51: Kalkwerk Rygol GmbH & Co. KG | C51: Mineral Processing | E51: 49.008715 | F51: 11.824687 | H51: 0.208 | I51: =Table19[[#This Row],[H2-Potential in TWh/a]]*1000000/(365*24) -> 23.744292 | J51: =Table19[[#This Row],[Potential demand MWh/h]]/SUM(Table19[Potential demand MWh/h]) -> 0.0067816504 | K51: =ROUND(Table19[[#This Row],[Normalize Demand]]*$B$5,0) -> 9
A52: 126 | B52: Grevenbrücker Kalkwerk GmbH & Co. KG | C52: Mineral Processing | E52: 51.14033 | F52: 8.025404 | H52: 0.0365 | I52: =Table19[[#This Row],[H2-Potential in TWh/a]]*1000000/(365*24) -> 4.1666667 | J52: =Table19[[#This Row],[Potential demand MWh/h]]/SUM(Table19[Potential demand MWh/h]) -> 0.0011900492 | K52: =ROUND(Table19[[#This Row],[Normalize Demand]]*$B$5,0) -> 1
A53: 127 | B53: Schaefer Kalk GmbH & Co. KG | C53: Mineral Processing | E53: 50.419099 | F53: 8.1118 | H53: 0.2032 | I53: =Table19[[#This Row],[H2-Potential in TWh/a]]*1000000/(365*24) -> 23.196347 | J53: =Table19[[#This Row],[Potential demand MWh/h]]/SUM(Table19[Potential demand MWh/h]) -> 0.0066251508 | K53: =ROUND(Table19[[#This Row],[Normalize Demand]]*$B$5,0) -> 8
... A93: 167 | B93: Südzucker AG Mannheim/Ochsenfurt | C93: Mineral Processing | E93: 48.78676 | F93: 12.882771 | H93: 0.0882 | I93: =Table19[[#This Row],[H2-Potential in TWh/a]]*1000000/(365*24) -> 10.068493 | J93: =Table19[[#This Row],[Potential demand MWh/h]]/SUM(Table19[Potential demand MWh/h]) -> 0.0028756806 | K93: =ROUND(Table19[[#This Row],[Normalize Demand]]*$B$5,0) -> 4

Sheet Mineral_Processing_Input
A1: {=Table19[[#All],[Latitude]:[Longitude]]} -> Latitude | B1: Longitude | C1: {=Table19[[#All],[Peak Load '[MWh/h']]]} -> Peak Load [MWh/h]
A2: 50.03191 | B2: 8.2570018 | C2: 7
A3: 52.174986 | B3: 7.8878276 | C3: 58
A4: 51.765174 | B4: 8.0540288 | C4: 26
A5: 51.760246 | B5: 8.0731712 | C5: 16
A6: 51.858261 | B6: 8.0305719 | C6: 33
A7: 51.698988 | B7: 8.7470409 | C7: 12
A8: 51.622561 | B8: 8.5043929 | C8: 13
A9: 51.59721 | B9: 8.3346819 | C9: 18
A10: 51.816375 | B10: 11.749647 | C10: 28
A11: 51.271112 | B11: 11.654703 | C11: 62
A12: 48.331986 | B12: 9.7304687 | C12: 33
A13: 49.601019 | B13: 8.0413779 | C13: 26
... A85: 48.78676 | B85: 12.882771 | C85: 4

Sheet Metal_Processing
A1: Industrial Technical Potential Demand | B1: =SUM(Table20[H2-Potential in TWh/a]) -> 3.743 | C1: TWh/a
A2: Industrial Technical Potential Demand | B2: =B1*1000000/(365*24) -> 427.28311 | C2: MWh/h
A4: Demand | B4: =Overview!E65 -> 4 | C4: TWh/a
A5: Peak Hour Demand | B5: =B4*1000000/(365*24) -> 456.621 | C5: MWh/h
A6: Peak Hour Demand Rounded | B6: =SUM(Table20[Peak Load '[MWh/h']]) -> 456 | C6: MWh/h
A9: SiteId | B9: CompanyName | C9: Subsector_Name | D9: Product | E9: Latitude | F9: Longitude | G9: NUTS3ID | H9: H2-Potential in TWh/a | I9: Potential demand MWh/h | J9: Normalize Demand | K9: Peak Load [MWh/h]
A10: 372 | B10: TRIMET ALUMINIUM SE, Niederlassung Hamburg | C10: Non-ferrous metals | E10: 53.512395 | F10: 9.8872098 | G10: DE600 | H10: 0.8008 | I10: =Table20[[#This Row],[H2-Potential in TWh/a]]*1000000/(365*24) -> 91.415525 | J10: =Table20[[#This Row],[Potential demand MWh/h]]/SUM(Table20[Potential demand MWh/h]) -> 0.21394603 | K10: =ROUND(Table20[[#This Row],[Normalize Demand]]*$B$5,0) -> 98
A11: 373 | B11: Hydro Aluminium Rolled Products GmbH | C11: Non-ferrous metals | E11: 51.148877 | F11: 6.7818334 | G11: DEA1D | H11: 1.3643 | I11: =Table20[[#This Row],[H2-Potential in TWh/a]]*1000000/(365*24) -> 155.74201 | J11: =Table20[[#This Row],[Potential demand MWh/h]]/SUM(Table20[Potential demand MWh/h]) -> 0.36449372 | K11: =ROUND(Table20[[#This Row],[Normalize Demand]]*$B$5,0) -> 166
A12: 374 | B12: TRIMET Aluminium SE | C12: Non-ferrous metals | E12: 51.490049 | F12: 6.9681697 | G12: DEA13 | H12: 1.0084 | I12: =Table20[[#This Row],[H2-Potential in TWh/a]]*1000000/(365*24) -> 115.11416 | J12: =Table20[[#This Row],[Potential demand MWh/h]]/SUM(Table20[Potential demand MWh/h]) -> 0.26940956 | K12: =ROUND(Table20[[#This Row],[Normalize Demand]]*$B$5,0) -> 123
A13: 375 | B13: TRIMET Aluminium SE | C13: Non-ferrous metals | E13: 51.625536 | F13: 6.6154086 | G13: DEA1F | H13: 0.5695 | I13: =Table20[[#This Row],[H2-Potential in TWh/a]]*1000000/(365*24) -> 65.011416 | J13: =Table20[[#This Row],[Potential demand MWh/h]]/SUM(Table20[Potential demand MWh/h]) -> 0.15215068 | K13: =ROUND(Table20[[#This Row],[Normalize Demand]]*$B$5,0) -> 69
M16: &

Sheet Metal_Processing_Input
A1: {=Table20[[#All],[Latitude]:[Longitude]]} -> Latitude | B1: Longitude | C1: {=Table20[[#All],[Peak Load '[MWh/h']]]} -> Peak Load [MWh/h]
A2: 53.512395 | B2: 9.8872098 | C2: 98
A3: 51.148877 | B3: 6.7818334 | C3: 166
A4: 51.490049 | B4: 6.9681697 | C4: 123
A5: 51.625536 | B5: 6.6154086 | C5: 69

Sheet Non_Metallic_Minerals
A1: Industrial Technical Potential Demand | B1: =SUM(Table21[H2-Potential in TWh/a]) -> 8.3176 | C1: TWh/a
A2: Industrial Technical Potential Demand | B2: =B1*1000000/(365*24) -> 949.49772 | C2: MWh/h
A4: Demand | B4: =Overview!E66 -> 2 | C4: TWh/a
A5: Peak Hour Demand | B5: =B4*1000000/(365*24) -> 228.3105 | C5: MWh/h
A6: Peak Hour Demand Rounded | B6: =SUM(Table21[Peak Load '[MWh/h']]) -> 226 | C6: MWh/h
A9: SiteId | B9: CompanyName | C9: Subsector_Name | D9: Product | E9: Latitude | F9: Longitude | G9: NUTS3ID | H9: H2-Potential in TWh/a | I9: Potential demand MWh/h | J9: Normalize Demand | K9: Peak Load [MWh/h]
A10: 40 | B10: Verallia Saint Gobain Oberland AG Essen | C10: Non-metallic minerals | E10: 51.530037 | F10: 6.9956437 | G10: DEA13 | H10: 0.0421 | I10: =Table21[[#This Row],[H2-Potential in TWh/a]]*1000000/(365*24) -> 4.8059361 | J10: =Table21[[#This Row],[Potential demand MWh/h]]/SUM(Table21[Potential demand MWh/h]) -> 0.0050615562 | K10: =ROUND($B$5*Table21[[#This Row],[Normalize Demand]],0) -> 1
A11: 41 | B11: Gerresheimer Essen GmbH | C11: Non-metallic minerals | E11: 51.441176 | F11: 7.087096 | G11: DEA13 | H11: 0.0804 | I11: =Table21[[#This Row],[H2-Potential in TWh/a]]*1000000/(365*24) -> 9.1780822 | J11: =Table21[[#This Row],[Potential demand MWh/h]]/SUM(Table21[Potential demand MWh/h]) -> 0.0096662499 | K11: =ROUND($B$5*Table21[[#This Row],[Normalize Demand]],0) -> 2
A12: 42 | B12: Gerresheimer Bünde GmbH | C12: Non-metallic minerals | E12: 52.193971 | F12: 8.60857 | G12: DEA43 | H12: 0.0603 | I12: =Table21[[#This Row],[H2-Potential in TWh/a]]*1000000/(365*24) -> 6.8835616 | J12: =Table21[[#This Row],[Potential demand MWh/h]]/SUM(Table21[Potential demand MWh/h]) -> 0.0072496874 | K12: =ROUND($B$5*Table21[[#This Row],[Normalize Demand]],0) -> 2
A13: 43 | B13: Glashütte Freital GmbH | C13: Non-metallic minerals | E13: 51.006367 | F13: 13.657259 | G13: DED2F | H13: 0.0402 | I13: =Table21[[#This Row],[H2-Potential in TWh/a]]*1000000/(365*24) -> 4.5890411 | J13: =Table21[[#This Row],[Potential demand MWh/h]]/SUM(Table21[Potential demand MWh/h]) -> 0.0048331249 | K13: =ROUND($B$5*Table21[[#This Row],[Normalize Demand]],0) -> 1
A14: 44 | B14: Ardagh Glass GmbH | C14: Non-metallic minerals | E14: 51.621611 | F14: 7.521982 | G14: DEA5C | H14: 0.1407 | I14: =Table21[[#This Row],[H2-Potential in TWh/a]]*1000000/(365*24) -> 16.061644 | J14: =Table21[[#This Row],[Potential demand MWh/h]]/SUM(Table21[Potential demand MWh/h]) -> 0.016915937 | K14: =ROUND($B$5*Table21[[#This Row],[Normalize Demand]],0) -> 4
A15: 45 | B15: HNG Global GmbH | C15: Non-metallic minerals | E15: 52.526556 | F15: 11.392978 | G15: DEE04 | H15: 0.1306 | I15: =Table21[[#This Row],[H2-Potential in TWh/a]]*1000000/(365*24) -> 14.908676 | J15: =Table21[[#This Row],[Potential demand MWh/h]]/SUM(Table21[Potential demand MWh/h]) -> 0.015701645 | K15: =ROUND($B$5*Table21[[#This Row],[Normalize Demand]],0) -> 4
A16: 46 | B16: Ardagh Glass GmbH | C16: Non-metallic minerals | E16: 51.837156 | F16: 11.767553 | G16: DEE0C | H16: 0.1507 | I16: =Table21[[#This Row],[H2-Potential in TWh/a]]*1000000/(365*24) -> 17.203196 | J16: =Table21[[#This Row],[Potential demand MWh/h]]/SUM(Table21[Potential demand MWh/h]) -> 0.018118207 | K16: =ROUND($B$5*Table21[[#This Row],[Normalize Demand]],0) -> 4
A17: 47 | B17: O-I Glasspack Bernsdorf | C17: Non-metallic minerals | E17: 51.370686 | F17: 14.067965 | G17: DED2C | H17: 0.0904 | I17: =Table21[[#This Row],[H2-Potential in TWh/a]]*1000000/(365*24) -> 10.319635 | J17: =Table21[[#This Row],[Potential demand MWh/h]]/SUM(Table21[Potential demand MWh/h]) -> 0.01086852 | K17: =ROUND($B$5*Table21[[#This Row],[Normalize Demand]],0) -> 2
A18: 48 | B18: Neue Glaswerke Großbreitenbach GmbH & Co. KG | C18: Non-metallic minerals | E18: 50.583346 | F18: 10.992272 | G18: DEG0F | H18: 0.1206 | I18: =Table21[[#This Row],[H2-Potential in TWh/a]]*1000000/(365*24) -> 13.767123 | J18: =Table21[[#This Row],[Potential demand MWh/h]]/SUM(Table21[Potential demand MWh/h]) -> 0.014499375 | K18: =ROUND($B$5*Table21[[#This Row],[Normalize Demand]],0) -> 3
A19: 49 | B19: Ilmaborglass GmbH | C19: Non-metallic minerals | E19: 50.698462 | F19: 10.938711 | G19: DEG0F | H19: 0.01 | I19: =Table21[[#This Row],[H2-Potential in TWh/a]]*1000000/(365*24) -> 1.1415525 | J19: =Table21[[#This Row],[Potential demand MWh/h]]/SUM(Table21[Potential demand MWh/h]) -> 0.0012022699 | K19: =ROUND($B$5*Table21[[#This Row],[Normalize Demand]],0) -> 0
A20: 50 | B20: Glaswerk Ernstthal GmbH | C20: Non-metallic minerals | E20: 50.49072 | F20: 11.171841 | G20: DEG0H | H20: 0.1256 | I20: =Table21[[#This Row],[H2-Potential in TWh/a]]*1000000/(365*24) -> 14.3379 | J20: =Table21[[#This Row],[Potential demand MWh/h]]/SUM(Table21[Potential demand MWh/h]) -> 0.01510051 | K20: =ROUND($B$5*Table21[[#This Row],[Normalize Demand]],0) -> 3
A21: 51 | B21: HEINZ-GLAS GmbH | C21: Non-metallic minerals | E21: 50.511445 | F21: 11.214213 | G21: DEG0I | H21: 0.0603 | I21: =Table21[[#This Row],[H2-Potential in TWh/a]]*1000000/(365*24) -> 6.8835616 | J21: =Table21[[#This Row],[Potential demand MWh/h]]/SUM(Table21[Potential demand MWh/h]) -> 0.0072496874 | K21: =ROUND($B$5*Table21[[#This Row],[Normalize Demand]],0) -> 2
... A53: 83 | B53: GMB Glasmanufaktur Brandenburg GmbH | C53: Non-metallic minerals | E53: 51.574495 | F53: 14.607143 | G53: DE40G | H53: 0.1501 | I53: =Table21[[#This Row],[H2-Potential in TWh/a]]*1000000/(365*24) -> 17.134703 | J53: =Table21[[#This Row],[Potential demand MWh/h]]/SUM(Table21[Potential demand MWh/h]) -> 0.018046071 | K53: =ROUND($B$5*Table21[[#This Row],[Normalize Demand]],0) -> 4

Sheet Non_Metallic_Minerals_Input
A1: {=Table21[[#All],[Latitude]:[Longitude]]} -> Latitude | B1: Longitude | C1: {=Table21[[#All],[Peak Load '[MWh/h']]]} -> Peak Load [MWh/h]
A2: 51.530037 | B2: 6.9956437 | C2: 1
A3: 51.441176 | B3: 7.087096 | C3: 2
A4: 52.193971 | B4: 8.60857 | C4: 2
A5: 51.006367 | B5: 13.657259 | C5: 1
A6: 51.621611 | B6: 7.521982 | C6: 4
A7: 52.526556 | B7: 11.392978 | C7: 4
A8: 51.837156 | B8: 11.767553 | C8: 4
A9: 51.370686 | B9: 14.067965 | C9: 2
A10: 50.583346 | B10: 10.992272 | C10: 3
A11: 50.698462 | B11: 10.938711 | C11: 0
A12: 50.49072 | B12: 11.171841 | C12: 3
A13: 50.511445 | B13: 11.214213 | C13: 2
... A45: 51.574495 | B45: 14.607143 | C45: 4

Sheet Other_Industry
A2: Demand | B2: =Overview!E63 -> 14 | C2: TWh/a
A3: Peak Hour Demand | B3: =B2*1000000/(365*24) -> 1598.1735 | C3: MWh/h
A4: Peak Hour Demand Rounded | B4: =SUM(Table5[Peak Load '[MWh/h']]) -> 1598 | C4: MWh/h
A8: NUTS3 | B8: Name | C8: GDP -2019 | D8: Normiert | E8: Peak Load [MWh/h]
A9: DE111 | B9: Stuttgart, Stadtkreis | C9: 57510.22 | D9: =Table5[[#This Row],[GDP -2019]]/Table5[[#Totals],[GDP -2019]] -> 0.016557994 | E9: =ROUND($B$3*Table5[[#This Row],[Normiert]],0) -> 26
A10: DE112 | B10: Böblingen | C10: 24614.79 | D10: =Table5[[#This Row],[GDP -2019]]/Table5[[#Totals],[GDP -2019]] -> 0.0070869412 | E10: =ROUND($B$3*Table5[[#This Row],[Normiert]],0) -> 11
A11: DE113 | B11: Esslingen | C11: 22970.76 | D11: =Table5[[#This Row],[GDP -2019]]/Table5[[#Totals],[GDP -2019]] -> 0.006613602 | E11: =ROUND($B$3*Table5[[#This Row],[Normiert]],0) -> 11
A12: DE114 | B12: Göppingen | C12: 8667.39 | D12: =Table5[[#This Row],[GDP -2019]]/Table5[[#Totals],[GDP -2019]] -> 0.0024954624 | E12: =ROUND($B$3*Table5[[#This Row],[Normiert]],0) -> 4
A13: DE115 | B13: Ludwigsburg | C13: 25046.45 | D13: =Table5[[#This Row],[GDP -2019]]/Table5[[#Totals],[GDP -2019]] -> 0.0072112221 | E13: =ROUND($B$3*Table5[[#This Row],[Normiert]],0) -> 12
A14: DE116 | B14: Rems-Murr-Kreis | C14: 15580.92 | D14: =Table5[[#This Row],[GDP -2019]]/Table5[[#Totals],[GDP -2019]] -> 0.0044859641 | E14: =ROUND($B$3*Table5[[#This Row],[Normiert]],0) -> 7
A15: DE117 | B15: Heilbronn, Stadtkreis | C15: 7428.85 | D15: =Table5[[#This Row],[GDP -2019]]/Table5[[#Totals],[GDP -2019]] -> 0.0021388695 | E15: =ROUND($B$3*Table5[[#This Row],[Normiert]],0) -> 3
A16: DE118 | B16: Heilbronn, Landkreis | C16: 20653.7 | D16: =Table5[[#This Row],[GDP -2019]]/Table5[[#Totals],[GDP -2019]] -> 0.0059464882 | E16: =ROUND($B$3*Table5[[#This Row],[Normiert]],0) -> 10
A17: DE119 | B17: Hohenlohekreis | C17: 5919.1 | D17: =Table5[[#This Row],[GDP -2019]]/Table5[[#Totals],[GDP -2019]] -> 0.0017041914 | E17: =ROUND($B$3*Table5[[#This Row],[Normiert]],0) -> 3
A18: DE11A | B18: Schwäbisch Hall | C18: 9196.18 | D18: =Table5[[#This Row],[GDP -2019]]/Table5[[#Totals],[GDP -2019]] -> 0.0026477084 | E18: =ROUND($B$3*Table5[[#This Row],[Normiert]],0) -> 4
A19: DE11B | B19: Main-Tauber-Kreis | C19: 5415.53 | D19: =Table5[[#This Row],[GDP -2019]]/Table5[[#Totals],[GDP -2019]] -> 0.0015592066 | E19: =ROUND($B$3*Table5[[#This Row],[Normiert]],0) -> 2
A20: DE11C | B20: Heidenheim | C20: 5032.4 | D20: =Table5[[#This Row],[GDP -2019]]/Table5[[#Totals],[GDP -2019]] -> 0.0014488981 | E20: =ROUND($B$3*Table5[[#This Row],[Normiert]],0) -> 2
... A409: DEG0P | B409: Wartburgkreis | C409: 3410.22 | D409: =Table5[[#This Row],[GDP -2019]]/Table5[[#Totals],[GDP -2019]] -> 0.00098184988 | E409: =ROUND($B$3*Table5[[#This Row],[Normiert]],0) -> 2
C410: =SUM(Table5[GDP -2019]) -> 3473260.1 | D410: =SUM(Table5[Normiert]) -> 1 | E410: =SUM(Table5[Peak Load '[MWh/h']]) -> 1598

Sheet Other_Industry_Input
A1: {=Table5[[#Headers],[#Data],[NUTS3]]} -> NUTS3 | B1: {=Table5[[#Headers],[#Data],[Peak Load '[MWh/h']]]} -> Peak Load [MWh/h]
A2: DE111 | B2: 26
A3: DE112 | B3: 11
A4: DE113 | B4: 11
A5: DE114 | B5: 4
A6: DE115 | B6: 12
A7: DE116 | B7: 7
A8: DE117 | B8: 3
A9: DE118 | B9: 10
A10: DE119 | B10: 3
A11: DE11A | B11: 4
A12: DE11B | B12: 2
A13: DE11C | B13: 2
... A402: DEG0P | B402: 2

Sheet District Heat
A3: Heat demand yearly | B3: =Overview!D18 -> 132 | C3: TWh
A4: Max heat demand Germany Normalized | B4: =MAX(When2Heat!AC5:AC8766) -> 0.00027341181 | C4: % | G4: TXT | H4: Input
G5: TXT | H5: Calculation
A6: Installed power | B6: =SUM(Table1115[Elektrische Bruttoleistung (MW)]) -> 47173.97 | C6: MW | G6: TXT | H6: Referenced from other sheet
A7: Peak Hour Demand | B7: =B4*B3*1000000 -> 36090.359 | C7: MWh/h | E7: =B3/(365*24)*1000000 -> 15068.493 | G7: TXT | H7: Hardcoded data
A8: Peak Hour Demand Rounded | B8: =SUM(Table1115[Peak Load '[MWh/h']]) -> 36098 | C8: MWh/h | E8: =B7/E7 -> 2.3950874
E9: =E8*0.36 -> 0.86223148
B10: Percentage | C10: Absolute Demand
A11: Steinkohle | B11: =SUMIF(Table1115[Primärenergieträger], "Steinkohle*",Table1115[Normiert]) -> 0.31306884 | C11: =B11*$B$3 -> 41.325087 | D11: TWh
A12: Erdgas | B12: =SUMIF(Table1115[Primärenergieträger],"Erdgas*",Table1115[Normiert]) -> 0.3886671 | C12: =B12*$B$3 -> 51.304057 | D12: TWh
A13: Braunkohle | B13: =SUMIF(Table1115[Primärenergieträger],"Braunkohle*",Table1115[Normiert]) -> 0.25198642 | C13: =B13*$B$3 -> 33.262208 | D13: TWh
A14: Oil | B14: =SUMIF(Table1115[Primärenergieträger],"Ölrückstand",Table1115[Normiert]) -> 0.0079598982 | C14: =B14*$B$3 -> 1.0507066 | D14: TWh
A15: HEL | B15: =SUMIF(Table1115[Primärenergieträger],"HEL",Table1115[Normiert]) -> 0.010363766 | C15: =B15*$B$3 -> 1.3680172 | D15: TWh
A16: Konvertergas | B16: =SUMIF(Table1115[Primärenergieträger],"Konvertergas",Table1115[Normiert]) -> 0.0024589832 | C16: =B16*$B$3 -> 0.32458578 | D16: TWh
A17: Raffineriegas | B17: =SUMIF(Table1115[Primärenergieträger],"Raffineriegas",Table1115[Normiert]) -> 0.0034340972 | C17: =B17*$B$3 -> 0.45330084 | D17: TWh
A18: Gichtgas | B18: =SUMIF(Table1115[Primärenergieträger],"Gichtgas",Table1115[Normiert]) -> 0.022060895 | C18: =B18*$B$3 -> 2.9120381 | D18: TWh
B19: =SUM(B11:B18) -> 1 | C19: =SUM(C11:C18) -> 132 | D19: TWh
A21: Kraftwerksname / Standort | B21: Betreiber | C21: Bundesland | D21: Standort-PLZ | E21: Kraftwerksstandort | F21: Elektrische Bruttoleistung (MW) | G21: Fernwärme-leistung (MW) | H21: Anlagenart | I21: Primärenergieträger | J21: Normiert | K21: Peak Load [MWh/h]
A22: Altbach/Deizisau GT A-C, E | B22: EnBW Kraftwerke AG | C22: BW | D22: 73776 | E22: Altbach | F22: 305 | H22: GT | I22: Erdgas | J22: =Table1115[[#This Row],[Elektrische Bruttoleistung (MW)]]/$B$6 -> 0.00646543 | K22: =ROUND(Table1115[[#This Row],[Normiert]]*$B$7,0) -> 233
A23: Berlin-Mitte HKW GT 2 | B23: Vattenfall Wärme Berlin AG | C23: BE | D23: 10179 | E23: Berlin | F23: 178 | H23: GuD | I23: Erdgas | J23: =Table1115[[#This Row],[Elektrische Bruttoleistung (MW)]]/$B$6 -> 0.0037732673 | K23: =ROUND(Table1115[[#This Row],[Normiert]]*$B$7,0) -> 136
A24: Berlin-Mitte HKW DT | B24: Vattenfall Wärme Berlin AG | C24: BE | D24: 10179 | E24: Berlin | F24: 112 | H24: GuD | I24: Erdgas | J24: =Table1115[[#This Row],[Elektrische Bruttoleistung (MW)]]/$B$6 -> 0.0023741907 | K24: =ROUND(Table1115[[#This Row],[Normiert]]*$B$7,0) -> 86
A25: Bremen-Mittelsbüren 4 | B25: swb Erzeugung GmbH | C25: HB | D25: 28237 | E25: Bremen | F25: 160 | H25: DKW | I25: Gichtgas | J25: =Table1115[[#This Row],[Elektrische Bruttoleistung (MW)]]/$B$6 -> 0.003391701 | K25: =ROUND(Table1115[[#This Row],[Normiert]]*$B$7,0) -> 122
A26: Bremen-Mittelsbüren (GKB) | B26: swb Erzeugung GmbH | C26: HB | D26: 28237 | E26: Bremen | F26: 460 | H26: GuD | I26: Erdgas | J26: =Table1115[[#This Row],[Elektrische Bruttoleistung (MW)]]/$B$6 -> 0.0097511403 | K26: =ROUND(Table1115[[#This Row],[Normiert]]*$B$7,0) -> 352
A27: Darmstadt | B27: Entega AG | C27: HE | D27: 64293 | E27: Darmstadt | F27: 100 | H27: GT | I27: Erdgas | J27: =Table1115[[#This Row],[Elektrische Bruttoleistung (MW)]]/$B$6 -> 0.0021198131 | K27: =ROUND(Table1115[[#This Row],[Normiert]]*$B$7,0) -> 77
A28: Gersteinwerk F (Werne) | B28: RWE Power AG | C28: NW | D28: 59368 | E28: Werne/Lippe | F28: 427 | H28: GT / DT | I28: Erdgas | J28: =Table1115[[#This Row],[Elektrische Bruttoleistung (MW)]]/$B$6 -> 0.009051602 | K28: =ROUND(Table1115[[#This Row],[Normiert]]*$B$7,0) -> 327
A29: Gersteinwerk G (Werne) | B29: RWE Power AG | C29: NW | D29: 59368 | E29: Werne/Lippe | F29: 427 | H29: GT / DT | I29: Erdgas | J29: =Table1115[[#This Row],[Elektrische Bruttoleistung (MW)]]/$B$6 -> 0.009051602 | K29: =ROUND(Table1115[[#This Row],[Normiert]]*$B$7,0) -> 327
A30: Gersteinwerk I (Werne) | B30: RWE Power AG | C30: NW | D30: 59368 | E30: Werne/Lippe | F30: 427 | H30: GT / DT | I30: Erdgas | J30: =Table1115[[#This Row],[Elektrische Bruttoleistung (MW)]]/$B$6 -> 0.009051602 | K30: =ROUND(Table1115[[#This Row],[Normiert]]*$B$7,0) -> 327
A31: Gersteinwerk K1 (GT) (Werne) | B31: RWE Power AG | C31: NW | D31: 59368 | E31: Werne/Lippe | F31: 112 | H31: GT | I31: Erdgas | J31: =Table1115[[#This Row],[Elektrische Bruttoleistung (MW)]]/$B$6 -> 0.0023741907 | K31: =ROUND(Table1115[[#This Row],[Normiert]]*$B$7,0) -> 86
A32: Großkayna 1-3 | B32: envia THERM GmbH | C32: ST | D32: 06242 | E32: Großkayna | F32: 136.9 | H32: GT | I32: HEL | J32: =Table1115[[#This Row],[Elektrische Bruttoleistung (MW)]]/$B$6 -> 0.0029020241 | K32: =ROUND(Table1115[[#This Row],[Normiert]]*$B$7,0) -> 105
A33: Hamm-Uentrop 10 | B33: Trianel Gaskraftwerk Hamm GmbH & Co. KG | C33: NW | D33: 59071 | E33: Hamm | F33: 425 | H33: GuD | I33: Erdgas | J33: =Table1115[[#This Row],[Elektrische Bruttoleistung (MW)]]/$B$6 -> 0.0090092057 | K33: =ROUND(Table1115[[#This Row],[Normiert]]*$B$7,0) -> 325
A34: Hamm-Uentrop 20 | B34: Trianel Gaskraftwerk Hamm GmbH & Co. KG | C34: NW | D34: 59071 | E34: Hamm | F34: 425 | H34: GuD | I34: Erdgas | J34: =Table1115[[#This Row],[Elektrische Bruttoleistung (MW)]]/$B$6 -> 0.0090092057 | K34: =ROUND(Table1115[[#This Row],[Normiert]]*$B$7,0) -> 325
A35: Huntorf CAES | B35: Uniper SE | C35: NI | D35: 26931 | E35: Elsfleth | F35: 321 | H35: GT | I35: Erdgas | J35: =Table1115[[#This Row],[Elektrische Bruttoleistung (MW)]]/$B$6 -> 0.0068046001 | K35: =ROUND(Table1115[[#This Row],[Normiert]]*$B$7,0) -> 246
A36: Lausward E (Emil) GT 1-3 | B36: StW Düsseldorf | C36: NW | D36: 40221 | E36: Düsseldorf | F36: 208 | H36: GT | I36: Erdgas, HEL | J36: =Table1115[[#This Row],[Elektrische Bruttoleistung (MW)]]/$B$6 -> 0.0044092113 | K36: =ROUND(Table1115[[#This Row],[Normiert]]*$B$7,0) -> 159
... A40: Wedel A und B | B40: Vattenfall Europe GmbH | C40: SH | D40: 22880 | E40: Wedel | F40: 102 | H40: GT | I40: HEL | J40: =Table1115[[#This Row],[Elektrische Bruttoleistung (MW)]]/$B$6 -> 0.0021622094 | K40: =ROUND(Table1115[[#This Row],[Normiert]]*$B$7,0) -> 78
A41: Altbach/Deizisau HKW 1 | B41: EnBW Kraftwerke AG | C41: BW | D41: 73776 | E41: Altbach | F41: 476 | G41: 280 | H41: HKW | I41: Steinkohle | J41: =Table1115[[#This Row],[Elektrische Bruttoleistung (MW)]]/$B$6 -> 0.01009031 | K41: =ROUND(Table1115[[#This Row],[Normiert]]*$B$7,0) -> 364
A42: Altbach/Deizisau HKW 2 | B42: EnBW Kraftwerke AG | C42: BW | D42: 73776 | E42: Altbach | F42: 379 | G42: 280 | H42: HKW (DT) | I42: Steinkohle | J42: =Table1115[[#This Row],[Elektrische Bruttoleistung (MW)]]/$B$6 -> 0.0080340917 | K42: =ROUND(Table1115[[#This Row],[Normiert]]*$B$7,0) -> 290
A43: Bergkamen A | B43: Steag GmbH | C43: NW | D43: 59192 | E43: Bergkamen | F43: 780 | G43: 20 | H43: DKW | I43: Steinkohle | J43: =Table1115[[#This Row],[Elektrische Bruttoleistung (MW)]]/$B$6 -> 0.016534542 | K43: =ROUND(Table1115[[#This Row],[Normiert]]*$B$7,0) -> 597
A44: Berlin-Charlottenburg 4+5 | B44: Vattenfall Wärme Berlin AG | C44: BE | D44: 10589 | E44: Berlin | F44: 146 | G44: 300 | H44: G/AK | I44: Erdgas | J44: =Table1115[[#This Row],[Elektrische Bruttoleistung (MW)]]/$B$6 -> 0.0030949271 | K44: =ROUND(Table1115[[#This Row],[Normiert]]*$B$7,0) -> 112
A45: Berlin-Klingenberg | B45: Vattenfall Wärme Berlin AG | C45: BE | D45: 10317 | E45: Berlin | F45: 188 | G45: 590 | H45: HKW | I45: Erdgas | J45: =Table1115[[#This Row],[Elektrische Bruttoleistung (MW)]]/$B$6 -> 0.0039852486 | K45: =ROUND(Table1115[[#This Row],[Normiert]]*$B$7,0) -> 144
A46: Berlin-Lichterfelde | B46: Vattenfall Wärme Berlin AG | C46: BE | D46: 12207 | E46: Berlin | F46: 315 | G46: 230 | H46: GuD | I46: Erdgas | J46: =Table1115[[#This Row],[Elektrische Bruttoleistung (MW)]]/$B$6 -> 0.0066774113 | K46: =ROUND(Table1115[[#This Row],[Normiert]]*$B$7,0) -> 241
A47: Berlin-Marzahn | B47: Vattenfall Wärme Berlin AG | C47: BE | D47: 12861 | E47: Berlin | F47: 266.5 | G47: 240 | H47: GuD | I47: Erdgas | J47: =Table1115[[#This Row],[Elektrische Bruttoleistung (MW)]]/$B$6 -> 0.0056493019 | K47: =ROUND(Table1115[[#This Row],[Normiert]]*$B$7,0) -> 204
A48: Berlin-Mitte HKW GT 1 | B48: Vattenfall Wärme Berlin AG | C48: BE | D48: 10179 | E48: Berlin | F48: 178 | G48: 1210 | H48: GuD | I48: Erdgas | J48: =Table1115[[#This Row],[Elektrische Bruttoleistung (MW)]]/$B$6 -> 0.0037732673 | K48: =ROUND(Table1115[[#This Row],[Normiert]]*$B$7,0) -> 136
A49: Berlin-Moabit A | B49: Vattenfall Wärme Berlin AG | C49: BE | D49: 13353 | E49: Berlin | F49: 100 | G49: 136 | H49: HKW | I49: Steinkohle | J49: =Table1115[[#This Row],[Elektrische Bruttoleistung (MW)]]/$B$6 -> 0.0021198131 | K49: =ROUND(Table1115[[#This Row],[Normiert]]*$B$7,0) -> 77
A50: Berlin-Reuter-West D | B50: Vattenfall Wärme Berlin AG | C50: BE | D50: 13599 | E50: Berlin | F50: 300 | G50: 363 | H50: HKW | I50: Steinkohle | J50: =Table1115[[#This Row],[Elektrische Bruttoleistung (MW)]]/$B$6 -> 0.0063594393 | K50: =ROUND(Table1115[[#This Row],[Normiert]]*$B$7,0) -> 230
A51: Berlin-Reuter-West E | B51: Vattenfall Wärme Berlin AG | C51: BE | D51: 13599 | E51: Berlin | F51: 300 | G51: 363 | H51: HKW | I51: Steinkohle | J51: =Table1115[[#This Row],[Elektrische Bruttoleistung (MW)]]/$B$6 -> 0.0063594393 | K51: =ROUND(Table1115[[#This Row],[Normiert]]*$B$7,0) -> 230
A52: Bernburg | B52: Solvay Chemicals GmbH | C52: ST | D52: 06406 | E52: Bernburg | F52: 158 | G52: 232 | H52: GuD / IKW | I52: Erdgas | J52: =Table1115[[#This Row],[Elektrische Bruttoleistung (MW)]]/$B$6 -> 0.0033493047 | K52: =ROUND(Table1115[[#This Row],[Normiert]]*$B$7,0) -> 121
A53: Bitterfeld Chemiepark | B53: envia THERM GmbH | C53: ST | D53: 06749 | E53: Bitterfeld | F53: 114 | G53: 110 | H53: GuD / IKW | I53: Erdgas | J53: =Table1115[[#This Row],[Elektrische Bruttoleistung (MW)]]/$B$6 -> 0.0024165869 | K53: =ROUND(Table1115[[#This Row],[Normiert]]*$B$7,0) -> 87
A54: Bonn-Nord | B54: Energie- und Wasserversorgung Bonn/Rhein-Sieg GmbH | C54: NW | D54: 53115 | E54: Bonn | F54: 100 | G54: 180 | H54: GuD | I54: Erdgas | J54: =Table1115[[#This Row],[Elektrische Bruttoleistung (MW)]]/$B$6 -> 0.0021198131 | K54: =ROUND(Table1115[[#This Row],[Normiert]]*$B$7,0) -> 77
A55: Boxberg N | B55: Lausitz Energie Kraftwerke AG (LEAG) | C55: SN | D55: 02943 | E55: Boxberg | F55: 500 | G55: 60 | H55: DKW | I55: Braunkohle | J55: =Table1115[[#This Row],[Elektrische Bruttoleistung (MW)]]/$B$6 -> 0.010599066 | K55: =ROUND(Table1115[[#This Row],[Normiert]]*$B$7,0) -> 383
A56: Boxberg Q | B56: Lausitz Energie Kraftwerke AG (LEAG) | C56: SN | D56: 02943 | E56: Boxberg | F56: 907 | G56: 65 | H56: DKW | I56: Braunkohle | J56: =Table1115[[#This Row],[Elektrische Bruttoleistung (MW)]]/$B$6 -> 0.019226705 | K56: =ROUND(Table1115[[#This Row],[Normiert]]*$B$7,0) -> 694
A57: Braunschweig-Mitte | B57: Braunschweiger Versorgungs AG | C57: NI | D57: 38106 | E57: Braunschweig | F57: 183.2 | G57: 385.7 | H57: GuD / HKW | I57: Erdgas, Steinkohle | J57: =Table1115[[#This Row],[Elektrische Bruttoleistung (MW)]]/$B$6 -> 0.0038834976 | K57: =ROUND(Table1115[[#This Row],[Normiert]]*$B$7,0) -> 140
A58: Bremen-Farge | B58: Onyx Power GmbH (Riverstone Holdings LLC) | C58: HB | D58: 28777 | E58: Bremen | F58: 397 | G58: 26 | H58: DKW | I58: Steinkohle | J58: =Table1115[[#This Row],[Elektrische Bruttoleistung (MW)]]/$B$6 -> 0.008415658 | K58: =ROUND(Table1115[[#This Row],[Normiert]]*$B$7,0) -> 304
A59: Bremen-Hastedt 15 | B59: swb Erzeugung GmbH | C59: HB | D59: 28207 | E59: Bremen | F59: 130 | G59: 150 | H59: HKW | I59: Steinkohle | J59: =Table1115[[#This Row],[Elektrische Bruttoleistung (MW)]]/$B$6 -> 0.002755757 | K59: =ROUND(Table1115[[#This Row],[Normiert]]*$B$7,0) -> 99
A60: Burghausen | B60: Kraftwerk Burghausen GmbH / Wacker Chemie AG | C60: BY | D60: 84489 | E60: Burghausen | F60: 193.8 | G60: 350 | H60: GuD | I60: Erdgas | J60: =Table1115[[#This Row],[Elektrische Bruttoleistung (MW)]]/$B$6 -> 0.0041081978 | K60: =ROUND(Table1115[[#This Row],[Normiert]]*$B$7,0) -> 148
A61: Chemnitz Nord II B+C/30 | B61: eins energie in sachsen GmbH & Co. KG | C61: SN | D61: 09114 | E61: Chemnitz | F61: 167 | G61: 305 | H61: HKW | I61: Braunkohle | J61: =Table1115[[#This Row],[Elektrische Bruttoleistung (MW)]]/$B$6 -> 0.0035400879 | K61: =ROUND(Table1115[[#This Row],[Normiert]]*$B$7,0) -> 128
... A164: Zolling-Leininger 5 | B164: Onyx Kraftwerk Zolling GmbH & Co.KGaA (Riverstone Holdings LLC) | C164: BY | D164: 85406 | E164: Zolling | F164: 501 | G164: 150 | H164: HKW | I164: Steinkohle | J164: =Table1115[[#This Row],[Elektrische Bruttoleistung (MW)]]/$B$6 -> 0.010620264 | K164: =ROUND(Table1115[[#This Row],[Normiert]]*$B$7,0) -> 383

Sheet District_Input
A1: {=Table1115[[#All],[Standort-PLZ]]} -> Standort-PLZ | B1: {=Table1115[[#All],[Peak Load '[MWh/h']]]} -> Peak Load [MWh/h]
A2: 73776 | B2: 233
A3: 10179 | B3: 136
A4: 10179 | B4: 86
A5: 28237 | B5: 122
A6: 28237 | B6: 352
A7: 64293 | B7: 77
A8: 59368 | B8: 327
A9: 59368 | B9: 327
A10: 59368 | B10: 327
A11: 59368 | B11: 86
A12: 06242 | B12: 105
A13: 59071 | B13: 325
A14: 59071 | B14: 325
A15: 26931 | B15: 246
A16: 40221 | B16: 159
... A22: 73776 | B22: 290
A23: 59192 | B23: 597
A24: 10589 | B24: 112
A25: 10317 | B25: 144
A26: 12207 | B26: 241
A27: 12861 | B27: 204
A28: 10179 | B28: 136
A29: 13353 | B29: 77
A30: 13599 | B30: 230
A31: 13599 | B31: 230
A32: 06406 | B32: 121
A33: 06749 | B33: 87
A34: 53115 | B34: 77
A35: 02943 | B35: 383
A36: 02943 | B36: 694
A37: 38106 | B37: 140
A38: 28777 | B38: 304
A39: 28207 | B39: 99
A40: 84489 | B40: 148
A41: 09114 | B41: 128
... A144: 85406 | B144: 383

Sheet Residential Heat 
A2: Heat demand yearly | B2: =Overview!F81 -> 79 | C2: TWh
A3: Max heat demand Germany Normalized | B3: =MAX(When2Heat!AC4:AC8765) -> 0.00027341181 | C3: % | G3: TXT | H3: Input
G4: TXT | H4: Calculation
G5: TXT | H5: Referenced from other sheet
A6: Peak Hour Demand | B6: =B3*B2*1000000 -> 21599.533 | C6: MWh/h | E6: =B2/(365*24)*1000000 -> 9018.2648 | G6: TXT | H6: Hardcoded data
A7: Peak Hour Demand Rounded | B7: =SUM(Table4[Peak Load '[MWh/h']]) -> 21603 | C7: MWh/h | E7: =B6/E6 -> 2.3950874
A10: NUTS3 | B10: Name | C10: Population 2022 | D10: Normed | E10: Peak Load [MWh/h]
A11: DE111 | B11: Stuttgart, Stadtkreis | C11: 626275 | D11: =Table4[[#This Row],[Population 2022]]/$C$412 -> 0.0075239865 | E11: =ROUND(Table4[[#This Row],[Normed]]*$B$6,0) -> 163
A12: DE112 | B12: Böblingen | C12: 393195 | D12: =Table4[[#This Row],[Population 2022]]/$C$412 -> 0.0047237937 | E12: =ROUND(Table4[[#This Row],[Normed]]*$B$6,0) -> 102
A13: DE113 | B13: Esslingen | C13: 533388 | D13: =Table4[[#This Row],[Population 2022]]/$C$412 -> 0.0064080542 | E13: =ROUND(Table4[[#This Row],[Normed]]*$B$6,0) -> 138
A14: DE114 | B14: Göppingen | C14: 259046 | D14: =Table4[[#This Row],[Population 2022]]/$C$412 -> 0.003112145 | E14: =ROUND(Table4[[#This Row],[Normed]]*$B$6,0) -> 67
A15: DE115 | B15: Ludwigsburg | C15: 544679 | D15: =Table4[[#This Row],[Population 2022]]/$C$412 -> 0.0065437028 | E15: =ROUND(Table4[[#This Row],[Normed]]*$B$6,0) -> 141
A16: DE116 | B16: Rems-Murr-Kreis | C16: 427316 | D16: =Table4[[#This Row],[Population 2022]]/$C$412 -> 0.0051337189 | E16: =ROUND(Table4[[#This Row],[Normed]]*$B$6,0) -> 111
A17: DE117 | B17: Heilbronn, Stadtkreis | C17: 125613 | D17: =Table4[[#This Row],[Population 2022]]/$C$412 -> 0.0015090983 | E17: =ROUND(Table4[[#This Row],[Normed]]*$B$6,0) -> 33
A18: DE118 | B18: Heilbronn, Landkreis | C18: 347798 | D18: =Table4[[#This Row],[Population 2022]]/$C$412 -> 0.0041784 | E18: =ROUND(Table4[[#This Row],[Normed]]*$B$6,0) -> 90
A19: DE119 | B19: Hohenlohekreis | C19: 113318 | D19: =Table4[[#This Row],[Population 2022]]/$C$412 -> 0.0013613877 | E19: =ROUND(Table4[[#This Row],[Normed]]*$B$6,0) -> 29
A20: DE11A | B20: Schwäbisch Hall | C20: 199398 | D20: =Table4[[#This Row],[Population 2022]]/$C$412 -> 0.0023955417 | E20: =ROUND(Table4[[#This Row],[Normed]]*$B$6,0) -> 52
A21: DE11B | B21: Main-Tauber-Kreis | C21: 132956 | D21: =Table4[[#This Row],[Population 2022]]/$C$412 -> 0.0015973161 | E21: =ROUND(Table4[[#This Row],[Normed]]*$B$6,0) -> 35
A22: DE11C | B22: Heidenheim | C22: 132958 | D22: =Table4[[#This Row],[Population 2022]]/$C$412 -> 0.0015973401 | E22: =ROUND(Table4[[#This Row],[Normed]]*$B$6,0) -> 35
... A411: DEG0P | B411: Wartburgkreis | C411: 117094 | D411: =Table4[[#This Row],[Population 2022]]/$C$412 -> 0.0014067521 | E411: =ROUND(Table4[[#This Row],[Normed]]*$B$6,0) -> 30
C412: =SUM(C11:C411) -> 83237124 | D412: =SUM(Table4[Normed]) -> 1 | E412: =SUM(Table4[Peak Load '[MWh/h']]) -> 21603

Sheet Residential_Input
A1: {=Table4[[#All],[NUTS3]]} -> NUTS3 | B1: {=Table4[[#All],[Peak Load '[MWh/h']]]} -> Peak Load [MWh/h]
A2: DE111 | B2: 163
A3: DE112 | B3: 102
A4: DE113 | B4: 138
A5: DE114 | B5: 67
A6: DE115 | B6: 141
A7: DE116 | B7: 111
A8: DE117 | B8: 33
A9: DE118 | B9: 90
A10: DE119 | B10: 29
A11: DE11A | B11: 52
A12: DE11B | B12: 35
A13: DE11C | B13: 35
... A402: DEG0P | B402: 30

Sheet When2Heat
A1: country | C1: DE | D1: DE | E1: DE | F1: DE | G1: DE | H1: DE | I1: DE | J1: DE | K1: DE | L1: DE | M1: DE | N1: DE | O1: DE | P1: DE | Q1: DE | R1: DE | S1: DE | T1: DE | U1: DE | V1: DE | W1: DE | X1: DE | Y1: DE | Z1: DE | AA1: DE
A2: variable | C2: COP | D2: COP | E2: COP | F2: COP | G2: COP | H2: COP | I2: COP | J2: COP | K2: COP | L2: heat_demand | M2: heat_demand | N2: heat_demand | O2: heat_demand | P2: heat_demand | Q2: heat_demand | R2: heat_demand | S2: heat_demand | T2: heat_demand | U2: heat_profile | V2: heat_profile | W2: heat_profile | X2: heat_profile | Y2: heat_profile | Z2: heat_profile | AA2: heat_profile
A3: attribute | C3: ASHP_floor | D3: ASHP_radiator | E3: ASHP_water | F3: GSHP_floor | G3: GSHP_radiator | H3: GSHP_water | I3: WSHP_floor | J3: WSHP_radiator | K3: WSHP_water | L3: space | M3: space_COM | N3: space_MFH | O3: space_SFH | P3: total | Q3: water | R3: water_COM | S3: water_MFH | T3: water_SFH | U3: space_COM | V3: space_MFH | W3: space_SFH | X3: water_COM | Y3: water_MFH | Z3: water_SFH | AA3: All | AB3: Normiert | AD3: Sum of heat_Profile_all
A4: unit | C4: coefficient | D4: coefficient | E4: coefficient | F4: coefficient | G4: coefficient | H4: coefficient | I4: coefficient | J4: coefficient | K4: coefficient | L4: MW | M4: MW | N4: MW | O4: MW | P4: MW | Q4: MW | R4: MW | S4: MW | T4: MW | U4: MW/TWh | V4: MW/TWh | W4: MW/TWh | X4: MW/TWh | Y4: MW/TWh | Z4: MW/TWh | AA4: MW/TWh | AB4: % | AD4: =SUM(AA5:AA8766) -> 6001021 | AE4: TWh
A5: 2018-12-31T23:00:00Z | B5: 2019-01-01T00:00:00 | C5: 3.27 | D5: 3.685 | E5: 2.49 | F5: 3.98 | G5: 4.8 | H5: 2.52 | I5: 4.29 | J5: 5.14 | K5: 2.7 | U5: 142 | V5: 98 | W5: 101 | X5: 66 | Y5: 68 | Z5: 13 | AA5: =SUM(U5:Z5) -> 488 | AB5: =AA5/$AD$4 -> 8.1319495e-05 | AC5: =SUM(AB5:AB8)/4 -> 8.87349e-05 | AD5: Sum of Normiert
A6: 2019-01-01T00:00:00Z | B6: 2019-01-01T01:00:00 | C6: 3.26 | D6: 3.67 | E6: 2.48 | F6: 3.97 | G6: 4.79 | H6: 2.51 | I6: 4.28 | J6: 5.14 | K6: 2.7 | U6: 145 | V6: 108 | W6: 106 | X6: 83 | Y6: 71 | Z6: 15 | AA6: =SUM(U6:Z6) -> 528 | AB6: =AA6/$AD$4 -> 8.7985028e-05 | AD6: =SUM(AB5:AB8766) -> 1 | AE6: =SUM(AC5:AC8766) -> 0.25006328
A7: 2019-01-01T01:00:00Z | B7: 2019-01-01T02:00:00 | C7: 3.25 | D7: 3.67 | E7: 2.48 | F7: 3.96 | G7: 4.79 | H7: 2.51 | I7: 4.27 | J7: 5.13 | K7: 2.7 | U7: 150 | V7: 105 | W7: 110 | X7: 87 | Y7: 69 | Z7: 12 | AA7: =SUM(U7:Z7) -> 533 | AB7: =AA7/$AD$4 -> 8.8818219e-05
A8: 2019-01-01T02:00:00Z | B8: 2019-01-01T03:00:00 | C8: 3.25 | D8: 3.67 | E8: 2.48 | F8: 3.96 | G8: 4.79 | H8: 2.51 | I8: 4.27 | J8: 5.13 | K8: 2.7 | U8: 165 | V8: 117 | W8: 122 | X8: 88 | Y8: 66 | Z8: 23 | AA8: =SUM(U8:Z8) -> 581 | AB8: =AA8/$AD$4 -> 9.6816858e-05
A9: 2019-01-01T03:00:00Z | B9: 2019-01-01T04:00:00 | C9: 3.26 | D9: 3.67 | E9: 2.48 | F9: 3.97 | G9: 4.8 | H9: 2.51 | I9: 4.28 | J9: 5.13 | K9: 2.7 | U9: 178 | V9: 147 | W9: 149 | X9: 122 | Y9: 106 | Z9: 53 | AA9: =SUM(U9:Z9) -> 755 | AB9: =AA9/$AD$4 -> 0.00012581192 | AC9: =SUM(AB9:AB12)/4 -> 0.00018605167
A10: 2019-01-01T04:00:00Z | B10: 2019-01-01T05:00:00 | C10: 3.25 | D10: 3.67 | E10: 2.48 | F10: 3.96 | G10: 4.78 | H10: 2.51 | I10: 4.27 | J10: 5.13 | K10: 2.7 | U10: 188 | V10: 222 | W10: 200 | X10: 196 | Y10: 144 | Z10: 168 | AA10: =SUM(U10:Z10) -> 1118 | AB10: =AA10/$AD$4 -> 0.00018630163
A11: 2019-01-01T05:00:00Z | B11: 2019-01-01T06:00:00 | C11: 3.24 | D11: 3.66 | E11: 2.47 | F11: 3.95 | G11: 4.78 | H11: 2.5 | I11: 4.26 | J11: 5.13 | K11: 2.7 | U11: 222 | V11: 231 | W11: 247 | X11: 222 | Y11: 122 | Z11: 262 | AA11: =SUM(U11:Z11) -> 1306 | AB11: =AA11/$AD$4 -> 0.00021762963
A12: 2019-01-01T06:00:00Z | B12: 2019-01-01T07:00:00 | C12: 3.23 | D12: 3.65 | E12: 2.47 | F12: 3.93 | G12: 4.77 | H12: 2.5 | I12: 4.25 | J12: 5.12 | K12: 2.7 | U12: 239 | V12: 214 | W12: 234 | X12: 220 | Y12: 154 | Z12: 226 | AA12: =SUM(U12:Z12) -> 1287 | AB12: =AA12/$AD$4 -> 0.00021446351
A13: 2019-01-01T07:00:00Z | B13: 2019-01-01T08:00:00 | C13: 3.23 | D13: 3.65 | E13: 2.47 | F13: 3.92 | G13: 4.75 | H13: 2.49 | I13: 4.24 | J13: 5.12 | K13: 2.7 | U13: 262 | V13: 214 | W13: 224 | X13: 166 | Y13: 138 | Z13: 171 | AA13: =SUM(U13:Z13) -> 1175 | AB13: =AA13/$AD$4 -> 0.00019580001 | AC13: =SUM(AB13:AB16)/4 -> 0.00018088589
A14: 2019-01-01T08:00:00Z | B14: 2019-01-01T09:00:00 | C14: 3.22 | D14: 3.65 | E14: 2.47 | F14: 3.9 | G14: 4.73 | H14: 2.48 | I14: 4.24 | J14: 5.12 | K14: 2.7 | U14: 243 | V14: 202 | W14: 209 | X14: 154 | Y14: 140 | Z14: 164 | AA14: =SUM(U14:Z14) -> 1112 | AB14: =AA14/$AD$4 -> 0.0001853018
A15: 2019-01-01T09:00:00Z | B15: 2019-01-01T10:00:00 | C15: 3.24 | D15: 3.66 | E15: 2.47 | F15: 3.92 | G15: 4.75 | H15: 2.49 | I15: 4.26 | J15: 5.12 | K15: 2.7 | U15: 224 | V15: 196 | W15: 197 | X15: 151 | Y15: 133 | Z15: 149 | AA15: =SUM(U15:Z15) -> 1050 | AB15: =AA15/$AD$4 -> 0.00017497023
A16: 2019-01-01T10:00:00Z | B16: 2019-01-01T11:00:00 | C16: 3.25 | D16: 3.67 | E16: 2.48 | F16: 3.94 | G16: 4.76 | H16: 2.49 | I16: 4.27 | J16: 5.13 | K16: 2.7 | U16: 210 | V16: 189 | W16: 186 | X16: 140 | Y16: 129 | Z16: 151 | AA16: =SUM(U16:Z16) -> 1005 | AB16: =AA16/$AD$4 -> 0.0001674715
A17: 2019-01-01T11:00:00Z | B17: 2019-01-01T12:00:00 | C17: 3.26 | D17: 3.67 | E17: 2.48 | F17: 3.94 | G17: 4.76 | H17: 2.49 | I17: 4.28 | J17: 5.13 | K17: 2.7 | U17: 201 | V17: 186 | W17: 184 | X17: 133 | Y17: 130 | Z17: 145 | AA17: =SUM(U17:Z17) -> 979 | AB17: =AA17/$AD$4 -> 0.00016313891 | AC17: =SUM(AB17:AB20)/4 -> 0.00015480699
A18: 2019-01-01T12:00:00Z | B18: 2019-01-01T13:00:00 | C18: 3.26 | D18: 3.67 | E18: 2.48 | F18: 3.95 | G18: 4.77 | H18: 2.5 | I18: 4.28 | J18: 5.13 | K18: 2.7 | U18: 203 | V18: 186 | W18: 189 | X18: 106 | Y18: 119 | Z18: 117 | AA18: =SUM(U18:Z18) -> 920 | AB18: =AA18/$AD$4 -> 0.00015330725
A19: 2019-01-01T13:00:00Z | B19: 2019-01-01T14:00:00 | C19: 3.24 | D19: 3.66 | E19: 2.47 | F19: 3.94 | G19: 4.77 | H19: 2.5 | I19: 4.26 | J19: 5.13 | K19: 2.7 | U19: 205 | V19: 186 | W19: 195 | X19: 94 | Y19: 122 | Z19: 112 | AA19: =SUM(U19:Z19) -> 914 | AB19: =AA19/$AD$4 -> 0.00015230742
A20: 2019-01-01T14:00:00Z | B20: 2019-01-01T15:00:00 | C20: 3.21 | D20: 3.63 | E20: 2.46 | F20: 3.9 | G20: 4.73 | H20: 2.49 | I20: 4.23 | J20: 5.11 | K20: 2.7 | U20: 204 | V20: 193 | W20: 205 | X20: 90 | Y20: 111 | Z20: 100 | AA20: =SUM(U20:Z20) -> 903 | AB20: =AA20/$AD$4 -> 0.00015047439
A21: 2019-01-01T15:00:00Z | B21: 2019-01-01T16:00:00 | C21: 3.17 | D21: 3.6 | E21: 2.44 | F21: 3.85 | G21: 4.7 | H21: 2.47 | I21: 4.19 | J21: 5.09 | K21: 2.7 | U21: 210 | V21: 205 | W21: 214 | X21: 78 | Y21: 109 | Z21: 118 | AA21: =SUM(U21:Z21) -> 934 | AB21: =AA21/$AD$4 -> 0.00015564018 | AC21: =SUM(AB21:AB24)/4 -> 0.00016393044
A22: 2019-01-01T16:00:00Z | B22: 2019-01-01T17:00:00 | C22: 3.14 | D22: 3.57 | E22: 2.43 | F22: 3.79 | G22: 4.65 | H22: 2.46 | I22: 4.15 | J22: 5.07 | K22: 2.7 | U22: 209 | V22: 213 | W22: 224 | X22: 83 | Y22: 117 | Z22: 139 | AA22: =SUM(U22:Z22) -> 985 | AB22: =AA22/$AD$4 -> 0.00016413874
A23: 2019-01-01T17:00:00Z | B23: 2019-01-01T18:00:00 | C23: 3.11 | D23: 3.55 | E23: 2.42 | F23: 3.74 | G23: 4.61 | H23: 2.44 | I23: 4.12 | J23: 5.05 | K23: 2.7 | U23: 202 | V23: 220 | W23: 230 | X23: 88 | Y23: 123 | Z23: 135 | AA23: =SUM(U23:Z23) -> 998 | AB23: =AA23/$AD$4 -> 0.00016630503
A24: 2019-01-01T18:00:00Z | B24: 2019-01-01T19:00:00 | C24: 3.08 | D24: 3.52 | E24: 2.41 | F24: 3.69 | G24: 4.57 | H24: 2.42 | I24: 4.09 | J24: 5.03 | K24: 2.7 | U24: 194 | V24: 224 | W24: 229 | X24: 102 | Y24: 127 | Z24: 142 | AA24: =SUM(U24:Z24) -> 1018 | AB24: =AA24/$AD$4 -> 0.0001696378
A25: 2019-01-01T19:00:00Z | B25: 2019-01-01T20:00:00 | C25: 3.05 | D25: 3.5 | E25: 2.39 | F25: 3.64 | G25: 4.53 | H25: 2.41 | I25: 4.06 | J25: 5.01 | K25: 2.7 | U25: 190 | V25: 218 | W25: 218 | X25: 106 | Y25: 138 | Z25: 147 | AA25: =SUM(U25:Z25) -> 1017 | AB25: =AA25/$AD$4 -> 0.00016947116 | AC25: =SUM(AB25:AB28)/4 -> 0.00013514367
A26: 2019-01-01T20:00:00Z | B26: 2019-01-01T21:00:00 | C26: 3.02 | D26: 3.48 | E26: 2.38 | F26: 3.61 | G26: 4.5 | H26: 2.4 | I26: 4.03 | J26: 5 | K26: 2.7 | U26: 179 | V26: 197 | W26: 192 | X26: 98 | Y26: 134 | Z26: 126 | AA26: =SUM(U26:Z26) -> 926 | AB26: =AA26/$AD$4 -> 0.00015430708
A27: 2019-01-01T21:00:00Z | B27: 2019-01-01T22:00:00 | C27: 3 | D27: 3.45 | E27: 2.37 | F27: 3.58 | G27: 4.48 | H27: 2.4 | I27: 4.01 | J27: 4.98 | K27: 2.7 | U27: 149 | V27: 166 | W27: 136 | X27: 95 | Y27: 122 | Z27: 73 | AA27: =SUM(U27:Z27) -> 741 | AB27: =AA27/$AD$4 -> 0.00012347899
A28: 2019-01-01T22:00:00Z | B28: 2019-01-01T23:00:00 | C28: 2.97 | D28: 3.43 | E28: 2.36 | F28: 3.52 | G28: 4.44 | H28: 2.38 | I28: 3.97 | J28: 4.96 | K28: 2.7 | U28: 140 | V28: 121 | W28: 107 | X28: 71 | Y28: 91 | Z28: 30 | AA28: =SUM(U28:Z28) -> 560 | AB28: =AA28/$AD$4 -> 9.3317454e-05
A29: 2019-01-01T23:00:00Z | B29: 2019-01-02T00:00:00 | C29: 2.94 | D29: 3.4 | E29: 2.35 | F29: 3.47 | G29: 4.39 | H29: 2.36 | I29: 3.94 | J29: 4.94 | K29: 2.7 | U29: 174 | V29: 118 | W29: 130 | X29: 66 | Y29: 68 | Z29: 13 | AA29: =SUM(U29:Z29) -> 569 | AB29: =AA29/$AD$4 -> 9.4817199e-05 | AC29: =SUM(AB29:AB32)/4 -> 0.00010231592
A30: 2019-01-02T00:00:00Z | B30: 2019-01-02T01:00:00 | C30: 2.92 | D30: 3.39 | E30: 2.35 | F30: 3.44 | G30: 4.36 | H30: 2.35 | I30: 3.93 | J30: 4.93 | K30: 2.7 | U30: 178 | V30: 127 | W30: 134 | X30: 82 | Y30: 71 | Z30: 15 | AA30: =SUM(U30:Z30) -> 607 | AB30: =AA30/$AD$4 -> 0.00010114945
A31: 2019-01-02T01:00:00Z | B31: 2019-01-02T02:00:00 | C31: 2.9 | D31: 3.37 | E31: 2.34 | F31: 3.4 | G31: 4.33 | H31: 2.33 | I31: 3.9 | J31: 4.92 | K31: 2.7 | U31: 183 | V31: 129 | W31: 138 | X31: 86 | Y31: 69 | Z31: 12 | AA31: =SUM(U31:Z31) -> 617 | AB31: =AA31/$AD$4 -> 0.00010281584
A32: 2019-01-02T02:00:00Z | B32: 2019-01-02T03:00:00 | C32: 2.89 | D32: 3.36 | E32: 2.34 | F32: 3.37 | G32: 4.3 | H32: 2.32 | I32: 3.89 | J32: 4.92 | K32: 2.7 | U32: 198 | V32: 141 | W32: 147 | X32: 88 | Y32: 66 | Z32: 23 | AA32: =SUM(U32:Z32) -> 663 | AB32: =AA32/$AD$4 -> 0.0001104812
A33: 2019-01-02T03:00:00Z | B33: 2019-01-02T04:00:00 | C33: 2.88 | D33: 3.35 | E33: 2.33 | F33: 3.34 | G33: 4.27 | H33: 2.31 | I33: 3.88 | J33: 4.91 | K33: 2.7 | U33: 207 | V33: 170 | W33: 172 | X33: 120 | Y33: 106 | Z33: 53 | AA33: =SUM(U33:Z33) -> 828 | AB33: =AA33/$AD$4 -> 0.00013797652 | AC33: =SUM(AB33:AB36)/4 -> 0.00020246555
A34: 2019-01-02T04:00:00Z | B34: 2019-01-02T05:00:00 | C34: 2.87 | D34: 3.34 | E34: 2.33 | F34: 3.31 | G34: 4.25 | H34: 2.3 | I34: 3.87 | J34: 4.9 | K34: 2.7 | U34: 229 | V34: 257 | W34: 229 | X34: 194 | Y34: 144 | Z34: 168 | AA34: =SUM(U34:Z34) -> 1221 | AB34: =AA34/$AD$4 -> 0.00020346538
A35: 2019-01-02T05:00:00Z | B35: 2019-01-02T06:00:00 | C35: 2.86 | D35: 3.34 | E35: 2.32 | F35: 3.3 | G35: 4.24 | H35: 2.29 | I35: 3.86 | J35: 4.9 | K35: 2.7 | U35: 265 | V35: 262 | W35: 285 | X35: 220 | Y35: 122 | Z35: 262 | AA35: =SUM(U35:Z35) -> 1416 | AB35: =AA35/$AD$4 -> 0.00023595985
A36: 2019-01-02T06:00:00Z | B36: 2019-01-02T07:00:00 | C36: 2.85 | D36: 3.33 | E36: 2.32 | F36: 3.28 | G36: 4.21 | H36: 2.28 | I36: 3.85 | J36: 4.89 | K36: 2.7 | U36: 283 | V36: 245 | W36: 269 | X36: 218 | Y36: 154 | Z36: 226 | AA36: =SUM(U36:Z36) -> 1395 | AB36: =AA36/$AD$4 -> 0.00023246044
A37: 2019-01-02T07:00:00Z | B37: 2019-01-02T08:00:00 | C37: 2.85 | D37: 3.32 | E37: 2.32 | F37: 3.27 | G37: 4.21 | H37: 2.28 | I37: 3.84 | J37: 4.89 | K37: 2.7 | U37: 299 | V37: 246 | W37: 263 | X37: 164 | Y37: 138 | Z37: 171 | AA37: =SUM(U37:Z37) -> 1281 | AB37: =AA37/$AD$4 -> 0.00021346368 | AC37: =SUM(AB37:AB40)/4 -> 0.00020042423
A38: 2019-01-02T08:00:00Z | B38: 2019-01-02T09:00:00 | C38: 2.86 | D38: 3.33 | E38: 2.32 | F38: 3.26 | G38: 4.2 | H38: 2.27 | I38: 3.85 | J38: 4.89 | K38: 2.7 | U38: 285 | V38: 239 | W38: 251 | X38: 153 | Y38: 140 | Z38: 164 | AA38: =SUM(U38:Z38) -> 1232 | AB38: =AA38/$AD$4 -> 0.0002052984
A39: 2019-01-02T09:00:00Z | B39: 2019-01-02T10:00:00 | C39: 2.88 | D39: 3.35 | E39: 2.33 | F39: 3.32 | G39: 4.25 | H39: 2.3 | I39: 3.88 | J39: 4.91 | K39: 2.7 | U39: 268 | V39: 233 | W39: 240 | X39: 150 | Y39: 133 | Z39: 149 | AA39: =SUM(U39:Z39) -> 1173 | AB39: =AA39/$AD$4 -> 0.00019546674
A40: 2019-01-02T10:00:00Z | B40: 2019-01-02T11:00:00 | C40: 2.91 | D40: 3.38 | E40: 2.35 | F40: 3.37 | G40: 4.3 | H40: 2.32 | I40: 3.91 | J40: 4.93 | K40: 2.7 | U40: 252 | V40: 225 | W40: 229 | X40: 139 | Y40: 129 | Z40: 151 | AA40: =SUM(U40:Z40) -> 1125 | AB40: =AA40/$AD$4 -> 0.0001874681
A41: 2019-01-02T11:00:00Z | B41: 2019-01-02T12:00:00 | C41: 2.92 | D41: 3.39 | E41: 2.35 | F41: 3.41 | G41: 4.33 | H41: 2.34 | I41: 3.93 | J41: 4.94 | K41: 2.7 | U41: 241 | V41: 222 | W41: 225 | X41: 131 | Y41: 130 | Z41: 145 | AA41: =SUM(U41:Z41) -> 1094 | AB41: =AA41/$AD$4 -> 0.00018230231 | AC41: =SUM(AB41:AB44)/4 -> 0.00017442865
A42: 2019-01-02T12:00:00Z | B42: 2019-01-02T13:00:00 | C42: 2.93 | D42: 3.4 | E42: 2.35 | F42: 3.44 | G42: 4.36 | H42: 2.35 | I42: 3.93 | J42: 4.94 | K42: 2.7 | U42: 244 | V42: 224 | W42: 230 | X42: 105 | Y42: 119 | Z42: 117 | AA42: =SUM(U42:Z42) -> 1039 | AB42: =AA42/$AD$4 -> 0.0001731372
A43: 2019-01-02T13:00:00Z | B43: 2019-01-02T14:00:00 | C43: 2.91 | D43: 3.38 | E43: 2.35 | F43: 3.41 | G43: 4.35 | H43: 2.35 | I43: 3.91 | J43: 4.93 | K43: 2.7 | U43: 244 | V43: 224 | W43: 236 | X43: 93 | Y43: 122 | Z43: 112 | AA43: =SUM(U43:Z43) -> 1031 | AB43: =AA43/$AD$4 -> 0.0001718041
A44: 2019-01-02T14:00:00Z | B44: 2019-01-02T15:00:00 | C44: 2.86 | D44: 3.34 | E44: 2.33 | F44: 3.33 | G44: 4.28 | H44: 2.32 | I44: 3.86 | J44: 4.9 | K44: 2.7 | U44: 247 | V44: 230 | W44: 246 | X44: 89 | Y44: 111 | Z44: 100 | AA44: =SUM(U44:Z44) -> 1023 | AB44: =AA44/$AD$4 -> 0.00017047099
A45: 2019-01-02T15:00:00Z | B45: 2019-01-02T16:00:00 | C45: 2.8 | D45: 3.28 | E45: 2.3 | F45: 3.23 | G45: 4.18 | H45: 2.28 | I45: 3.79 | J45: 4.86 | K45: 2.7 | U45: 255 | V45: 241 | W45: 256 | X45: 77 | Y45: 109 | Z45: 118 | AA45: =SUM(U45:Z45) -> 1056 | AB45: =AA45/$AD$4 -> 0.00017597006 | AC45: =SUM(AB45:AB48)/4 -> 0.00018263559
A46: 2019-01-02T16:00:00Z | B46: 2019-01-02T17:00:00 | C46: 2.74 | D46: 3.23 | E46: 2.27 | F46: 3.12 | G46: 4.09 | H46: 2.24 | I46: 3.73 | J46: 4.82 | K46: 2.7 | U46: 250 | V46: 249 | W46: 264 | X46: 82 | Y46: 117 | Z46: 139 | AA46: =SUM(U46:Z46) -> 1101 | AB46: =AA46/$AD$4 -> 0.00018346878
A47: 2019-01-02T17:00:00Z | B47: 2019-01-02T18:00:00 | C47: 2.69 | D47: 3.19 | E47: 2.25 | F47: 3.04 | G47: 4.01 | H47: 2.21 | I47: 3.68 | J47: 4.79 | K47: 2.7 | U47: 241 | V47: 254 | W47: 268 | X47: 87 | Y47: 123 | Z47: 135 | AA47: =SUM(U47:Z47) -> 1108 | AB47: =AA47/$AD$4 -> 0.00018463525
A48: 2019-01-02T18:00:00Z | B48: 2019-01-02T19:00:00 | C48: 2.65 | D48: 3.16 | E48: 2.24 | F48: 2.97 | G48: 3.96 | H48: 2.19 | I48: 3.63 | J48: 4.76 | K48: 2.7 | U48: 230 | V48: 253 | W48: 266 | X48: 101 | Y48: 127 | Z48: 142 | AA48: =SUM(U48:Z48) -> 1119 | AB48: =AA48/$AD$4 -> 0.00018646827
A49: 2019-01-02T19:00:00Z | B49: 2019-01-02T20:00:00 | C49: 2.62 | D49: 3.13 | E49: 2.23 | F49: 2.94 | G49: 3.93 | H49: 2.18 | I49: 3.6 | J49: 4.74 | K49: 2.7 | U49: 225 | V49: 244 | W49: 253 | X49: 106 | Y49: 138 | Z49: 147 | AA49: =SUM(U49:Z49) -> 1113 | AB49: =AA49/$AD$4 -> 0.00018546844 | AC49: =SUM(AB49:AB52)/4 -> 0.0001494329
A50: 2019-01-02T20:00:00Z | B50: 2019-01-02T21:00:00 | C50: 2.6 | D50: 3.11 | E50: 2.22 | F50: 2.91 | G50: 3.91 | H50: 2.18 | I50: 3.57 | J50: 4.73 | K50: 2.7 | U50: 211 | V50: 221 | W50: 225 | X50: 97 | Y50: 134 | Z50: 126 | AA50: =SUM(U50:Z50) -> 1014 | AB50: =AA50/$AD$4 -> 0.00016897125
A51: 2019-01-02T21:00:00Z | B51: 2019-01-02T22:00:00 | C51: 2.56 | D51: 3.07 | E51: 2.2 | F51: 2.85 | G51: 3.86 | H51: 2.17 | I51: 3.53 | J51: 4.7 | K51: 2.7 | U51: 181 | V51: 189 | W51: 165 | X51: 94 | Y51: 122 | Z51: 73 | AA51: =SUM(U51:Z51) -> 824 | AB51: =AA51/$AD$4 -> 0.00013730997
A52: 2019-01-02T22:00:00Z | B52: 2019-01-02T23:00:00 | C52: 2.53 | D52: 3.05 | E52: 2.19 | F52: 2.81 | G52: 3.82 | H52: 2.15 | I52: 3.5 | J52: 4.68 | K52: 2.7 | U52: 171 | V52: 138 | W52: 136 | X52: 70 | Y52: 91 | Z52: 30 | AA52: =SUM(U52:Z52) -> 636 | AB52: =AA52/$AD$4 -> 0.00010598197
A53: 2019-01-02T23:00:00Z | B53: 2019-01-03T00:00:00 | C53: 2.51 | D53: 3.03 | E53: 2.18 | F53: 2.77 | G53: 3.79 | H53: 2.14 | I53: 3.47 | J53: 4.67 | K53: 2.7 | U53: 208 | V53: 139 | W53: 157 | X53: 66 | Y53: 68 | Z53: 13 | AA53: =SUM(U53:Z53) -> 651 | AB53: =AA53/$AD$4 -> 0.00010848154 | AC53: =SUM(AB53:AB56)/4 -> 0.0001165635
A54: 2019-01-03T00:00:00Z | B54: 2019-01-03T01:00:00 | C54: 2.5 | D54: 3.02 | E54: 2.18 | F54: 2.76 | G54: 3.78 | H54: 2.14 | I54: 3.46 | J54: 4.66 | K54: 2.7 | U54: 213 | V54: 148 | W54: 161 | X54: 83 | Y54: 71 | Z54: 15 | AA54: =SUM(U54:Z54) -> 691 | AB54: =AA54/$AD$4 -> 0.00011514707
A55: 2019-01-03T01:00:00Z | B55: 2019-01-03T02:00:00 | C55: 2.49 | D55: 3.01 | E55: 2.17 | F55: 2.73 | G55: 3.76 | H55: 2.13 | I55: 3.45 | J55: 4.65 | K55: 2.7 | U55: 219 | V55: 151 | W55: 165 | X55: 87 | Y55: 69 | Z55: 12 | AA55: =SUM(U55:Z55) -> 703 | AB55: =AA55/$AD$4 -> 0.00011714673
A56: 2019-01-03T02:00:00Z | B56: 2019-01-03T03:00:00 | C56: 2.48 | D56: 3 | E56: 2.17 | F56: 2.71 | G56: 3.74 | H56: 2.12 | I56: 3.44 | J56: 4.64 | K56: 2.7 | U56: 235 | V56: 165 | W56: 176 | X56: 88 | Y56: 66 | Z56: 23 | AA56: =SUM(U56:Z56) -> 753 | AB56: =AA56/$AD$4 -> 0.00012547865
A57: 2019-01-03T03:00:00Z | B57: 2019-01-03T04:00:00 | C57: 2.47 | D57: 2.99 | E57: 2.17 | F57: 2.69 | G57: 3.72 | H57: 2.11 | I57: 3.42 | J57: 4.64 | K57: 2.7 | U57: 244 | V57: 197 | W57: 202 | X57: 122 | Y57: 106 | Z57: 53 | AA57: =SUM(U57:Z57) -> 924 | AB57: =AA57/$AD$4 -> 0.0001539738 | AC57: =SUM(AB57:AB60)/4 -> 0.00022329534
A58: 2019-01-03T04:00:00Z | B58: 2019-01-03T05:00:00 | C58: 2.47 | D58: 2.99 | E58: 2.17 | F58: 2.69 | G58: 3.71 | H58: 2.11 | I58: 3.42 | J58: 4.64 | K58: 2.7 | U58: 276 | V58: 295 | W58: 266 | X58: 196 | Y58: 144 | Z58: 168 | AA58: =SUM(U58:Z58) -> 1345 | AB58: =AA58/$AD$4 -> 0.00022412853
A59: 2019-01-03T05:00:00Z | B59: 2019-01-03T06:00:00 | C59: 2.47 | D59: 2.99 | E59: 2.17 | F59: 2.68 | G59: 3.71 | H59: 2.11 | I59: 3.42 | J59: 4.63 | K59: 2.7 | U59: 320 | V59: 299 | W59: 333 | X59: 222 | Y59: 122 | Z59: 262 | AA59: =SUM(U59:Z59) -> 1558 | AB59: =AA59/$AD$4 -> 0.00025962249
A60: 2019-01-03T06:00:00Z | B60: 2019-01-03T07:00:00 | C60: 2.47 | D60: 2.99 | E60: 2.17 | F60: 2.67 | G60: 3.7 | H60: 2.1 | I60: 3.42 | J60: 4.64 | K60: 2.7 | U60: 340 | V60: 280 | W60: 313 | X60: 220 | Y60: 154 | Z60: 226 | AA60: =SUM(U60:Z60) -> 1533 | AB60: =AA60/$AD$4 -> 0.00025545653
A61: 2019-01-03T07:00:00Z | B61: 2019-01-03T08:00:00 | C61: 2.49 | D61: 3.01 | E61: 2.17 | F61: 2.67 | G61: 3.69 | H61: 2.09 | I61: 3.44 | J61: 4.65 | K61: 2.7 | U61: 356 | V61: 283 | W61: 308 | X61: 166 | Y61: 138 | Z61: 171 | AA61: =SUM(U61:Z61) -> 1422 | AB61: =AA61/$AD$4 -> 0.00023695968 | AC61: =SUM(AB61:AB64)/4 -> 0.0002229204
A62: 2019-01-03T08:00:00Z | B62: 2019-01-03T09:00:00 | C62: 2.55 | D62: 3.06 | E62: 2.2 | F62: 2.71 | G62: 3.7 | H62: 2.07 | I62: 3.51 | J62: 4.69 | K62: 2.7 | U62: 340 | V62: 276 | W62: 295 | X62: 154 | Y62: 140 | Z62: 164 | AA62: =SUM(U62:Z62) -> 1369 | AB62: =AA62/$AD$4 -> 0.00022812785
A63: 2019-01-03T09:00:00Z | B63: 2019-01-03T10:00:00 | C63: 2.63 | D63: 3.13 | E63: 2.23 | F63: 2.79 | G63: 3.75 | H63: 2.08 | I63: 3.61 | J63: 4.75 | K63: 2.7 | U63: 320 | V63: 269 | W63: 284 | X63: 151 | Y63: 133 | Z63: 149 | AA63: =SUM(U63:Z63) -> 1306 | AB63: =AA63/$AD$4 -> 0.00021762963
A64: 2019-01-03T10:00:00Z | B64: 2019-01-03T11:00:00 | C64: 2.69 | D64: 3.19 | E64: 2.26 | F64: 2.87 | G64: 3.81 | H64: 2.09 | I64: 3.68 | J64: 4.79 | K64: 2.7 | U64: 303 | V64: 260 | W64: 271 | X64: 140 | Y64: 129 | Z64: 151 | AA64: =SUM(U64:Z64) -> 1254 | AB64: =AA64/$AD$4 -> 0.00020896444
A65: 2019-01-03T11:00:00Z | B65: 2019-01-03T12:00:00 | C65: 2.74 | D65: 3.23 | E65: 2.28 | F65: 2.93 | G65: 3.86 | H65: 2.11 | I65: 3.72 | J65: 4.82 | K65: 2.7 | U65: 290 | V65: 257 | W65: 266 | X65: 133 | Y65: 130 | Z65: 145 | AA65: =SUM(U65:Z65) -> 1221 | AB65: =AA65/$AD$4 -> 0.00020346538 | AC65: =SUM(AB65:AB68)/4 -> 0.00019517512
A66: 2019-01-03T12:00:00Z | B66: 2019-01-03T13:00:00 | C66: 2.76 | D66: 3.25 | E66: 2.29 | F66: 2.98 | G66: 3.91 | H66: 2.13 | I66: 3.75 | J66: 4.83 | K66: 2.7 | U66: 291 | V66: 258 | W66: 271 | X66: 106 | Y66: 119 | Z66: 117 | AA66: =SUM(U66:Z66) -> 1162 | AB66: =AA66/$AD$4 -> 0.00019363372
A67: 2019-01-03T13:00:00Z | B67: 2019-01-03T14:00:00 | C67: 2.76 | D67: 3.25 | E67: 2.29 | F67: 3 | G67: 3.94 | H67: 2.15 | I67: 3.75 | J67: 4.83 | K67: 2.7 | U67: 291 | V67: 258 | W67: 278 | X67: 94 | Y67: 122 | Z67: 112 | AA67: =SUM(U67:Z67) -> 1155 | AB67: =AA67/$AD$4 -> 0.00019246725
A68: 2019-01-03T14:00:00Z | B68: 2019-01-03T15:00:00 | C68: 2.73 | D68: 3.23 | E68: 2.27 | F68: 3 | G68: 3.95 | H68: 2.17 | I68: 3.72 | J68: 4.81 | K68: 2.7 | U68: 294 | V68: 264 | W68: 288 | X68: 90 | Y68: 111 | Z68: 100 | AA68: =SUM(U68:Z68) -> 1147 | AB68: =AA68/$AD$4 -> 0.00019113414
A69: 2019-01-03T15:00:00Z | B69: 2019-01-03T16:00:00 | C69: 2.7 | D69: 3.2 | E69: 2.26 | F69: 2.98 | G69: 3.95 | H69: 2.18 | I69: 3.68 | J69: 4.79 | K69: 2.7 | U69: 301 | V69: 276 | W69: 300 | X69: 78 | Y69: 109 | Z69: 118 | AA69: =SUM(U69:Z69) -> 1182 | AB69: =AA69/$AD$4 -> 0.00019696648 | AC69: =SUM(AB69:AB72)/4 -> 0.00020346538
A70: 2019-01-03T16:00:00Z | B70: 2019-01-03T17:00:00 | C70: 2.68 | D70: 3.18 | E70: 2.25 | F70: 2.96 | G70: 3.93 | H70: 2.17 | I70: 3.66 | J70: 4.78 | K70: 2.7 | U70: 296 | V70: 285 | W70: 308 | X70: 83 | Y70: 117 | Z70: 139 | AA70: =SUM(U70:Z70) -> 1228 | AB70: =AA70/$AD$4 -> 0.00020463185
A71: 2019-01-03T17:00:00Z | B71: 2019-01-03T18:00:00 | C71: 2.66 | D71: 3.16 | E71: 2.24 | F71: 2.93 | G71: 3.9 | H71: 2.16 | I71: 3.64 | J71: 4.77 | K71: 2.7 | U71: 286 | V71: 289 | W71: 312 | X71: 88 | Y71: 123 | Z71: 135 | AA71: =SUM(U71:Z71) -> 1233 | AB71: =AA71/$AD$4 -> 0.00020546504
A72: 2019-01-03T18:00:00Z | B72: 2019-01-03T19:00:00 | C72: 2.63 | D72: 3.14 | E72: 2.23 | F72: 2.89 | G72: 3.88 | H72: 2.15 | I72: 3.61 | J72: 4.75 | K72: 2.7 | U72: 274 | V72: 287 | W72: 309 | X72: 102 | Y72: 127 | Z72: 142 | AA72: =SUM(U72:Z72) -> 1241 | AB72: =AA72/$AD$4 -> 0.00020679814
A73: 2019-01-03T19:00:00Z | B73: 2019-01-03T20:00:00 | C73: 2.61 | D73: 3.12 | E73: 2.22 | F73: 2.86 | G73: 3.85 | H73: 2.14 | I73: 3.59 | J73: 4.74 | K73: 2.7 | U73: 267 | V73: 277 | W73: 295 | X73: 106 | Y73: 138 | Z73: 147 | AA73: =SUM(U73:Z73) -> 1230 | AB73: =AA73/$AD$4 -> 0.00020496512 | AC73: =SUM(AB73:AB76)/4 -> 0.0001661384
A74: 2019-01-03T20:00:00Z | B74: 2019-01-03T21:00:00 | C74: 2.6 | D74: 3.11 | E74: 2.22 | F74: 2.84 | G74: 3.83 | H74: 2.14 | I74: 3.57 | J74: 4.72 | K74: 2.7 | U74: 249 | V74: 251 | W74: 262 | X74: 98 | Y74: 134 | Z74: 126 | AA74: =SUM(U74:Z74) -> 1120 | AB74: =AA74/$AD$4 -> 0.00018663491
A75: 2019-01-03T21:00:00Z | B75: 2019-01-03T22:00:00 | C75: 2.59 | D75: 3.09 | E75: 2.21 | F75: 2.84 | G75: 3.84 | H75: 2.15 | I75: 3.56 | J75: 4.72 | K75: 2.7 | U75: 217 | V75: 217 | W75: 195 | X75: 95 | Y75: 122 | Z75: 73 | AA75: =SUM(U75:Z75) -> 919 | AB75: =AA75/$AD$4 -> 0.00015314061
A76: 2019-01-03T22:00:00Z | B76: 2019-01-03T23:00:00 | C76: 2.57 | D76: 3.09 | E76: 2.21 | F76: 2.81 | G76: 3.81 | H76: 2.13 | I76: 3.54 | J76: 4.71 | K76: 2.7 | U76: 205 | V76: 159 | W76: 163 | X76: 71 | Y76: 91 | Z76: 30 | AA76: =SUM(U76:Z76) -> 719 | AB76: =AA76/$AD$4 -> 0.00011981295
A77: 2019-01-03T23:00:00Z | B77: 2019-01-04T00:00:00 | C77: 2.57 | D77: 3.08 | E77: 2.21 | F77: 2.8 | G77: 3.8 | H77: 2.12 | I77: 3.54 | J77: 4.71 | K77: 2.7 | U77: 201 | V77: 143 | W77: 162 | X77: 72 | Y77: 68 | Z77: 13 | AA77: =SUM(U77:Z77) -> 659 | AB77: =AA77/$AD$4 -> 0.00010981465 | AC77: =SUM(AB77:AB80)/4 -> 0.00011681346
A78: 2019-01-04T00:00:00Z | B78: 2019-01-04T01:00:00 | C78: 2.56 | D78: 3.07 | E78: 2.2 | F78: 2.79 | G78: 3.79 | H78: 2.12 | I78: 3.53 | J78: 4.7 | K78: 2.7 | U78: 207 | V78: 151 | W78: 165 | X78: 84 | Y78: 71 | Z78: 15 | AA78: =SUM(U78:Z78) -> 693 | AB78: =AA78/$AD$4 -> 0.00011548035
A79: 2019-01-04T01:00:00Z | B79: 2019-01-04T02:00:00 | C79: 2.57 | D79: 3.08 | E79: 2.2 | F79: 2.79 | G79: 3.79 | H79: 2.12 | I79: 3.53 | J79: 4.7 | K79: 2.7 | U79: 214 | V79: 154 | W79: 170 | X79: 86 | Y79: 69 | Z79: 12 | AA79: =SUM(U79:Z79) -> 705 | AB79: =AA79/$AD$4 -> 0.00011748001
A80: 2019-01-04T02:00:00Z | B80: 2019-01-04T03:00:00 | C80: 2.57 | D80: 3.08 | E80: 2.21 | F80: 2.79 | G80: 3.79 | H80: 2.12 | I80: 3.54 | J80: 4.7 | K80: 2.7 | U80: 225 | V80: 168 | W80: 180 | X80: 85 | Y80: 66 | Z80: 23 | AA80: =SUM(U80:Z80) -> 747 | AB80: =AA80/$AD$4 -> 0.00012447882
A81: 2019-01-04T03:00:00Z | B81: 2019-01-04T04:00:00 | C81: 2.58 | D81: 3.09 | E81: 2.21 | F81: 2.8 | G81: 3.8 | H81: 2.12 | I81: 3.54 | J81: 4.71 | K81: 2.7 | U81: 235 | V81: 200 | W81: 207 | X81: 111 | Y81: 106 | Z81: 53 | AA81: =SUM(U81:Z81) -> 912 | AB81: =AA81/$AD$4 -> 0.00015197414 | AC81: =SUM(AB81:AB84)/4 -> 0.00022217053
A82: 2019-01-04T04:00:00Z | B82: 2019-01-04T05:00:00 | C82: 2.6 | D82: 3.11 | E82: 2.22 | F82: 2.83 | G82: 3.81 | H82: 2.12 | I82: 3.57 | J82: 4.72 | K82: 2.7 | U82: 268 | V82: 300 | W82: 269 | X82: 181 | Y82: 144 | Z82: 168 | AA82: =SUM(U82:Z82) -> 1330 | AB82: =AA82/$AD$4 -> 0.00022162895
A83: 2019-01-04T05:00:00Z | B83: 2019-01-04T06:00:00 | C83: 2.61 | D83: 3.12 | E83: 2.22 | F83: 2.84 | G83: 3.83 | H83: 2.13 | I83: 3.58 | J83: 4.73 | K83: 2.7 | U83: 330 | V83: 303 | W83: 337 | X83: 200 | Y83: 122 | Z83: 262 | AA83: =SUM(U83:Z83) -> 1554 | AB83: =AA83/$AD$4 -> 0.00025895593
A84: 2019-01-04T06:00:00Z | B84: 2019-01-04T07:00:00 | C84: 2.62 | D84: 3.12 | E84: 2.23 | F84: 2.85 | G84: 3.83 | H84: 2.12 | I84: 3.59 | J84: 4.74 | K84: 2.7 | U84: 345 | V84: 283 | W84: 316 | X84: 213 | Y84: 154 | Z84: 226 | AA84: =SUM(U84:Z84) -> 1537 | AB84: =AA84/$AD$4 -> 0.00025612308
