Workbook

Sheet Document map
A1: Capacities for Transmission Capacity Map RTS008_NS - DWH.rdl
B2: Cross-border IP within EU and with non-EU (export)
C3: Zeebrugge IZT
C4: Hilvarenbeek
C5: Eynatten 1 (BE) // Lichtenbusch / Raeren (DE)
C6: Remich
C7: Blaregnies L (BE) / Taisnières B (FR)
C8: Bocholtz
C9: Zevenaar
C10: Winterswijk
C11: Vlieghuis
C12: Epe (DE) (Eneco) / Enschede (NL)
C13: Epe (DE) (Nuon) / Enschede (NL)
C14: Epe (DE) / Enschede (NL)
... C85: Rep. San Marino
B86: Intra-Balancing Zone Point
C87: Nybro
C88: Kienbaum
C89: Broichweiden Süd
C90: Lampertheim IV
C91: Bunder-Tief
C92: Emsbüren-Berge
C93: Steinitz
C94: Wardenburg RG
C95: Gernsheim
C96: Point of Interconnection (PWP) (PL)
C97: Zone GASCADE / OGE
C98: Transfer Point NGTN <-> GTNTT
... C101: Drohne NOWAL
B102: Cross-border IP with non-EU (import)
C103: St. Fergus
C104: Dornum (EPT1 & EPT2)
C105: Emden (EPT1)
C106: Emden (NPT)
C107: Zeebrugge ZPT
C108: Dunkerque
C109: Easington
C110: Tarifa
C111: Almería
C112: Mazara del Vallo
C113: Gela
C114: Imatra
... C129: Lubmin II
B130: LNG Entry point
C131: Zeebrugge LNG
C132: Isle of Grain
C133: Milford Haven
C134: Montoir de Bretagne
C135: Fos (Tonkin/Cavaou)
C136: Panigaglia
C137: Cavarzere (Porto Levante / Adriatic LNG)
C138: Agia Triada
C139: Barcelona
C140: Sagunto
C141: Cartagena
C142: Huelva
... C150: Swinoujscie

Sheet Capacity Map
G2: Transmission Capacity Map 2021 | N2: Generated by PDWS
H5: Legend
H8: Virtual points are indicated with a "V" mention. By default the map displays interconnections only when firm technical capacity is existing.
C12: Number | E12: Point | I12: Arc | J12: Technical physical capacity (GWh/d) | K12: From Identifier | L12: From Operator | O12: From CC | P12: From BZ | Q12: To Identifier | S12: To Operator | T12: To CC | U12: To BZ | V12: Available Flow Directions | X12: Min GCV | Y12: Max GCV
C13: Cross-border IP within EU and with non-EU (export)
C14: 1 | E14: Zeebrugge IZT | I14: >IB-BEhz | J14: 651.7 | K14: 21Z0000000000074 | L14: Interconnector | O14: UK | P14: IUK | Q14: 21Z0000000000074 | S14: Fluxys Belgium | T14: BE | U14: BeLux | V14: B | W14: B | X14: 11.5 | Y14: 11.63
I15: IB-BEhz> | J15: 803.4 | K15: 21Z0000000000074 | L15: Fluxys Belgium | O15: BE | P15: BeLux | Q15: 21Z0000000000074 | S15: Interconnector | T15: UK | U15: IUK | V15: B | W15: B | X15: 11.5 | Y15: 11.63
C17: 4 | E17: Hilvarenbeek | I17: NL>BEl | J17: 595.6 | K17: 21Z000000000243T | L17: GTS | O17: NL | P17: Netherlands | Q17: 21Z000000000243T | S17: Fluxys Belgium | T17: BE | U17: L-Zone | V17: Y | W17: Y | X17: 9.77 | Y17: 9.77
C19: 6 | E19: Eynatten 1 (BE) // Lichtenbusch / Raeren (DE) | I19: >IB-BEhe | J19: 127.8 | K19: 21Z0000000000155 | L19: GASCADE Gastransport | O19: DE | P19: GASPOOL | Q19: 21Z0000000000155 | S19: Fluxys Belgium | T19: BE | U19: BeLux | V19: B | W19: B | X19: 11.63 | Y19: 11.63
I20: IB-BEhe> | J20: 129.5 | K20: 21Z0000000000155 | L20: Fluxys Belgium | O20: BE | P20: BeLux | Q20: 21Z0000000000155 | S20: GASCADE Gastransport | T20: DE | U20: GASPOOL | V20: B | W20: B | X20: 11.63 | Y20: 11.63
C22: 8 | E22: Remich | I22: DEn>LU | J22: 26.71 | K22: 21Z0000000000406 | L22: Open Grid Europe | O22: DE | P22: NCG | Q22: 21Z0000000000406 | S22: Creos Luxembourg | T22: LU | U22: BeLux | V22: Y | W22: N | X22: 10.715 | Y22: 11.469
C25: 10 | E25: Blaregnies L (BE) / Taisnières B (FR) | I25: BEl>FRnL | J25: 230 | K25: 21Z000000000011D | L25: Fluxys Belgium | O25: BE | P25: L-Zone | Q25: 21Z000000000011D | S25: GRTgaz | T25: FR | U25: TRF | V25: Y | W25: N | X25: 9.77 | Y25: 10.3
C27: 11 | E27: Bocholtz | I27: IB-NLn> | J27: 16.665 | Q27: 21Z000000000071W | S27: Open Grid Europe | T27: DE | U27: NCG | W27: Y | X27: 11.245 | Y27: 11.702
J28: 14.2 | S28: Fluxys TENP | T28: DE | U28: NCG
C30: 12 | E30: Zevenaar | I30: IB-NLn> | J30: 150.24 | Q30: 21Y0000000001367 | S30: Open Grid Europe | T30: DE | U30: NCG | W30: Y | X30: 9.914 | Y30: 10.419
S31: Thyssengas | T31: De | U31: NCG | W31: Y
C33: 13 | E33: Winterswijk | I33: IB-NLn> | J33: 140.016 | Q33: 21Z000000000073S | S33: Open Grid Europe | T33: DE | U33: NCG | W33: Y | X33: 9.994 | Y33: 10.418
C35: 14 | E35: Vlieghuis | I35: IB-NLg> | J35: 100.8 | K35: 21Z000000000135W | L35: GTS | O35: NL | P35: Netherlands | S35: RWE | V35: Y
C37: 15 | E37: Epe (DE) (Eneco) / Enschede (NL) Interconnection points between German storages and GTS.The capacities indicated do not allow to enter the German transmission systems. | I37: >IB-NLu | J37: 93.6 | L37: Eneco Gasspeicher B.V | O37: DE | P37: Germany | Q37: 21W000000000012G | S37: GTS | T37: NL | U37: Netherlands | W37: B
I38: IB-NLu> | J38: 46.8 | K38: 21W000000000012G | L38: GTS | O38: NL | P38: Netherlands | S38: Eneco Gasspeicher B.V | T38: DE | U38: Germany | V38: B
E39: Epe (DE) (Nuon) / Enschede (NL) Interconnection points between German storages and GTS.The capacities indicated do not allow to enter the German transmission systems. | I39: IB-NLu> | J39: 70.3 | K39: 21Z000000000109X | L39: GTS | O39: NL | P39: Netherlands | S39: Nuon Epe Gasspeicher | T39: DE | U39: Germany | V39: B
I40: IB-STcDEmLmL> | J40: 117.2 | L40: Nuon Epe Gasspeicher | O40: DE | P40: Germany | Q40: 21Z000000000109X | S40: GTS | T40: NL | U40: Netherlands | W40: B
E41: Epe (DE) / Enschede (NL) Interconnection points between German storages and GTS.The capacities indicated do not allow to enter the German transmission systems. | I41: >IB-NLu | J41: 103.5 | L41: Innogy | O41: DE | P41: Germany | Q41: 21Z000000000108Z | S41: GTS | T41: NL | U41: Netherlands | W41: B
I42: IB-NLu> | J42: 47.73 | K42: 21Z000000000108Z | L42: GTS | O42: NL | P42: Netherlands | S42: Innogy | T42: DE | U42: Germany | V42: B
C44: 16 | E44: Bunde (DE) / Oude Statenzijl (H) (NL) (GASCADE) GTS entries at Emden EPT and Bunde/OSZ (OGE, GUD-H, GASCADE) are limited by a cluster capacity of 1.847,1 GWh/d, GTS exits at Bunde/OSZ (OGE, GUD-H, GASCADE) are limited to 504,0 GWh/d. | I44: >IB-NLg | J44: 190.7 | K44: 21Z000000000074Q | L44: GASCADE Gastransport | O44: DE | P44: GASPOOL | V44: B
I45: IB-NLg> | J45: 0 | Q45: 21Z000000000074Q | S45: GASCADE Gastransport | T45: DE | U45: GASPOOL | W45: B
E46: Bunde (DE) / Oude Statenzijl (H) (NL) I (OGE) GTS entries at Emden EPT and Bunde/OSZ (OGE, GUD-H, GASCADE) are limited by a cluster capacity of 1.847,1 GWh/d, GTS exits at Bunde/OSZ (OGE, GUD-H, GASCADE) are limited to 504,0 GWh/d. | I46: IB-NLn> | J46: 71.5 | Q46: 21Z000000000075O | S46: Open Grid Europe | T46: DE | U46: NCG | W46: B | X46: 11.199 | Y46: 11.624
E47: Bunde (DE) / Oude Statenzijl (L) (NL) (GUD) | I47: IB-NLg> | J47: 9.6 | Q47: 21Z000000000078I | S47: Gasunie Deutschland | T47: DE | U47: GASPOOL | W47: N
E48: Etzel (DE) (Crystal) / Oude Statenzijl (NL) Interconnection points between German storages and GTS.The capacities indicated do not allow to enter the German transmission systems. | I48: IB-NLu> | J48: 56.4 | K48: 21W000000000013E | L48: GTS | O48: NL | P48: Netherlands | S48: Crystal | T48: DE | V48: B
I49: IB-STcDEmm> | J49: 76.5 | L49: Crystal | O49: DE | Q49: 21W000000000013E | S49: GTS | T49: NL | U49: Netherlands | W49: B
E50: Etzel (DE) (EKB) / Oude Statenzijl Etzel (NL) Interconnection points between German storages and GTS.The capacities indicated do not allow to enter the German transmission systems. | I50: IB-NLu> | J50: 74.9 | K50: 21W0000000000095 | L50: GTS | O50: NL | P50: Netherlands | S50: EKB | T50: DE | V50: B
I51: IB-STcDEmm> | J51: 115.3 | L51: EKB | O51: DE | Q51: 21W0000000000095 | S51: GTS | T51: NL | U51: Netherlands | W51: B
E52: Etzel (DE) (OMV) Freya / Oude Statenzijl Etzel Interconnection points between German storages and GTS.The capacities indicated do not allow to enter the German transmission systems. | I52: IB-NLu> | J52: 80.9 | K52: 21W000000000014C | L52: GTS | O52: NL | P52: Netherlands | S52: OMV | T52: DE | V52: B
I53: IB-STcDEmm> | J53: 95.2 | L53: OMV | Q53: 21W000000000014C | S53: GTS | T53: NL | U53: Netherlands | W53: B
E54: Nüttermoor (DE) (EWE) H / Oude Statenzijl (H) (NL) Interconnection points between German storages and GTS.The capacities indicated do not allow to enter the German transmission systems. | I54: IB-NLu> | J54: 59 | K54: 21Z000000000250W | L54: GTS | O54: NL | P54: Netherlands | S54: EWE Gasspeicher | T54: DE | V54: B
I55: IB-STcDEmm> | J55: 55 | L55: EWE Gasspeicher | O55: DE | Q55: 21Z000000000250W | S55: GTS | T55: NL | U55: Netherlands | W55: B
E56: Nüttermoor H-1 (DE) (EWE) Renato / Oude Statenzijl (NL) Interconnection points between German storages and GTS.The capacities indicated do not allow to enter the German transmission systems. | I56: >IB-NLu | J56: 69.6 | L56: EWE Gasspeicher | O56: DE | Q56: 21Z000000000077K | S56: GTS | T56: NL | U56: Netherlands | W56: B
I57: IB-NLu> | J57: 48.72 | K57: 21Z000000000077K | L57: GTS | O57: NL | P57: Netherlands | S57: EWE Gasspeicher | T57: DE | V57: B
C59: 18 | E59: Bacton (IUK) | I59: >IB-UKb | J59: 651.7 | L59: National Grid Gas | O59: UK | Q59: 21Z000000000084N | S59: Interconnector | T59: UK | U59: IUK | W59: B | X59: 11.5 | Y59: 11.5
I60: IB-UKb> | J60: 803.4 | K60: 21Z000000000084N | L60: Interconnector | O60: UK | P60: IUK | S60: National Grid Gas | T60: UK | V60: B | X60: 11.5 | Y60: 11.5
C62: 19 | E62: Moffat | I62: Y-UKm> | J62: 386.9 | K62: 21Z000000000081T | L62: National Grid Gas | O62: UK | P62: UK | Q62: 21Z000000000081T | S62: GNI | T62: IE | U62: Ireland | V62: Y | W62: Y
S63: Premier Transmission | T63: UK | U63: NI | V63: Y | W63: Y
C65: 21 | E65: Oberkappel | I65: >Y-DEno | J65: 159.92 | K65: 21Z000000000001G | L65: Gas Connect Austria | O65: AT | P65: Austria | Q65: 21Z000000000001G | S65: Open Grid Europe | T65: DE | U65: NCG | V65: B | W65: B | X65: 11.036 | Y65: 11.485
Q66: 21Z000000000161V | S66: GRTgaz Deutschland | T66: DE | U66: NCG | V66: B | W66: B | X66: 11.2 | Y66: 11.2
I67: Y-DEno> | J67: 199.4 | K67: 21Z000000000001G | L67: Open Grid Europe | O67: DE | P67: NCG | Q67: 21Z000000000001G | S67: Gas Connect Austria | T67: AT | U67: Austria | V67: B | W67: B | X67: 11.036 | Y67: 11.485
K68: 21Z000000000161V | L68: GRTgaz Deutschland | O68: DE | P68: NCG | Q68: 21Z000000000001G | S68: Gas Connect Austria | T68: AT | U68: Austria | V68: B | W68: B | X68: 11.2 | Y68: 11.2
C70: 22 | E70: Obergailbach (FR) / Medelsheim (DE) | I70: Y-DEnm> | J70: 613.716 | K70: 21Z000000000039S | L70: Open Grid Europe | O70: DE | P70: NCG | Q70: 21Z000000000039S | S70: GRTgaz | T70: FR | U70: TRF | V70: Y | W70: Y | X70: 11.24 | Y70: 11.547
K71: 21Z0000000001208 | L71: GRTgaz Deutschland | O71: DE | P71: NCG | Q71: 21Z000000000039S | S71: GRTgaz | T71: FR | U71: TRF | V71: Y | W71: Y | X71: 11.2 | Y71: 11.3
C73: 23 | E73: Überackern ABG (AT) / Überackern (DE) | I73: AT>DEn | J73: 0 | K73: 21Z000000000002E | L73: Gas Connect Austria | O73: AT | P73: Austria | Q73: 21Z000000000002E | S73: bayernets | T73: DE | U73: NCG | V73: B | W73: Y | X73: 11.25 | Y73: 11.25
S74: Open Grid Europe | T74: DE | U74: NCG | V74: B | W74: B | X74: 11.258 | Y74: 11.493
I75: DEn>AT | J75: 0 | K75: 21Z000000000002E | L75: bayernets | O75: DE | P75: NCG | Q75: 21Z000000000002E | S75: Gas Connect Austria | T75: AT | U75: Austria | V75: Y | W75: B | X75: 11.25 | Y75: 11.25
L76: Open Grid Europe | O76: DE | P76: NCG | Q76: 21Z000000000002E | S76: Gas Connect Austria | T76: AT | U76: Austria | V76: B | W76: B | X76: 11.258 | Y76: 11.493
E77: Überackern SUDAL (AT) / Überackern 2 (DE) | I77: AT>DEn | J77: 174.6 | K77: 21Z0000000001240 | L77: Gas Connect Austria | O77: AT | P77: Austria | Q77: 21Z0000000001240 | S77: bayernets | T77: DE | U77: NCG | V77: B | W77: B | X77: 11.24 | Y77: 11.24
I78: DEn>AT | J78: 114 | K78: 21Z0000000001240 | L78: bayernets | O78: DE | P78: NCG | Q78: 21Z0000000001240 | S78: Gas Connect Austria | T78: AT | U78: Austria | V78: B | W78: B | X78: 11.24 | Y78: 11.24
C80: 24 | E80: Kiefersfelden-Kufstein | I80: DEn>AT | J80: 0 | K80: 21Z000000000038U | L80: Open Grid Europe | O80: DE | P80: NCG | S80: Tigas | T80: AT | V80: Y | X80: 11.256 | Y80: 11.383
C82: 25 | E82: Murfeld (AT) / Ceršak (SI) | I82: AT>SI | J82: 112.5 | K82: 21Z0000000000058 | L82: Gas Connect Austria | O82: AT | P82: Austria | Q82: 21Z0000000000058 | S82: Plinovodi | T82: SI | U82: Slovenia | V82: Y | W82: Y | X82: 11.34 | Y82: 11.34
C85: 26 | E85: Tarvisio (IT) / Arnoldstein (AT) | I85: >IB-ITe | J85: 1150 | K85: 21Z000000000004A | L85: TAG | O85: AT | P85: Austria | Q85: 21Z000000000004A | S85: Snam Rete Gas | T85: IT | U85: Italy | V85: B | W85: B | X85: 11.34 | Y85: 11.34
I86: IB-ITe> | J86: 193.5 | K86: 21Z000000000004A | L86: Snam Rete Gas | O86: IT | P86: Italy | Q86: 21Z000000000004A | S86: TAG | T86: AT | U86: Austria | V86: B | W86: B | X86: 11.34 | Y86: 11.34
C88: 27 | E88: Griespass (CH) / Passo Gries (IT) | I88: >IB-ITe | J88: 640.4 | L88: FluxSwiss | O88: CH | P88: Switzerland | Q88: 21Z0000000002107 | S88: Snam Rete Gas | T88: IT | U88: Italy | V88: B | W88: B | X88: 11.45 | Y88: 11.45
L89: Swissgas | O89: CH | P89: Switzerland | Q89: 21Z0000000002107 | S89: Snam Rete Gas | T89: IT | U89: Italy | V89: B | W89: B | X89: 11.45 | Y89: 11.45
I90: IB-ITe> | J90: 431.4 | K90: 21Z0000000002107 | L90: Snam Rete Gas | O90: IT | P90: Italy | S90: FluxSwiss | T90: CH | U90: Switzerland | V90: B | W90: B | X90: 11.38 | Y90: 11.38
S91: Swissgas | T91: CH | U91: Switzerland | V91: B | W91: B | X91: 11.38 | Y91: 11.38
C93: 28 | E93: Wallbach | I93: CH>DEn | J93: 172.8 | L93: FluxSwiss | O93: CH | P93: Switzerland | Q93: 21Z0000000001216 | S93: Fluxys TENP | T93: DE | U93: NCG | V93: B | W93: B | X93: 11.38 | Y93: 11.56
L94: FluxSwiss | O94: CH | P94: Switzerland | R94: 21Z0000000001232 | S94: Open Grid Europe | T94: DE | U94: NCG | V94: B | W94: Y
I95: DEn>CH | J95: 319.2 | K95: 21Z0000000001216 | L95: Fluxys TENP | O95: DE | P95: NCG | S95: FluxSwiss | T95: CH | U95: Switzerland | V95: B | W95: B | X95: 11.38 | Y95: 11.56
S96: Swissgas | T96: CH | U96: Switzerland | V96: B | W96: B | X96: 11.38 | Y96: 11.56
K97: 21Z0000000001232 | L97: Open Grid Europe | O97: DE | P97: NCG | S97: FluxSwiss | T97: CH | U97: Switzerland | V97: Y | W97: B | X97: 11.256 | Y97: 11.611
S98: Swissgas | T98: CH | U98: Switzerland | V98: Y | W98: B | X98: 11.256 | Y98: 11.611
C100: 29 | E100: Gorizia (IT) /Šempeter (SI) | I100: IT>SI | J100: 28.5 | K100: 21Z000000000044Z | L100: Snam Rete Gas | O100: IT | P100: Italy | Q100: 21Z000000000044Z | S100: Plinovodi | T100: SI | U100: Slovenia | V100: B | W100: B | X100: 11.31 | Y100: 11.31
I101: SI>IT | J101: 21.5 | K101: 21Z000000000044Z | L101: Plinovodi | O101: SI | P101: Slovenia | Q101: 21Z000000000044Z | S101: Snam Rete Gas | T101: IT | U101: Italy | V101: B | W101: B | X101: 11.33 | Y101: 11.31
C103: 30 | E103: Rogatec | I103: HR>SI | J103: 7.7 | L103: Plinacro Ltd | O103: HR | P103: Croatia | Q103: 21Z000000000128T | S103: Plinovodi | T103: SI | U103: Slovenia | V103: B | W103: B | X103: 11.33 | Y103: 11.33
I104: SI>HR | J104: 53.7 | K104: 21Z000000000128T | L104: Plinovodi | O104: SI | P104: Slovenia | Q104: 21Z000000000128T | S104: Plinacro Ltd | T104: HR | U104: Croatia | V104: B | W104: B | X104: 11.33 | Y104: 11.33
C106: 31 | E106: Oltingue (FR) / Rodersdorf (CH) | I106: >IB-FR1 | J106: 100 | L106: FluxSwiss | O106: CH | P106: Switzerland | Q106: 21Z000000000037W | S106: GRTgaz | T106: FR | U106: TRF | V106: B | W106: B
L107: Swissgas | O107: CH | P107: Switzerland | Q107: 21Z000000000037W | S107: GRTgaz | T107: FR | U107: TRF | V107: B | W107: B | X107: 11.39 | Y107: 11.39
I108: IB-FR1> | J108: 223 | K108: 21Z000000000037W | L108: GRTgaz | O108: FR | P108: TRF | S108: FluxSwiss | T108: CH | U108: Switzerland | V108: B | W108: B | X108: 11.46 | Y108: 11.46
S109: Swissgas | T109: CH | U109: Switzerland | V109: B | W109: B | X109: 11.39 | Y109: 11.39
C111: 36 | E111: Ellund | I111: >Y-DKe | J111: 136.112 | K111: 21Z0000000000260 | L111: Open Grid Europe | O111: DE | P111: NCG | Q111: 21Z0000000000260 | S111: Energinet | T111: DK | U111: Joint Bal Zone DK/SE | V111: B | W111: - | X111: 11.2 | Y111: 11.452
K112: 21Z000000000144V | L112: Gasunie Deutschland | O112: DE | P112: GASPOOL | Q112: 21Z0000000000260 | S112: Energinet | T112: DK | U112: Joint Bal Zone DK/SE | V112: N | W112: - | X112: 11.2 | Y112: 11.2
I113: Y-DKe> | J113: 4.119 | K113: 21Z0000000000260 | L113: Energinet | O113: DK | P113: Joint Bal Zone DK/SE | Q113: 21Z0000000000260 | S113: Open Grid Europe | T113: DE | U113: NCG | V113: - | W113: B | X113: 11.243 | Y113: 12.1
Q114: 21Z000000000144V | S114: Gasunie Deutschland | T114: DE | U114: GASPOOL | V114: - | W114: N | X114: 12.1 | Y114: 12.1
C116: 38 | E116: Mallnow | I116: DEg>PL/YAM | J116: 184.8 | K116: 21Z000000000056S | L116: GASCADE Gastransport | O116: DE | P116: GASPOOL | Q116: 21Z000000000056S | S116: GAZ-SYSTEM (ISO) | T116: PL | U116: TGPS (YAMAL) | V116: B | W116: B | X116: 11.26 | Y116: 11.37
I117: PL/YAM>DEg | J117: 931.5 | K117: 21Z000000000056S | L117: GAZ-SYSTEM (ISO) | O117: PL | P117: TGPS (YAMAL) | Q117: 21Z000000000056S | S117: GASCADE Gastransport | T117: DE | U117: GASPOOL | V117: B | W117: B | X117: 11.26 | Y117: 11.37
C119: 40 | E119: Brandov STEGAL (CZ) / Stegal (DE) Presented capacity at this point does not reflect current situation between DE GASPOOL and CZ market zones. NET4GAS offers free capacity between these market zones only at VIP Brandov-GASPOOL.
I120: Y-CZb> | J120: 0 | L120: NET4GAS | O120: CZ | Q120: 21Z000000000091Q | S120: GASCADE Gastransport | T120: DE | U120: GASPOOL | W120: N
E121: Olbernhau (DE) / Hora Svaté Kateřiny (CZ) Presented capacity at this point does not reflect current situation between DE GASPOOL and CZ market zones. NET4GAS offers free capacity between these market zones only at VIP Brandov-GASPOOL. | I121: >Y-CZb | J121: 287.7 | K121: 21Z000000000092O | L121: GASCADE Gastransport | O121: DE | P121: GASPOOL | S121: NET4GAS | T121: CZ | V121: N
C124: 41 | E124: Hora Svaté Kateřiny (CZ) / Deutschneudorf (Sayda) (DE) Presented capacity at this point does not reflect current situation between DE GASPOOL and CZ market zones. NET4GAS offers free capacity between these market zones only at VIP Brandov-GASPOOL. | I124: >Y-CZb | J124: 95.04 | K124: 21Z0000000000228 | L124: ONTRAS | O124: DE | P124: GASPOOL | S124: NET4GAS | T124: CZ | V124: B | X124: 11.22 | Y124: 11.23
I125: Y-CZb> | J125: 0 | L125: NET4GAS | O125: CZ | Q125: 21Z0000000000228 | S125: ONTRAS | T125: DE | U125: GASPOOL | W125: B | X125: 11.22 | Y125: 11.23
C127: 42 | E127: Brandov-OPAL (DE) | I127: >Y-CZb | J127: 571.12 | K127: 21Z000000000242V | L127: LBTG | O127: DE | S127: NET4GAS | T127: CZ | V127: Y
L128: OPAL Gas Transport | O128: DE | S128: NET4GAS | T128: CZ
C132: 43 | E132: Waidhaus No firm capacity is offered to exit from DE side, on CZ side an entry capacity of 120 GWh/d is available. Since 03/2019 VIP Waidhaus is in operation.
I133: IB-CZw> | J133: 896.659 | K133: 21Z0000000000236 | L133: NET4GAS | O133: CZ | P133: Czech | Q133: 21Z0000000000236 | S133: Open Grid Europe | T133: DE | U133: NCG | V133: Y | W133: Y | X133: 11.19 | Y133: 11.316
Q134: 21Z000000000162T | S134: GRTgaz Deutschland | T134: DE | U134: NCG | V134: Y | W134: Y | X134: 11.19 | Y134: 11.23
C136: 44 | E136: Cieszyn (PL) / Český Těšín (CZ) CZ>PL: 4,3 GWh/d from May to September | I136: CZ>PL | J136: 28 | K136: 21Z000000000239K | L136: NET4GAS | O136: CZ | P136: Czech | Q136: 21Z000000000239K | S136: GAZ-SYSTEM | T136: PL | U136: Poland H-gas | V136: N | W136: Y | X136: 11.22 | Y136: 11.31
C139: 45 | E139: Lanžhot | I139: CZ>SK | J139: 1246.4 | K139: 21Z000000000061Z | L139: NET4GAS | O139: CZ | P139: Czech | Q139: 21Z000000000061Z | S139: eustream | T139: SK | U139: Slovakia | V139: B | W139: B | X139: 11.16 | Y139: 11.23
I140: SK>CZ | J140: 457.6 | K140: 21Z000000000061Z | L140: eustream | O140: SK | P140: Slovakia | Q140: 21Z000000000061Z | S140: NET4GAS | T140: CZ | U140: Czech | V140: B | W140: B | X140: 11.16 | Y140: 11.23
C142: 46 | E142: Baumgarten | I142: AT>SK | J142: 246.5 | L142: Gas Connect Austria | O142: AT | P142: Austria | Q142: 21Y---A001A023-Y | S142: eustream | T142: SK | U142: Slovakia | V142: N | W142: B | X142: 11.16 | Y142: 11.16
K143: 21Z000000000163R | L143: Gas Connect Austria | O143: AT | P143: Austria | Q143: 21Y---A001A023-Y | S143: eustream | T143: SK | U143: Slovakia | V143: B | W143: B | X143: 11.16 | Y143: 11.16
K144: 21Z000000000164P | L144: TAG | O144: AT | P144: Austria | Q144: 21Y---A001A023-Y | S144: eustream | T144: SK | U144: Slovakia | V144: Y | W144: B | X144: 11.16 | Y144: 11.19
K145: 21Z000000000175K | L145: Gas Connect Austria | O145: AT | P145: Austria | Q145: 21Y---A001A023-Y | S145: eustream | T145: SK | U145: Slovakia | V145: N | W145: B | X145: 11.16 | Y145: 11.16
I146: SK>AT | J146: 1570.4 | K146: 21Y---A001A023-Y | L146: eustream | O146: SK | P146: Slovakia | Q146: 21Z0000000000600 | S146: Gas Connect Austria | T146: AT | U146: Austria | V146: B | W146: Y | X146: 11.16 | Y146: 11.16
...

Sheet Cross_table
B1: Column1 | C1: UK | D1: BE | E1: NL | F1: DE | G1: AT | H1: IT | I1: CH | J1: SI | K1: HR | L1: FR | M1: DK | N1: PL | O1: CZ | P1: SK | Q1: HU | R1: RS | S1: BG | T1: GR | U1: RO | V1: LT | W1: LV | X1: ES | Y1: PT | Z1: UA | AA1: MD | AB1: RU | AC1: AL | AD1: LU | AE1: IE | AF1: BA | AG1: MK | AH1: TR | AI1: SM | AJ1: NO | AK1: DZ | AL1: TN | AM1: LY | AN1: BY | AO1: EE | AP1: FI
B2: UK | C2: =SUMIFS('Capacity Map'!$J$14:$J$287,'Capacity Map'!$O$14:$O$287,Cross_table!$B2,'Capacity Map'!$T$14:$T$287,Cross_table!C$1)+SUMIFS('Capacity Map'!$J$335:$J$417,'Capacity Map'!$O$335:$O$417,Cross_table!$B2,'Capacity Map'!$T$335:$T$417,Cross_table!C$1) -> 1455.1 | D2: =SUMIFS('Capacity Map'!$J$14:$J$287,'Capacity Map'!$O$14:$O$287,Cross_table!$B2,'Capacity Map'!$T$14:$T$287,Cross_table!D$1)+SUMIFS('Capacity Map'!$J$335:$J$417,'Capacity Map'!$O$335:$O$417,Cross_table!$B2,'Capacity Map'!$T$335:$T$417,Cross_table!D$1) -> 651.7 | E2: =SUMIFS('Capacity Map'!$J$14:$J$287,'Capacity Map'!$O$14:$O$287,Cross_table!$B2,'Capacity Map'!$T$14:$T$287,Cross_table!E$1)+SUMIFS('Capacity Map'!$J$335:$J$417,'Capacity Map'!$O$335:$O$417,Cross_table!$B2,'Capacity Map'!$T$335:$T$417,Cross_table!E$1) -> 0 | F2: =SUMIFS('Capacity Map'!$J$14:$J$287,'Capacity Map'!$O$14:$O$287,Cross_table!$B2,'Capacity Map'!$T$14:$T$287,Cross_table!F$1)+SUMIFS('Capacity Map'!$J$335:$J$417,'Capacity Map'!$O$335:$O$417,Cross_table!$B2,'Capacity Map'!$T$335:$T$417,Cross_table!F$1) -> 0 | G2: =SUMIFS('Capacity Map'!$J$14:$J$287,'Capacity Map'!$O$14:$O$287,Cross_table!$B2,'Capacity Map'!$T$14:$T$287,Cross_table!G$1)+SUMIFS('Capacity Map'!$J$335:$J$417,'Capacity Map'!$O$335:$O$417,Cross_table!$B2,'Capacity Map'!$T$335:$T$417,Cross_table!G$1) -> 0 | H2: =SUMIFS('Capacity Map'!$J$14:$J$287,'Capacity Map'!$O$14:$O$287,Cross_table!$B2,'Capacity Map'!$T$14:$T$287,Cross_table!H$1)+SUMIFS('Capacity Map'!$J$335:$J$417,'Capacity Map'!$O$335:$O$417,Cross_table!$B2,'Capacity Map'!$T$335:$T$417,Cross_table!H$1) -> 0 | I2: =SUMIFS('Capacity Map'!$J$14:$J$287,'Capacity Map'!$O$14:$O$287,Cross_table!$B2,'Capacity Map'!$T$14:$T$287,Cross_table!I$1)+SUMIFS('Capacity Map'!$J$335:$J$417,'Capacity Map'!$O$335:$O$417,Cross_table!$B2,'Capacity Map'!$T$335:$T$417,Cross_table!I$1) -> 0 | J2: =SUMIFS('Capacity Map'!$J$14:$J$287,'Capacity Map'!$O$14:$O$287,Cross_table!$B2,'Capacity Map'!$T$14:$T$287,Cross_table!J$1)+SUMIFS('Capacity Map'!$J$335:$J$417,'Capacity Map'!$O$335:$O$417,Cross_table!$B2,'Capacity Map'!$T$335:$T$417,Cross_table!J$1) -> 0 | ... AP2: =SUMIFS('Capacity Map'!$J$14:$J$287,'Capacity Map'!$O$14:$O$287,Cross_table!$B2,'Capacity Map'!$T$14:$T$287,Cross_table!AP$1)+SUMIFS('Capacity Map'!$J$335:$J$417,'Capacity Map'!$O$335:$O$417,Cross_table!$B2,'Capacity Map'!$T$335:$T$417,Cross_table!AP$1) -> 0
B3: BE | C3: =SUMIFS('Capacity Map'!$J$14:$J$287,'Capacity Map'!$O$14:$O$287,Cross_table!$B3,'Capacity Map'!$T$14:$T$287,Cross_table!C$1)+SUMIFS('Capacity Map'!$J$335:$J$417,'Capacity Map'!$O$335:$O$417,Cross_table!$B3,'Capacity Map'!$T$335:$T$417,Cross_table!C$1) -> 803.4 | D3: =SUMIFS('Capacity Map'!$J$14:$J$287,'Capacity Map'!$O$14:$O$287,Cross_table!$B3,'Capacity Map'!$T$14:$T$287,Cross_table!D$1)+SUMIFS('Capacity Map'!$J$335:$J$417,'Capacity Map'!$O$335:$O$417,Cross_table!$B3,'Capacity Map'!$T$335:$T$417,Cross_table!D$1) -> 0 | E3: =SUMIFS('Capacity Map'!$J$14:$J$287,'Capacity Map'!$O$14:$O$287,Cross_table!$B3,'Capacity Map'!$T$14:$T$287,Cross_table!E$1)+SUMIFS('Capacity Map'!$J$335:$J$417,'Capacity Map'!$O$335:$O$417,Cross_table!$B3,'Capacity Map'!$T$335:$T$417,Cross_table!E$1) -> 331.2 | F3: =SUMIFS('Capacity Map'!$J$14:$J$287,'Capacity Map'!$O$14:$O$287,Cross_table!$B3,'Capacity Map'!$T$14:$T$287,Cross_table!F$1)+SUMIFS('Capacity Map'!$J$335:$J$417,'Capacity Map'!$O$335:$O$417,Cross_table!$B3,'Capacity Map'!$T$335:$T$417,Cross_table!F$1) -> 322.77 | G3: =SUMIFS('Capacity Map'!$J$14:$J$287,'Capacity Map'!$O$14:$O$287,Cross_table!$B3,'Capacity Map'!$T$14:$T$287,Cross_table!G$1)+SUMIFS('Capacity Map'!$J$335:$J$417,'Capacity Map'!$O$335:$O$417,Cross_table!$B3,'Capacity Map'!$T$335:$T$417,Cross_table!G$1) -> 0 | H3: =SUMIFS('Capacity Map'!$J$14:$J$287,'Capacity Map'!$O$14:$O$287,Cross_table!$B3,'Capacity Map'!$T$14:$T$287,Cross_table!H$1)+SUMIFS('Capacity Map'!$J$335:$J$417,'Capacity Map'!$O$335:$O$417,Cross_table!$B3,'Capacity Map'!$T$335:$T$417,Cross_table!H$1) -> 0 | I3: =SUMIFS('Capacity Map'!$J$14:$J$287,'Capacity Map'!$O$14:$O$287,Cross_table!$B3,'Capacity Map'!$T$14:$T$287,Cross_table!I$1)+SUMIFS('Capacity Map'!$J$335:$J$417,'Capacity Map'!$O$335:$O$417,Cross_table!$B3,'Capacity Map'!$T$335:$T$417,Cross_table!I$1) -> 0 | J3: =SUMIFS('Capacity Map'!$J$14:$J$287,'Capacity Map'!$O$14:$O$287,Cross_table!$B3,'Capacity Map'!$T$14:$T$287,Cross_table!J$1)+SUMIFS('Capacity Map'!$J$335:$J$417,'Capacity Map'!$O$335:$O$417,Cross_table!$B3,'Capacity Map'!$T$335:$T$417,Cross_table!J$1) -> 0 | ... AP3: =SUMIFS('Capacity Map'!$J$14:$J$287,'Capacity Map'!$O$14:$O$287,Cross_table!$B3,'Capacity Map'!$T$14:$T$287,Cross_table!AP$1)+SUMIFS('Capacity Map'!$J$335:$J$417,'Capacity Map'!$O$335:$O$417,Cross_table!$B3,'Capacity Map'!$T$335:$T$417,Cross_table!AP$1) -> 0
B4: NL | C4: =SUMIFS('Capacity Map'!$J$14:$J$287,'Capacity Map'!$O$14:$O$287,Cross_table!$B4,'Capacity Map'!$T$14:$T$287,Cross_table!C$1)+SUMIFS('Capacity Map'!$J$335:$J$417,'Capacity Map'!$O$335:$O$417,Cross_table!$B4,'Capacity Map'!$T$335:$T$417,Cross_table!C$1) -> 0 | D4: =SUMIFS('Capacity Map'!$J$14:$J$287,'Capacity Map'!$O$14:$O$287,Cross_table!$B4,'Capacity Map'!$T$14:$T$287,Cross_table!D$1)+SUMIFS('Capacity Map'!$J$335:$J$417,'Capacity Map'!$O$335:$O$417,Cross_table!$B4,'Capacity Map'!$T$335:$T$417,Cross_table!D$1) -> 1397.2 | E4: =SUMIFS('Capacity Map'!$J$14:$J$287,'Capacity Map'!$O$14:$O$287,Cross_table!$B4,'Capacity Map'!$T$14:$T$287,Cross_table!E$1)+SUMIFS('Capacity Map'!$J$335:$J$417,'Capacity Map'!$O$335:$O$417,Cross_table!$B4,'Capacity Map'!$T$335:$T$417,Cross_table!E$1) -> 0 | F4: =SUMIFS('Capacity Map'!$J$14:$J$287,'Capacity Map'!$O$14:$O$287,Cross_table!$B4,'Capacity Map'!$T$14:$T$287,Cross_table!F$1)+SUMIFS('Capacity Map'!$J$335:$J$417,'Capacity Map'!$O$335:$O$417,Cross_table!$B4,'Capacity Map'!$T$335:$T$417,Cross_table!F$1) -> 1925.773 | G4: =SUMIFS('Capacity Map'!$J$14:$J$287,'Capacity Map'!$O$14:$O$287,Cross_table!$B4,'Capacity Map'!$T$14:$T$287,Cross_table!G$1)+SUMIFS('Capacity Map'!$J$335:$J$417,'Capacity Map'!$O$335:$O$417,Cross_table!$B4,'Capacity Map'!$T$335:$T$417,Cross_table!G$1) -> 0 | H4: =SUMIFS('Capacity Map'!$J$14:$J$287,'Capacity Map'!$O$14:$O$287,Cross_table!$B4,'Capacity Map'!$T$14:$T$287,Cross_table!H$1)+SUMIFS('Capacity Map'!$J$335:$J$417,'Capacity Map'!$O$335:$O$417,Cross_table!$B4,'Capacity Map'!$T$335:$T$417,Cross_table!H$1) -> 0 | I4: =SUMIFS('Capacity Map'!$J$14:$J$287,'Capacity Map'!$O$14:$O$287,Cross_table!$B4,'Capacity Map'!$T$14:$T$287,Cross_table!I$1)+SUMIFS('Capacity Map'!$J$335:$J$417,'Capacity Map'!$O$335:$O$417,Cross_table!$B4,'Capacity Map'!$T$335:$T$417,Cross_table!I$1) -> 0 | J4: =SUMIFS('Capacity Map'!$J$14:$J$287,'Capacity Map'!$O$14:$O$287,Cross_table!$B4,'Capacity Map'!$T$14:$T$287,Cross_table!J$1)+SUMIFS('Capacity Map'!$J$335:$J$417,'Capacity Map'!$O$335:$O$417,Cross_table!$B4,'Capacity Map'!$T$335:$T$417,Cross_table!J$1) -> 0 | ... AP4: =SUMIFS('Capacity Map'!$J$14:$J$287,'Capacity Map'!$O$14:$O$287,Cross_table!$B4,'Capacity Map'!$T$14:$T$287,Cross_table!AP$1)+SUMIFS('Capacity Map'!$J$335:$J$417,'Capacity Map'!$O$335:$O$417,Cross_table!$B4,'Capacity Map'!$T$335:$T$417,Cross_table!AP$1) -> 0
B5: DE | C5: =SUMIFS('Capacity Map'!$J$14:$J$287,'Capacity Map'!$O$14:$O$287,Cross_table!$B5,'Capacity Map'!$T$14:$T$287,Cross_table!C$1)+SUMIFS('Capacity Map'!$J$335:$J$417,'Capacity Map'!$O$335:$O$417,Cross_table!$B5,'Capacity Map'!$T$335:$T$417,Cross_table!C$1) -> 0 | D5: =SUMIFS('Capacity Map'!$J$14:$J$287,'Capacity Map'!$O$14:$O$287,Cross_table!$B5,'Capacity Map'!$T$14:$T$287,Cross_table!D$1)+SUMIFS('Capacity Map'!$J$335:$J$417,'Capacity Map'!$O$335:$O$417,Cross_table!$B5,'Capacity Map'!$T$335:$T$417,Cross_table!D$1) -> 396.15 | E5: =SUMIFS('Capacity Map'!$J$14:$J$287,'Capacity Map'!$O$14:$O$287,Cross_table!$B5,'Capacity Map'!$T$14:$T$287,Cross_table!E$1)+SUMIFS('Capacity Map'!$J$335:$J$417,'Capacity Map'!$O$335:$O$417,Cross_table!$B5,'Capacity Map'!$T$335:$T$417,Cross_table!E$1) -> 1628.303 | F5: =SUMIFS('Capacity Map'!$J$14:$J$287,'Capacity Map'!$O$14:$O$287,Cross_table!$B5,'Capacity Map'!$T$14:$T$287,Cross_table!F$1)+SUMIFS('Capacity Map'!$J$335:$J$417,'Capacity Map'!$O$335:$O$417,Cross_table!$B5,'Capacity Map'!$T$335:$T$417,Cross_table!F$1) -> 669 | G5: =SUMIFS('Capacity Map'!$J$14:$J$287,'Capacity Map'!$O$14:$O$287,Cross_table!$B5,'Capacity Map'!$T$14:$T$287,Cross_table!G$1)+SUMIFS('Capacity Map'!$J$335:$J$417,'Capacity Map'!$O$335:$O$417,Cross_table!$B5,'Capacity Map'!$T$335:$T$417,Cross_table!G$1) -> 344.248 | H5: =SUMIFS('Capacity Map'!$J$14:$J$287,'Capacity Map'!$O$14:$O$287,Cross_table!$B5,'Capacity Map'!$T$14:$T$287,Cross_table!H$1)+SUMIFS('Capacity Map'!$J$335:$J$417,'Capacity Map'!$O$335:$O$417,Cross_table!$B5,'Capacity Map'!$T$335:$T$417,Cross_table!H$1) -> 0 | I5: =SUMIFS('Capacity Map'!$J$14:$J$287,'Capacity Map'!$O$14:$O$287,Cross_table!$B5,'Capacity Map'!$T$14:$T$287,Cross_table!I$1)+SUMIFS('Capacity Map'!$J$335:$J$417,'Capacity Map'!$O$335:$O$417,Cross_table!$B5,'Capacity Map'!$T$335:$T$417,Cross_table!I$1) -> 328 | J5: =SUMIFS('Capacity Map'!$J$14:$J$287,'Capacity Map'!$O$14:$O$287,Cross_table!$B5,'Capacity Map'!$T$14:$T$287,Cross_table!J$1)+SUMIFS('Capacity Map'!$J$335:$J$417,'Capacity Map'!$O$335:$O$417,Cross_table!$B5,'Capacity Map'!$T$335:$T$417,Cross_table!J$1) -> 0 | ... AP5: =SUMIFS('Capacity Map'!$J$14:$J$287,'Capacity Map'!$O$14:$O$287,Cross_table!$B5,'Capacity Map'!$T$14:$T$287,Cross_table!AP$1)+SUMIFS('Capacity Map'!$J$335:$J$417,'Capacity Map'!$O$335:$O$417,Cross_table!$B5,'Capacity Map'!$T$335:$T$417,Cross_table!AP$1) -> 0
B6: AT | C6: =SUMIFS('Capacity Map'!$J$14:$J$287,'Capacity Map'!$O$14:$O$287,Cross_table!$B6,'Capacity Map'!$T$14:$T$287,Cross_table!C$1)+SUMIFS('Capacity Map'!$J$335:$J$417,'Capacity Map'!$O$335:$O$417,Cross_table!$B6,'Capacity Map'!$T$335:$T$417,Cross_table!C$1) -> 0 | D6: =SUMIFS('Capacity Map'!$J$14:$J$287,'Capacity Map'!$O$14:$O$287,Cross_table!$B6,'Capacity Map'!$T$14:$T$287,Cross_table!D$1)+SUMIFS('Capacity Map'!$J$335:$J$417,'Capacity Map'!$O$335:$O$417,Cross_table!$B6,'Capacity Map'!$T$335:$T$417,Cross_table!D$1) -> 0 | E6: =SUMIFS('Capacity Map'!$J$14:$J$287,'Capacity Map'!$O$14:$O$287,Cross_table!$B6,'Capacity Map'!$T$14:$T$287,Cross_table!E$1)+SUMIFS('Capacity Map'!$J$335:$J$417,'Capacity Map'!$O$335:$O$417,Cross_table!$B6,'Capacity Map'!$T$335:$T$417,Cross_table!E$1) -> 0 | F6: =SUMIFS('Capacity Map'!$J$14:$J$287,'Capacity Map'!$O$14:$O$287,Cross_table!$B6,'Capacity Map'!$T$14:$T$287,Cross_table!F$1)+SUMIFS('Capacity Map'!$J$335:$J$417,'Capacity Map'!$O$335:$O$417,Cross_table!$B6,'Capacity Map'!$T$335:$T$417,Cross_table!F$1) -> 339.968 | G6: =SUMIFS('Capacity Map'!$J$14:$J$287,'Capacity Map'!$O$14:$O$287,Cross_table!$B6,'Capacity Map'!$T$14:$T$287,Cross_table!G$1)+SUMIFS('Capacity Map'!$J$335:$J$417,'Capacity Map'!$O$335:$O$417,Cross_table!$B6,'Capacity Map'!$T$335:$T$417,Cross_table!G$1) -> 0 | H6: =SUMIFS('Capacity Map'!$J$14:$J$287,'Capacity Map'!$O$14:$O$287,Cross_table!$B6,'Capacity Map'!$T$14:$T$287,Cross_table!H$1)+SUMIFS('Capacity Map'!$J$335:$J$417,'Capacity Map'!$O$335:$O$417,Cross_table!$B6,'Capacity Map'!$T$335:$T$417,Cross_table!H$1) -> 1150 | I6: =SUMIFS('Capacity Map'!$J$14:$J$287,'Capacity Map'!$O$14:$O$287,Cross_table!$B6,'Capacity Map'!$T$14:$T$287,Cross_table!I$1)+SUMIFS('Capacity Map'!$J$335:$J$417,'Capacity Map'!$O$335:$O$417,Cross_table!$B6,'Capacity Map'!$T$335:$T$417,Cross_table!I$1) -> 0 | J6: =SUMIFS('Capacity Map'!$J$14:$J$287,'Capacity Map'!$O$14:$O$287,Cross_table!$B6,'Capacity Map'!$T$14:$T$287,Cross_table!J$1)+SUMIFS('Capacity Map'!$J$335:$J$417,'Capacity Map'!$O$335:$O$417,Cross_table!$B6,'Capacity Map'!$T$335:$T$417,Cross_table!J$1) -> 112.5 | ... AP6: =SUMIFS('Capacity Map'!$J$14:$J$287,'Capacity Map'!$O$14:$O$287,Cross_table!$B6,'Capacity Map'!$T$14:$T$287,Cross_table!AP$1)+SUMIFS('Capacity Map'!$J$335:$J$417,'Capacity Map'!$O$335:$O$417,Cross_table!$B6,'Capacity Map'!$T$335:$T$417,Cross_table!AP$1) -> 0
B7: IT | C7: =SUMIFS('Capacity Map'!$J$14:$J$287,'Capacity Map'!$O$14:$O$287,Cross_table!$B7,'Capacity Map'!$T$14:$T$287,Cross_table!C$1)+SUMIFS('Capacity Map'!$J$335:$J$417,'Capacity Map'!$O$335:$O$417,Cross_table!$B7,'Capacity Map'!$T$335:$T$417,Cross_table!C$1) -> 0 | D7: =SUMIFS('Capacity Map'!$J$14:$J$287,'Capacity Map'!$O$14:$O$287,Cross_table!$B7,'Capacity Map'!$T$14:$T$287,Cross_table!D$1)+SUMIFS('Capacity Map'!$J$335:$J$417,'Capacity Map'!$O$335:$O$417,Cross_table!$B7,'Capacity Map'!$T$335:$T$417,Cross_table!D$1) -> 0 | E7: =SUMIFS('Capacity Map'!$J$14:$J$287,'Capacity Map'!$O$14:$O$287,Cross_table!$B7,'Capacity Map'!$T$14:$T$287,Cross_table!E$1)+SUMIFS('Capacity Map'!$J$335:$J$417,'Capacity Map'!$O$335:$O$417,Cross_table!$B7,'Capacity Map'!$T$335:$T$417,Cross_table!E$1) -> 0 | F7: =SUMIFS('Capacity Map'!$J$14:$J$287,'Capacity Map'!$O$14:$O$287,Cross_table!$B7,'Capacity Map'!$T$14:$T$287,Cross_table!F$1)+SUMIFS('Capacity Map'!$J$335:$J$417,'Capacity Map'!$O$335:$O$417,Cross_table!$B7,'Capacity Map'!$T$335:$T$417,Cross_table!F$1) -> 0 | G7: =SUMIFS('Capacity Map'!$J$14:$J$287,'Capacity Map'!$O$14:$O$287,Cross_table!$B7,'Capacity Map'!$T$14:$T$287,Cross_table!G$1)+SUMIFS('Capacity Map'!$J$335:$J$417,'Capacity Map'!$O$335:$O$417,Cross_table!$B7,'Capacity Map'!$T$335:$T$417,Cross_table!G$1) -> 193.5 | H7: =SUMIFS('Capacity Map'!$J$14:$J$287,'Capacity Map'!$O$14:$O$287,Cross_table!$B7,'Capacity Map'!$T$14:$T$287,Cross_table!H$1)+SUMIFS('Capacity Map'!$J$335:$J$417,'Capacity Map'!$O$335:$O$417,Cross_table!$B7,'Capacity Map'!$T$335:$T$417,Cross_table!H$1) -> 0 | I7: =SUMIFS('Capacity Map'!$J$14:$J$287,'Capacity Map'!$O$14:$O$287,Cross_table!$B7,'Capacity Map'!$T$14:$T$287,Cross_table!I$1)+SUMIFS('Capacity Map'!$J$335:$J$417,'Capacity Map'!$O$335:$O$417,Cross_table!$B7,'Capacity Map'!$T$335:$T$417,Cross_table!I$1) -> 431.4 | J7: =SUMIFS('Capacity Map'!$J$14:$J$287,'Capacity Map'!$O$14:$O$287,Cross_table!$B7,'Capacity Map'!$T$14:$T$287,Cross_table!J$1)+SUMIFS('Capacity Map'!$J$335:$J$417,'Capacity Map'!$O$335:$O$417,Cross_table!$B7,'Capacity Map'!$T$335:$T$417,Cross_table!J$1) -> 28.5 | ... AP7: =SUMIFS('Capacity Map'!$J$14:$J$287,'Capacity Map'!$O$14:$O$287,Cross_table!$B7,'Capacity Map'!$T$14:$T$287,Cross_table!AP$1)+SUMIFS('Capacity Map'!$J$335:$J$417,'Capacity Map'!$O$335:$O$417,Cross_table!$B7,'Capacity Map'!$T$335:$T$417,Cross_table!AP$1) -> 0
B8: CH | C8: =SUMIFS('Capacity Map'!$J$14:$J$287,'Capacity Map'!$O$14:$O$287,Cross_table!$B8,'Capacity Map'!$T$14:$T$287,Cross_table!C$1)+SUMIFS('Capacity Map'!$J$335:$J$417,'Capacity Map'!$O$335:$O$417,Cross_table!$B8,'Capacity Map'!$T$335:$T$417,Cross_table!C$1) -> 0 | D8: =SUMIFS('Capacity Map'!$J$14:$J$287,'Capacity Map'!$O$14:$O$287,Cross_table!$B8,'Capacity Map'!$T$14:$T$287,Cross_table!D$1)+SUMIFS('Capacity Map'!$J$335:$J$417,'Capacity Map'!$O$335:$O$417,Cross_table!$B8,'Capacity Map'!$T$335:$T$417,Cross_table!D$1) -> 0 | E8: =SUMIFS('Capacity Map'!$J$14:$J$287,'Capacity Map'!$O$14:$O$287,Cross_table!$B8,'Capacity Map'!$T$14:$T$287,Cross_table!E$1)+SUMIFS('Capacity Map'!$J$335:$J$417,'Capacity Map'!$O$335:$O$417,Cross_table!$B8,'Capacity Map'!$T$335:$T$417,Cross_table!E$1) -> 0 | F8: =SUMIFS('Capacity Map'!$J$14:$J$287,'Capacity Map'!$O$14:$O$287,Cross_table!$B8,'Capacity Map'!$T$14:$T$287,Cross_table!F$1)+SUMIFS('Capacity Map'!$J$335:$J$417,'Capacity Map'!$O$335:$O$417,Cross_table!$B8,'Capacity Map'!$T$335:$T$417,Cross_table!F$1) -> 172.8 | G8: =SUMIFS('Capacity Map'!$J$14:$J$287,'Capacity Map'!$O$14:$O$287,Cross_table!$B8,'Capacity Map'!$T$14:$T$287,Cross_table!G$1)+SUMIFS('Capacity Map'!$J$335:$J$417,'Capacity Map'!$O$335:$O$417,Cross_table!$B8,'Capacity Map'!$T$335:$T$417,Cross_table!G$1) -> 0 | H8: =SUMIFS('Capacity Map'!$J$14:$J$287,'Capacity Map'!$O$14:$O$287,Cross_table!$B8,'Capacity Map'!$T$14:$T$287,Cross_table!H$1)+SUMIFS('Capacity Map'!$J$335:$J$417,'Capacity Map'!$O$335:$O$417,Cross_table!$B8,'Capacity Map'!$T$335:$T$417,Cross_table!H$1) -> 640.4 | I8: =SUMIFS('Capacity Map'!$J$14:$J$287,'Capacity Map'!$O$14:$O$287,Cross_table!$B8,'Capacity Map'!$T$14:$T$287,Cross_table!I$1)+SUMIFS('Capacity Map'!$J$335:$J$417,'Capacity Map'!$O$335:$O$417,Cross_table!$B8,'Capacity Map'!$T$335:$T$417,Cross_table!I$1) -> 0 | J8: =SUMIFS('Capacity Map'!$J$14:$J$287,'Capacity Map'!$O$14:$O$287,Cross_table!$B8,'Capacity Map'!$T$14:$T$287,Cross_table!J$1)+SUMIFS('Capacity Map'!$J$335:$J$417,'Capacity Map'!$O$335:$O$417,Cross_table!$B8,'Capacity Map'!$T$335:$T$417,Cross_table!J$1) -> 0 | ... AP8: =SUMIFS('Capacity Map'!$J$14:$J$287,'Capacity Map'!$O$14:$O$287,Cross_table!$B8,'Capacity Map'!$T$14:$T$287,Cross_table!AP$1)+SUMIFS('Capacity Map'!$J$335:$J$417,'Capacity Map'!$O$335:$O$417,Cross_table!$B8,'Capacity Map'!$T$335:$T$417,Cross_table!AP$1) -> 0
B9: SI | C9: =SUMIFS('Capacity Map'!$J$14:$J$287,'Capacity Map'!$O$14:$O$287,Cross_table!$B9,'Capacity Map'!$T$14:$T$287,Cross_table!C$1)+SUMIFS('Capacity Map'!$J$335:$J$417,'Capacity Map'!$O$335:$O$417,Cross_table!$B9,'Capacity Map'!$T$335:$T$417,Cross_table!C$1) -> 0 | D9: =SUMIFS('Capacity Map'!$J$14:$J$287,'Capacity Map'!$O$14:$O$287,Cross_table!$B9,'Capacity Map'!$T$14:$T$287,Cross_table!D$1)+SUMIFS('Capacity Map'!$J$335:$J$417,'Capacity Map'!$O$335:$O$417,Cross_table!$B9,'Capacity Map'!$T$335:$T$417,Cross_table!D$1) -> 0 | E9: =SUMIFS('Capacity Map'!$J$14:$J$287,'Capacity Map'!$O$14:$O$287,Cross_table!$B9,'Capacity Map'!$T$14:$T$287,Cross_table!E$1)+SUMIFS('Capacity Map'!$J$335:$J$417,'Capacity Map'!$O$335:$O$417,Cross_table!$B9,'Capacity Map'!$T$335:$T$417,Cross_table!E$1) -> 0 | F9: =SUMIFS('Capacity Map'!$J$14:$J$287,'Capacity Map'!$O$14:$O$287,Cross_table!$B9,'Capacity Map'!$T$14:$T$287,Cross_table!F$1)+SUMIFS('Capacity Map'!$J$335:$J$417,'Capacity Map'!$O$335:$O$417,Cross_table!$B9,'Capacity Map'!$T$335:$T$417,Cross_table!F$1) -> 0 | G9: =SUMIFS('Capacity Map'!$J$14:$J$287,'Capacity Map'!$O$14:$O$287,Cross_table!$B9,'Capacity Map'!$T$14:$T$287,Cross_table!G$1)+SUMIFS('Capacity Map'!$J$335:$J$417,'Capacity Map'!$O$335:$O$417,Cross_table!$B9,'Capacity Map'!$T$335:$T$417,Cross_table!G$1) -> 0 | H9: =SUMIFS('Capacity Map'!$J$14:$J$287,'Capacity Map'!$O$14:$O$287,Cross_table!$B9,'Capacity Map'!$T$14:$T$287,Cross_table!H$1)+SUMIFS('Capacity Map'!$J$335:$J$417,'Capacity Map'!$O$335:$O$417,Cross_table!$B9,'Capacity Map'!$T$335:$T$417,Cross_table!H$1) -> 21.5 | I9: =SUMIFS('Capacity Map'!$J$14:$J$287,'Capacity Map'!$O$14:$O$287,Cross_table!$B9,'Capacity Map'!$T$14:$T$287,Cross_table!I$1)+SUMIFS('Capacity Map'!$J$335:$J$417,'Capacity Map'!$O$335:$O$417,Cross_table!$B9,'Capacity Map'!$T$335:$T$417,Cross_table!I$1) -> 0 | J9: =SUMIFS('Capacity Map'!$J$14:$J$287,'Capacity Map'!$O$14:$O$287,Cross_table!$B9,'Capacity Map'!$T$14:$T$287,Cross_table!J$1)+SUMIFS('Capacity Map'!$J$335:$J$417,'Capacity Map'!$O$335:$O$417,Cross_table!$B9,'Capacity Map'!$T$335:$T$417,Cross_table!J$1) -> 0 | ... AP9: =SUMIFS('Capacity Map'!$J$14:$J$287,'Capacity Map'!$O$14:$O$287,Cross_table!$B9,'Capacity Map'!$T$14:$T$287,Cross_table!AP$1)+SUMIFS('Capacity Map'!$J$335:$J$417,'Capacity Map'!$O$335:$O$417,Cross_table!$B9,'Capacity Map'!$T$335:$T$417,Cross_table!AP$1) -> 0
B10: HR | C10: =SUMIFS('Capacity Map'!$J$14:$J$287,'Capacity Map'!$O$14:$O$287,Cross_table!$B10,'Capacity Map'!$T$14:$T$287,Cross_table!C$1)+SUMIFS('Capacity Map'!$J$335:$J$417,'Capacity Map'!$O$335:$O$417,Cross_table!$B10,'Capacity Map'!$T$335:$T$417,Cross_table!C$1) -> 0 | D10: =SUMIFS('Capacity Map'!$J$14:$J$287,'Capacity Map'!$O$14:$O$287,Cross_table!$B10,'Capacity Map'!$T$14:$T$287,Cross_table!D$1)+SUMIFS('Capacity Map'!$J$335:$J$417,'Capacity Map'!$O$335:$O$417,Cross_table!$B10,'Capacity Map'!$T$335:$T$417,Cross_table!D$1) -> 0 | E10: =SUMIFS('Capacity Map'!$J$14:$J$287,'Capacity Map'!$O$14:$O$287,Cross_table!$B10,'Capacity Map'!$T$14:$T$287,Cross_table!E$1)+SUMIFS('Capacity Map'!$J$335:$J$417,'Capacity Map'!$O$335:$O$417,Cross_table!$B10,'Capacity Map'!$T$335:$T$417,Cross_table!E$1) -> 0 | F10: =SUMIFS('Capacity Map'!$J$14:$J$287,'Capacity Map'!$O$14:$O$287,Cross_table!$B10,'Capacity Map'!$T$14:$T$287,Cross_table!F$1)+SUMIFS('Capacity Map'!$J$335:$J$417,'Capacity Map'!$O$335:$O$417,Cross_table!$B10,'Capacity Map'!$T$335:$T$417,Cross_table!F$1) -> 0 | G10: =SUMIFS('Capacity Map'!$J$14:$J$287,'Capacity Map'!$O$14:$O$287,Cross_table!$B10,'Capacity Map'!$T$14:$T$287,Cross_table!G$1)+SUMIFS('Capacity Map'!$J$335:$J$417,'Capacity Map'!$O$335:$O$417,Cross_table!$B10,'Capacity Map'!$T$335:$T$417,Cross_table!G$1) -> 0 | H10: =SUMIFS('Capacity Map'!$J$14:$J$287,'Capacity Map'!$O$14:$O$287,Cross_table!$B10,'Capacity Map'!$T$14:$T$287,Cross_table!H$1)+SUMIFS('Capacity Map'!$J$335:$J$417,'Capacity Map'!$O$335:$O$417,Cross_table!$B10,'Capacity Map'!$T$335:$T$417,Cross_table!H$1) -> 0 | I10: =SUMIFS('Capacity Map'!$J$14:$J$287,'Capacity Map'!$O$14:$O$287,Cross_table!$B10,'Capacity Map'!$T$14:$T$287,Cross_table!I$1)+SUMIFS('Capacity Map'!$J$335:$J$417,'Capacity Map'!$O$335:$O$417,Cross_table!$B10,'Capacity Map'!$T$335:$T$417,Cross_table!I$1) -> 0 | J10: =SUMIFS('Capacity Map'!$J$14:$J$287,'Capacity Map'!$O$14:$O$287,Cross_table!$B10,'Capacity Map'!$T$14:$T$287,Cross_table!J$1)+SUMIFS('Capacity Map'!$J$335:$J$417,'Capacity Map'!$O$335:$O$417,Cross_table!$B10,'Capacity Map'!$T$335:$T$417,Cross_table!J$1) -> 7.7 | ... AP10: =SUMIFS('Capacity Map'!$J$14:$J$287,'Capacity Map'!$O$14:$O$287,Cross_table!$B10,'Capacity Map'!$T$14:$T$287,Cross_table!AP$1)+SUMIFS('Capacity Map'!$J$335:$J$417,'Capacity Map'!$O$335:$O$417,Cross_table!$B10,'Capacity Map'!$T$335:$T$417,Cross_table!AP$1) -> 0
B11: FR | C11: =SUMIFS('Capacity Map'!$J$14:$J$287,'Capacity Map'!$O$14:$O$287,Cross_table!$B11,'Capacity Map'!$T$14:$T$287,Cross_table!C$1)+SUMIFS('Capacity Map'!$J$335:$J$417,'Capacity Map'!$O$335:$O$417,Cross_table!$B11,'Capacity Map'!$T$335:$T$417,Cross_table!C$1) -> 0 | D11: =SUMIFS('Capacity Map'!$J$14:$J$287,'Capacity Map'!$O$14:$O$287,Cross_table!$B11,'Capacity Map'!$T$14:$T$287,Cross_table!D$1)+SUMIFS('Capacity Map'!$J$335:$J$417,'Capacity Map'!$O$335:$O$417,Cross_table!$B11,'Capacity Map'!$T$335:$T$417,Cross_table!D$1) -> 270 | E11: =SUMIFS('Capacity Map'!$J$14:$J$287,'Capacity Map'!$O$14:$O$287,Cross_table!$B11,'Capacity Map'!$T$14:$T$287,Cross_table!E$1)+SUMIFS('Capacity Map'!$J$335:$J$417,'Capacity Map'!$O$335:$O$417,Cross_table!$B11,'Capacity Map'!$T$335:$T$417,Cross_table!E$1) -> 0 | F11: =SUMIFS('Capacity Map'!$J$14:$J$287,'Capacity Map'!$O$14:$O$287,Cross_table!$B11,'Capacity Map'!$T$14:$T$287,Cross_table!F$1)+SUMIFS('Capacity Map'!$J$335:$J$417,'Capacity Map'!$O$335:$O$417,Cross_table!$B11,'Capacity Map'!$T$335:$T$417,Cross_table!F$1) -> 0 | G11: =SUMIFS('Capacity Map'!$J$14:$J$287,'Capacity Map'!$O$14:$O$287,Cross_table!$B11,'Capacity Map'!$T$14:$T$287,Cross_table!G$1)+SUMIFS('Capacity Map'!$J$335:$J$417,'Capacity Map'!$O$335:$O$417,Cross_table!$B11,'Capacity Map'!$T$335:$T$417,Cross_table!G$1) -> 0 | H11: =SUMIFS('Capacity Map'!$J$14:$J$287,'Capacity Map'!$O$14:$O$287,Cross_table!$B11,'Capacity Map'!$T$14:$T$287,Cross_table!H$1)+SUMIFS('Capacity Map'!$J$335:$J$417,'Capacity Map'!$O$335:$O$417,Cross_table!$B11,'Capacity Map'!$T$335:$T$417,Cross_table!H$1) -> 0 | I11: =SUMIFS('Capacity Map'!$J$14:$J$287,'Capacity Map'!$O$14:$O$287,Cross_table!$B11,'Capacity Map'!$T$14:$T$287,Cross_table!I$1)+SUMIFS('Capacity Map'!$J$335:$J$417,'Capacity Map'!$O$335:$O$417,Cross_table!$B11,'Capacity Map'!$T$335:$T$417,Cross_table!I$1) -> 223 | J11: =SUMIFS('Capacity Map'!$J$14:$J$287,'Capacity Map'!$O$14:$O$287,Cross_table!$B11,'Capacity Map'!$T$14:$T$287,Cross_table!J$1)+SUMIFS('Capacity Map'!$J$335:$J$417,'Capacity Map'!$O$335:$O$417,Cross_table!$B11,'Capacity Map'!$T$335:$T$417,Cross_table!J$1) -> 0 | ... AP11: =SUMIFS('Capacity Map'!$J$14:$J$287,'Capacity Map'!$O$14:$O$287,Cross_table!$B11,'Capacity Map'!$T$14:$T$287,Cross_table!AP$1)+SUMIFS('Capacity Map'!$J$335:$J$417,'Capacity Map'!$O$335:$O$417,Cross_table!$B11,'Capacity Map'!$T$335:$T$417,Cross_table!AP$1) -> 0
B12: DK | C12: =SUMIFS('Capacity Map'!$J$14:$J$287,'Capacity Map'!$O$14:$O$287,Cross_table!$B12,'Capacity Map'!$T$14:$T$287,Cross_table!C$1)+SUMIFS('Capacity Map'!$J$335:$J$417,'Capacity Map'!$O$335:$O$417,Cross_table!$B12,'Capacity Map'!$T$335:$T$417,Cross_table!C$1) -> 0 | D12: =SUMIFS('Capacity Map'!$J$14:$J$287,'Capacity Map'!$O$14:$O$287,Cross_table!$B12,'Capacity Map'!$T$14:$T$287,Cross_table!D$1)+SUMIFS('Capacity Map'!$J$335:$J$417,'Capacity Map'!$O$335:$O$417,Cross_table!$B12,'Capacity Map'!$T$335:$T$417,Cross_table!D$1) -> 0 | E12: =SUMIFS('Capacity Map'!$J$14:$J$287,'Capacity Map'!$O$14:$O$287,Cross_table!$B12,'Capacity Map'!$T$14:$T$287,Cross_table!E$1)+SUMIFS('Capacity Map'!$J$335:$J$417,'Capacity Map'!$O$335:$O$417,Cross_table!$B12,'Capacity Map'!$T$335:$T$417,Cross_table!E$1) -> 0 | F12: =SUMIFS('Capacity Map'!$J$14:$J$287,'Capacity Map'!$O$14:$O$287,Cross_table!$B12,'Capacity Map'!$T$14:$T$287,Cross_table!F$1)+SUMIFS('Capacity Map'!$J$335:$J$417,'Capacity Map'!$O$335:$O$417,Cross_table!$B12,'Capacity Map'!$T$335:$T$417,Cross_table!F$1) -> 4.119 | G12: =SUMIFS('Capacity Map'!$J$14:$J$287,'Capacity Map'!$O$14:$O$287,Cross_table!$B12,'Capacity Map'!$T$14:$T$287,Cross_table!G$1)+SUMIFS('Capacity Map'!$J$335:$J$417,'Capacity Map'!$O$335:$O$417,Cross_table!$B12,'Capacity Map'!$T$335:$T$417,Cross_table!G$1) -> 0 | H12: =SUMIFS('Capacity Map'!$J$14:$J$287,'Capacity Map'!$O$14:$O$287,Cross_table!$B12,'Capacity Map'!$T$14:$T$287,Cross_table!H$1)+SUMIFS('Capacity Map'!$J$335:$J$417,'Capacity Map'!$O$335:$O$417,Cross_table!$B12,'Capacity Map'!$T$335:$T$417,Cross_table!H$1) -> 0 | I12: =SUMIFS('Capacity Map'!$J$14:$J$287,'Capacity Map'!$O$14:$O$287,Cross_table!$B12,'Capacity Map'!$T$14:$T$287,Cross_table!I$1)+SUMIFS('Capacity Map'!$J$335:$J$417,'Capacity Map'!$O$335:$O$417,Cross_table!$B12,'Capacity Map'!$T$335:$T$417,Cross_table!I$1) -> 0 | J12: =SUMIFS('Capacity Map'!$J$14:$J$287,'Capacity Map'!$O$14:$O$287,Cross_table!$B12,'Capacity Map'!$T$14:$T$287,Cross_table!J$1)+SUMIFS('Capacity Map'!$J$335:$J$417,'Capacity Map'!$O$335:$O$417,Cross_table!$B12,'Capacity Map'!$T$335:$T$417,Cross_table!J$1) -> 0 | ... AP12: =SUMIFS('Capacity Map'!$J$14:$J$287,'Capacity Map'!$O$14:$O$287,Cross_table!$B12,'Capacity Map'!$T$14:$T$287,Cross_table!AP$1)+SUMIFS('Capacity Map'!$J$335:$J$417,'Capacity Map'!$O$335:$O$417,Cross_table!$B12,'Capacity Map'!$T$335:$T$417,Cross_table!AP$1) -> 0
B13: PL | C13: =SUMIFS('Capacity Map'!$J$14:$J$287,'Capacity Map'!$O$14:$O$287,Cross_table!$B13,'Capacity Map'!$T$14:$T$287,Cross_table!C$1)+SUMIFS('Capacity Map'!$J$335:$J$417,'Capacity Map'!$O$335:$O$417,Cross_table!$B13,'Capacity Map'!$T$335:$T$417,Cross_table!C$1) -> 0 | D13: =SUMIFS('Capacity Map'!$J$14:$J$287,'Capacity Map'!$O$14:$O$287,Cross_table!$B13,'Capacity Map'!$T$14:$T$287,Cross_table!D$1)+SUMIFS('Capacity Map'!$J$335:$J$417,'Capacity Map'!$O$335:$O$417,Cross_table!$B13,'Capacity Map'!$T$335:$T$417,Cross_table!D$1) -> 0 | E13: =SUMIFS('Capacity Map'!$J$14:$J$287,'Capacity Map'!$O$14:$O$287,Cross_table!$B13,'Capacity Map'!$T$14:$T$287,Cross_table!E$1)+SUMIFS('Capacity Map'!$J$335:$J$417,'Capacity Map'!$O$335:$O$417,Cross_table!$B13,'Capacity Map'!$T$335:$T$417,Cross_table!E$1) -> 0 | F13: =SUMIFS('Capacity Map'!$J$14:$J$287,'Capacity Map'!$O$14:$O$287,Cross_table!$B13,'Capacity Map'!$T$14:$T$287,Cross_table!F$1)+SUMIFS('Capacity Map'!$J$335:$J$417,'Capacity Map'!$O$335:$O$417,Cross_table!$B13,'Capacity Map'!$T$335:$T$417,Cross_table!F$1) -> 931.6 | G13: =SUMIFS('Capacity Map'!$J$14:$J$287,'Capacity Map'!$O$14:$O$287,Cross_table!$B13,'Capacity Map'!$T$14:$T$287,Cross_table!G$1)+SUMIFS('Capacity Map'!$J$335:$J$417,'Capacity Map'!$O$335:$O$417,Cross_table!$B13,'Capacity Map'!$T$335:$T$417,Cross_table!G$1) -> 0 | H13: =SUMIFS('Capacity Map'!$J$14:$J$287,'Capacity Map'!$O$14:$O$287,Cross_table!$B13,'Capacity Map'!$T$14:$T$287,Cross_table!H$1)+SUMIFS('Capacity Map'!$J$335:$J$417,'Capacity Map'!$O$335:$O$417,Cross_table!$B13,'Capacity Map'!$T$335:$T$417,Cross_table!H$1) -> 0 | I13: =SUMIFS('Capacity Map'!$J$14:$J$287,'Capacity Map'!$O$14:$O$287,Cross_table!$B13,'Capacity Map'!$T$14:$T$287,Cross_table!I$1)+SUMIFS('Capacity Map'!$J$335:$J$417,'Capacity Map'!$O$335:$O$417,Cross_table!$B13,'Capacity Map'!$T$335:$T$417,Cross_table!I$1) -> 0 | J13: =SUMIFS('Capacity Map'!$J$14:$J$287,'Capacity Map'!$O$14:$O$287,Cross_table!$B13,'Capacity Map'!$T$14:$T$287,Cross_table!J$1)+SUMIFS('Capacity Map'!$J$335:$J$417,'Capacity Map'!$O$335:$O$417,Cross_table!$B13,'Capacity Map'!$T$335:$T$417,Cross_table!J$1) -> 0 | ... AP13: =SUMIFS('Capacity Map'!$J$14:$J$287,'Capacity Map'!$O$14:$O$287,Cross_table!$B13,'Capacity Map'!$T$14:$T$287,Cross_table!AP$1)+SUMIFS('Capacity Map'!$J$335:$J$417,'Capacity Map'!$O$335:$O$417,Cross_table!$B13,'Capacity Map'!$T$335:$T$417,Cross_table!AP$1) -> 0
... B41: FI | C41: =SUMIFS('Capacity Map'!$J$14:$J$287,'Capacity Map'!$O$14:$O$287,Cross_table!$B41,'Capacity Map'!$T$14:$T$287,Cross_table!C$1)+SUMIFS('Capacity Map'!$J$335:$J$417,'Capacity Map'!$O$335:$O$417,Cross_table!$B41,'Capacity Map'!$T$335:$T$417,Cross_table!C$1) -> 0 | D41: =SUMIFS('Capacity Map'!$J$14:$J$287,'Capacity Map'!$O$14:$O$287,Cross_table!$B41,'Capacity Map'!$T$14:$T$287,Cross_table!D$1)+SUMIFS('Capacity Map'!$J$335:$J$417,'Capacity Map'!$O$335:$O$417,Cross_table!$B41,'Capacity Map'!$T$335:$T$417,Cross_table!D$1) -> 0 | E41: =SUMIFS('Capacity Map'!$J$14:$J$287,'Capacity Map'!$O$14:$O$287,Cross_table!$B41,'Capacity Map'!$T$14:$T$287,Cross_table!E$1)+SUMIFS('Capacity Map'!$J$335:$J$417,'Capacity Map'!$O$335:$O$417,Cross_table!$B41,'Capacity Map'!$T$335:$T$417,Cross_table!E$1) -> 0 | F41: =SUMIFS('Capacity Map'!$J$14:$J$287,'Capacity Map'!$O$14:$O$287,Cross_table!$B41,'Capacity Map'!$T$14:$T$287,Cross_table!F$1)+SUMIFS('Capacity Map'!$J$335:$J$417,'Capacity Map'!$O$335:$O$417,Cross_table!$B41,'Capacity Map'!$T$335:$T$417,Cross_table!F$1) -> 0 | G41: =SUMIFS('Capacity Map'!$J$14:$J$287,'Capacity Map'!$O$14:$O$287,Cross_table!$B41,'Capacity Map'!$T$14:$T$287,Cross_table!G$1)+SUMIFS('Capacity Map'!$J$335:$J$417,'Capacity Map'!$O$335:$O$417,Cross_table!$B41,'Capacity Map'!$T$335:$T$417,Cross_table!G$1) -> 0 | H41: =SUMIFS('Capacity Map'!$J$14:$J$287,'Capacity Map'!$O$14:$O$287,Cross_table!$B41,'Capacity Map'!$T$14:$T$287,Cross_table!H$1)+SUMIFS('Capacity Map'!$J$335:$J$417,'Capacity Map'!$O$335:$O$417,Cross_table!$B41,'Capacity Map'!$T$335:$T$417,Cross_table!H$1) -> 0 | I41: =SUMIFS('Capacity Map'!$J$14:$J$287,'Capacity Map'!$O$14:$O$287,Cross_table!$B41,'Capacity Map'!$T$14:$T$287,Cross_table!I$1)+SUMIFS('Capacity Map'!$J$335:$J$417,'Capacity Map'!$O$335:$O$417,Cross_table!$B41,'Capacity Map'!$T$335:$T$417,Cross_table!I$1) -> 0 | J41: =SUMIFS('Capacity Map'!$J$14:$J$287,'Capacity Map'!$O$14:$O$287,Cross_table!$B41,'Capacity Map'!$T$14:$T$287,Cross_table!J$1)+SUMIFS('Capacity Map'!$J$335:$J$417,'Capacity Map'!$O$335:$O$417,Cross_table!$B41,'Capacity Map'!$T$335:$T$417,Cross_table!J$1) -> 0 | ... AP41: =SUMIFS('Capacity Map'!$J$14:$J$287,'Capacity Map'!$O$14:$O$287,Cross_table!$B41,'Capacity Map'!$T$14:$T$287,Cross_table!AP$1)+SUMIFS('Capacity Map'!$J$335:$J$417,'Capacity Map'!$O$335:$O$417,Cross_table!$B41,'Capacity Map'!$T$335:$T$417,Cross_table!AP$1) -> 0

Sheet Connections_cross_table
A1: From | B1: To | C1: Value
A2: UK | B2: UK | C2: 1455.1
A3: UK | B3: BE | C3: 651.7
A4: UK | B4: NL | C4: 0
A5: UK | B5: DE | C5: 0
A6: UK | B6: AT | C6: 0
A7: UK | B7: IT | C7: 0
A8: UK | B8: CH | C8: 0
A9: UK | B9: SI | C9: 0
A10: UK | B10: HR | C10: 0
A11: UK | B11: FR | C11: 0
A12: UK | B12: DK | C12: 0
A13: UK | B13: PL | C13: 0
... A1601: FI | B1601: FI | C1601: 0
