Workbook

Sheet Working gas (TWh) per operation
A1: Country / Status / WGV (TWh) | B1: operational | C1: under construction | D1: planned | E1: TOTAL
A2: Austria | B2: 95.18861 | E2: 95.18861
A3: Belgium | B3: 9.0013 | E3: 9.0013
A4: Bulgaria | B4: 5.8 | D4: 4.75 | E4: 10.55
A5: Croatia | B5: 5.2164 | D5: 0.285 | E5: 5.5014
A6: Czech Republic | B6: 43.13412 | C6: 0.842868 | D6: 0.43224 | E6: 44.409228
A7: Denmark | B7: 10.46 | E7: 10.46
A8: France | B8: 132.3 | D8: 4.1 | E8: 136.4
A9: Germany | B9: 260.52674 | D9: 5.8974633 | E9: 266.4242
A10: Greece | D10: 3.8605 | E10: 3.8605
A11: Hungary | B11: 69.632902 | E11: 69.632902
A12: Italy | B12: 195.36588 | C12: 8.5875947 | D12: 40.747984 | E12: 244.70146
A13: Latvia | B13: 24.2 | E13: 24.2
A14: Netherlands | B14: 144.5567 | E14: 144.5567
A15: Poland | B15: 38.4324 | C15: 0.69 | D15: 9 | E15: 48.1224
A16: Portugal | B16: 3.57 | C16: 0 | E16: 3.57
A17: Romania | B17: 32.99055 | D17: 12.528 | E17: 45.51855
A18: Slovakia | B18: 43.4476 | D18: 3.6057 | E18: 47.0533
A19: Spain | B19: 34.248 | E19: 34.248
A20: Sweden | B20: 0.0864 | E20: 0.0864
A21: EU | B21: 1148.1576 | C21: 10.120463 | D21: 85.206888 | E21: 1243.485
A22: Belarus | B22: 15.3196 | C22: 5.515 | E22: 20.8346
A23: Russian Federation | B23: 23.8248 | E23: 23.8248
A24: Serbia | B24: 4.5315 | E24: 4.5315
A25: Turkey | B25: 35.023934 | D25: 98.53 | E25: =SUM(B25:D25) -> 133.55393
A26: Ukraine | B26: 327.92 | E26: 327.92
A27: United Kingdom | B27: 17.4696 | C27: 0.3762 | D27: 35.3395 | E27: 53.1853
A28: Total non EU | B28: =SUM(B22:B27) -> 424.08943 | C28: =SUM(C22:C27) -> 5.8912 | D28: =SUM(D22:D27) -> 133.8695 | E28: =SUM(E22:E27) -> 563.85013
A29: TOTAL EUROPE | B29: =B28+B21 -> 1572.247 | C29: =C28+C21 -> 16.011663 | D29: =D28+D21 -> 219.07639 | E29: =E28+E21 -> 1807.3351

Sheet Working gas (TWh) per year
A1: Country / Status / WGV (TWh) | B1: operational | C1: 2024 | D1: future | E1: TOTAL
A2: Austria | B2: 95.18861 | E2: =SUM(B2:D2) -> 95.18861
A3: Belgium | B3: 9.0013 | E3: =SUM(B3:D3) -> 9.0013
A4: Bulgaria | B4: 5.8 | D4: 4.75 | E4: =SUM(B4:D4) -> 10.55
A5: Croatia | B5: 5.2164 | C5: 0.285 | E5: =SUM(B5:C5) -> 5.5014
A6: Czech Republic | B6: 43.13412 | C6: 0.842868 | D6: 0.43224 | E6: =SUM(B6:D6) -> 44.409228
A7: Denmark | B7: 10.46 | E7: =SUM(B7:D7) -> 10.46
A8: France | B8: 132.3 | C8: 2.96 | D8: 1.14 | E8: =SUM(B8:D8) -> 136.4
A9: Germany | B9: 260.52674 | D9: 5.8974633 | E9: =SUM(B9:D9) -> 266.4242
A10: Greece | C10: 3.8605 | E10: =SUM(B10:C10) -> 3.8605
A11: Hungary | B11: 69.632902 | E11: =SUM(B11:D11) -> 69.632902
A12: Italy | B12: 195.36588 | C12: 4.1358316 | D12: 45.199747 | E12: =SUM(B12:D12) -> 244.70146
A13: Latvia | B13: 24.2 | E13: =SUM(B13:D13) -> 24.2
A14: Netherlands | B14: 144.5567 | E14: =SUM(B14:D14) -> 144.5567
A15: Poland | B15: 38.4324 | D15: 9.69 | E15: =SUM(B15:D15) -> 48.1224
A16: Portugal | B16: 3.57 | C16: 0 | E16: =SUM(B16:D16) -> 3.57
A17: Romania | B17: 32.99055 | C17: 10.428 | D17: 2.1 | E17: =SUM(B17:D17) -> 45.51855
A18: Slovakia | B18: 43.4476 | D18: 3.6057 | E18: =SUM(B18:D18) -> 47.0533
A19: Spain | B19: 34.248 | E19: =SUM(B19:D19) -> 34.248
A20: Sweden | B20: 0.0864 | E20: =SUM(B20:D20) -> 0.0864
A21: EU | B21: =SUM(B2:B20) -> 1148.1576 | C21: =SUM(C2:C20) -> 22.5122 | D21: =SUM(D2:D20) -> 72.815151 | E21: =SUM(B21:D21) -> 1243.485
A22: Belarus | B22: not necessary
A23: Russian Federation | B23: not necessary
A24: Serbia | B24: 4.5315 | E24: 4.5315
A25: Turkey | B25: 35.023934 | C25: 47.88 | D25: 50.65 | E25: 78.263934
A26: Ukraine | B26: 327.92 | E26: 327.92
A27: United Kingdom | B27: 17.4696 | C27: 3.8 | D27: 31.9157 | E27: 17.4696
A28: Total non EU | B28: =SUM(B24:B27) -> 384.94503 | C28: =SUM(C24:C27) -> 51.68 | D28: =SUM(D24:D27) -> 82.5657 | E28: =SUM(E24:E27) -> 428.18503
A29: TOTAL EUROPE | B29: =B28+B21 -> 1533.1026 | C29: =C28+C21 -> 74.1922 | D29: =D28+D21 -> 155.38085 | E29: =E28+E21 -> 1671.67

Sheet Withdrawal (GWh per day)
A1: Country / Status / WGV (TWh) | B1: operational | C1: 2024 | D1: future
A2: Austria | B2: 1059.3016
A3: Belgium | B3: 40.3
A4: Bulgaria | B4: 5.8 | D4: 44.1
A5: Croatia | B5: 56.37 | C5: 27.36
A6: Czech Republic | B6: 706.832 | D6: 107.207
A7: Denmark | B7: 180.9
A8: France | B8: 2345.3 | C8: 155 | D8: 91.2
A9: Germany | B9: =SUM('[1]Storage DB '!$U$70:$U$137)-SUM('[1]Storage DB '!$U$70:$U$72)-'[1]Storage DB '!$U$82-'[1]Storage DB '!$U$93-'[1]Storage DB '!$U$132 -> 7613.9433 | D9: 187.68
A10: Greece | C10: 44.12
A11: Hungary | B11: 839.71
A12: Italy | B12: 2795.088 | C12: ='[1]Storage DB '!$U$162+'[1]Storage DB '!$U$157 -> 103.44366 | D12: 285.30273
A13: Latvia | B13: 316
A14: Netherlands | B14: 2950.023
A15: Poland | B15: 627.03997 | D15: 200
A16: Portugal | B16: 71.4
A17: Romania | B17: 343.1 | C17: 69.17 | D17: 15.78
A18: Slovakia | B18: 491.558 | D18: 39.8
A19: Spain | B19: 200.48
A20: Sweden | B20: 8.14
A21: EU | B21: =SUM(B2:B20) -> 20651.286 | C21: =SUM(C2:C20) -> 399.09366 | D21: =SUM(D2:D20) -> 971.06973
A22: Belarus | B22: not necessary
A23: Russian Federation | B23: not necessary
A24: Serbia | B24: 50.35
A25: Turkey | B25: 182.4 | C25: 182.4 | D25: 182.4
A26: Ukraine | B26: 2755.76
A27: United Kingdom | B27: 1186.453 | C27: 167.2 | D27: 731.488
A28: Total non EU | B28: =SUM(B24:B27) -> 4174.963 | C28: =SUM(C24:C27) -> 349.6 | D28: =SUM(D24:D27) -> 913.888
A29: TOTAL EUROPE | B29: =B28+B21 -> 24826.249 | C29: =C28+C21 -> 748.69366 | D29: =D28+D21 -> 1884.9577

Sheet Withdrawal (GWh per hour)
A1: Country / Status / WGV (TWh) | B1: operational | C1: 2024 | D1: future
A2: Austria | B2: ='Withdrawal (GWh per day)'!B2/24 -> 44.137567 | C2: ='Withdrawal (GWh per day)'!C2/24 -> 0 | D2: ='Withdrawal (GWh per day)'!D2/24 -> 0
A3: Belgium | B3: ='Withdrawal (GWh per day)'!B3/24 -> 1.6791667 | C3: ='Withdrawal (GWh per day)'!C3/24 -> 0 | D3: ='Withdrawal (GWh per day)'!D3/24 -> 0
A4: Bulgaria | B4: ='Withdrawal (GWh per day)'!B4/24 -> 0.24166667 | C4: ='Withdrawal (GWh per day)'!C4/24 -> 0 | D4: ='Withdrawal (GWh per day)'!D4/24 -> 1.8375
A5: Croatia | B5: ='Withdrawal (GWh per day)'!B5/24 -> 2.34875 | C5: ='Withdrawal (GWh per day)'!C5/24 -> 1.14 | D5: ='Withdrawal (GWh per day)'!D5/24 -> 0
A6: Czech Republic | B6: ='Withdrawal (GWh per day)'!B6/24 -> 29.451333 | C6: ='Withdrawal (GWh per day)'!C6/24 -> 0 | D6: ='Withdrawal (GWh per day)'!D6/24 -> 4.4669583
A7: Denmark | B7: ='Withdrawal (GWh per day)'!B7/24 -> 7.5375 | C7: ='Withdrawal (GWh per day)'!C7/24 -> 0 | D7: ='Withdrawal (GWh per day)'!D7/24 -> 0
A8: France | B8: ='Withdrawal (GWh per day)'!B8/24 -> 97.720833 | C8: ='Withdrawal (GWh per day)'!C8/24 -> 6.4583333 | D8: ='Withdrawal (GWh per day)'!D8/24 -> 3.8
A9: Germany | B9: ='Withdrawal (GWh per day)'!B9/24 -> 317.24764 | C9: ='Withdrawal (GWh per day)'!C9/24 -> 0 | D9: ='Withdrawal (GWh per day)'!D9/24 -> 7.82
A10: Greece | B10: ='Withdrawal (GWh per day)'!B10/24 -> 0 | C10: ='Withdrawal (GWh per day)'!C10/24 -> 1.8383333 | D10: ='Withdrawal (GWh per day)'!D10/24 -> 0
A11: Hungary | B11: ='Withdrawal (GWh per day)'!B11/24 -> 34.987917 | C11: ='Withdrawal (GWh per day)'!C11/24 -> 0 | D11: ='Withdrawal (GWh per day)'!D11/24 -> 0
A12: Italy | B12: ='Withdrawal (GWh per day)'!B12/24 -> 116.462 | C12: ='Withdrawal (GWh per day)'!C12/24 -> 4.3101524 | D12: ='Withdrawal (GWh per day)'!D12/24 -> 11.887614
A13: Latvia | B13: ='Withdrawal (GWh per day)'!B13/24 -> 13.166667 | C13: ='Withdrawal (GWh per day)'!C13/24 -> 0 | D13: ='Withdrawal (GWh per day)'!D13/24 -> 0
... A21: EU | B21: ='Withdrawal (GWh per day)'!B21/24 -> 860.47024 | C21: ='Withdrawal (GWh per day)'!C21/24 -> 16.628902 | D21: ='Withdrawal (GWh per day)'!D21/24 -> 40.461239
A22: Belarus | B22: not necessary
A23: Russian Federation | B23: not necessary
A24: Serbia | B24: ='Withdrawal (GWh per day)'!B24/24 -> 2.0979167 | C24: ='Withdrawal (GWh per day)'!C24/24 -> 0 | D24: ='Withdrawal (GWh per day)'!D24/24 -> 0
A25: Turkey | B25: ='Withdrawal (GWh per day)'!B25/24 -> 7.6 | C25: ='Withdrawal (GWh per day)'!C25/24 -> 7.6 | D25: ='Withdrawal (GWh per day)'!D25/24 -> 7.6
A26: Ukraine | B26: ='Withdrawal (GWh per day)'!B26/24 -> 114.82333 | C26: ='Withdrawal (GWh per day)'!C26/24 -> 0 | D26: ='Withdrawal (GWh per day)'!D26/24 -> 0
A27: United Kingdom | B27: ='Withdrawal (GWh per day)'!B27/24 -> 49.435542 | C27: ='Withdrawal (GWh per day)'!C27/24 -> 6.9666667 | D27: ='Withdrawal (GWh per day)'!D27/24 -> 30.478667
A28: Total non EU | B28: ='Withdrawal (GWh per day)'!B28/24 -> 173.95679 | C28: ='Withdrawal (GWh per day)'!C28/24 -> 14.566667 | D28: ='Withdrawal (GWh per day)'!D28/24 -> 38.078667
A29: TOTAL EUROPE | B29: ='Withdrawal (GWh per day)'!B29/24 -> 1034.427 | C29: ='Withdrawal (GWh per day)'!C29/24 -> 31.195569 | D29: ='Withdrawal (GWh per day)'!D29/24 -> 78.539905

Sheet source
A1: https://www.gie.eu/transparency/databases/storage-database/
